epoch,step,loss
1,1,5.51809549331665
1,2,5.4324421882629395
1,3,5.385312080383301
1,4,5.32846736907959
1,5,5.283148765563965
1,6,5.180528163909912
1,7,5.06342887878418
1,8,5.043033599853516
1,9,5.045176029205322
1,10,4.997580528259277
1,11,5.141985893249512
1,12,5.142966270446777
1,13,5.051102638244629
1,14,5.095060348510742
1,15,5.167666435241699
1,16,5.149590492248535
1,17,5.044464588165283
1,18,5.079503536224365
1,19,5.056147575378418
1,20,4.951981544494629
1,21,4.972293853759766
1,22,5.0237274169921875
1,23,4.9377241134643555
1,24,4.978374004364014
1,25,5.047374725341797
1,26,4.7588982582092285
1,27,4.933088302612305
1,28,4.974483013153076
1,29,4.843135833740234
1,30,4.929592132568359
1,31,4.967475891113281
1,32,4.89588737487793
1,33,4.886709690093994
1,34,5.007927894592285
1,35,4.9168901443481445
1,36,4.767208099365234
1,37,4.770598888397217
1,38,4.980020046234131
1,39,4.786197662353516
1,40,4.826867580413818
1,41,4.8236799240112305
1,42,4.847143173217773
1,43,4.853198051452637
1,44,4.913263320922852
1,45,4.754161834716797
1,46,4.741043567657471
1,47,4.761329650878906
1,48,4.832160949707031
1,49,4.905984878540039
1,50,4.784128189086914
1,51,4.868873119354248
1,52,4.875683784484863
1,53,4.691062927246094
1,54,4.762627601623535
1,55,4.818503379821777
1,56,4.90268087387085
1,57,4.8329315185546875
1,58,4.734304428100586
1,59,4.841861724853516
1,60,4.757064342498779
1,61,4.710845947265625
1,62,4.73919677734375
1,63,4.738156795501709
1,64,4.838048458099365
1,65,4.7481536865234375
1,66,4.742239952087402
1,67,4.750909805297852
1,68,4.821926593780518
1,69,4.633786678314209
1,70,4.654762268066406
1,71,4.839651107788086
1,72,4.8331499099731445
1,73,4.698915004730225
1,74,4.7489013671875
1,75,4.706058502197266
1,76,4.774216651916504
1,77,4.790619373321533
1,78,4.65329647064209
1,79,4.6762495040893555
1,80,4.7652177810668945
1,81,4.7785491943359375
1,82,4.662917137145996
1,83,4.610320568084717
1,84,4.6465044021606445
1,85,4.742652893066406
1,86,4.695373058319092
1,87,4.755748271942139
1,88,4.689637184143066
1,89,4.482728958129883
1,90,4.649155139923096
1,91,4.711306095123291
1,92,4.575987815856934
1,93,4.6985249519348145
1,94,4.735442161560059
1,95,4.699976921081543
1,96,4.728243350982666
1,97,4.580174922943115
1,98,4.7234697341918945
1,99,4.703354835510254
1,100,4.6962761878967285
1,101,4.677145481109619
1,102,4.71396017074585
1,103,4.667132377624512
1,104,4.63036584854126
1,105,4.642041206359863
1,106,4.586812496185303
1,107,4.649069786071777
1,108,4.63066291809082
1,109,4.797929763793945
1,110,4.619114875793457
1,111,4.660698413848877
1,112,4.643781661987305
1,113,4.728242874145508
1,114,4.674905776977539
1,115,4.657450199127197
1,116,4.706883430480957
1,117,4.619009017944336
1,118,4.599913597106934
1,119,4.577062606811523
1,120,4.554994583129883
1,121,4.587140083312988
1,122,4.596120357513428
1,123,4.778659820556641
1,124,4.765218257904053
1,125,4.6144890785217285
1,126,4.594034671783447
1,127,4.70297908782959
1,128,4.63456916809082
1,129,4.621317386627197
1,130,4.525666236877441
1,131,4.667322158813477
1,132,4.687455177307129
1,133,4.573147773742676
1,134,4.690376281738281
1,135,4.6031575202941895
1,136,4.583836555480957
1,137,4.615265846252441
1,138,4.683892250061035
1,139,4.664538383483887
1,140,4.569089889526367
1,141,4.606511116027832
1,142,4.565631866455078
1,143,4.5722551345825195
1,144,4.719205856323242
1,145,4.52924108505249
1,146,4.577140808105469
1,147,4.7313995361328125
1,148,4.638704776763916
1,149,4.604546070098877
1,150,4.572124481201172
1,151,4.570574760437012
1,152,4.501917839050293
1,153,4.518579006195068
1,154,4.608259201049805
1,155,4.492304801940918
1,156,4.599195957183838
1,157,4.628166198730469
1,158,4.6337127685546875
1,159,4.586402416229248
1,160,4.517946243286133
1,161,4.568614959716797
1,162,4.762668609619141
1,163,4.602889060974121
1,164,4.645752906799316
1,165,4.500547885894775
1,166,4.665387153625488
1,167,4.590058326721191
1,168,4.572300910949707
1,169,4.596081733703613
1,170,4.485686779022217
1,171,4.759913444519043
1,172,4.556522369384766
1,173,4.647265434265137
1,174,4.644009590148926
1,175,4.595060348510742
1,176,4.621881484985352
1,177,4.550226211547852
1,178,4.5137176513671875
1,179,4.495290756225586
1,180,4.54774284362793
1,181,4.635556221008301
1,182,4.61955451965332
1,183,4.502403259277344
1,184,4.626986026763916
1,185,4.560290336608887
1,186,4.504851341247559
1,187,4.60275411605835
1,188,4.548599720001221
1,189,4.523819923400879
1,190,4.633950233459473
1,191,4.487138748168945
1,192,4.61432409286499
1,193,4.605185031890869
1,194,4.492683410644531
1,195,4.600359916687012
1,196,4.627143859863281
1,197,4.541723251342773
1,198,4.57485294342041
1,199,4.663749694824219
1,200,4.59229850769043
1,201,4.577007293701172
1,202,4.590663909912109
1,203,4.6003499031066895
1,204,4.619956016540527
1,205,4.595847129821777
1,206,4.533878326416016
1,207,4.59621524810791
1,208,4.506875514984131
1,209,4.540981769561768
1,210,4.526827812194824
1,211,4.472326755523682
1,212,4.5019049644470215
1,213,4.512445449829102
1,214,4.5391340255737305
1,215,4.531742095947266
1,216,4.544239044189453
1,217,4.496467590332031
1,218,4.554075717926025
1,219,4.5229411125183105
1,220,4.578818321228027
1,221,4.6526899337768555
1,222,4.515840530395508
1,223,4.483958721160889
1,224,4.546792507171631
1,225,4.465583324432373
1,226,4.520170211791992
1,227,4.5336527824401855
1,228,4.542179107666016
1,229,4.568159580230713
1,230,4.4550251960754395
1,231,4.424681663513184
1,232,4.501835823059082
1,233,4.562871932983398
1,234,4.633886337280273
1,235,4.576719760894775
1,236,4.436336994171143
1,237,4.460041046142578
1,238,4.480484962463379
1,239,4.478748321533203
1,240,4.547651290893555
1,241,4.441007614135742
1,242,4.511214733123779
1,243,4.4257588386535645
1,244,4.460755348205566
1,245,4.439306259155273
1,246,4.468998908996582
1,247,4.601530075073242
1,248,4.575538635253906
1,249,4.574615478515625
1,250,4.480874061584473
1,251,4.506044864654541
1,252,4.499019622802734
1,253,4.498722076416016
1,254,4.532563209533691
1,255,4.5208024978637695
1,256,4.46309232711792
1,257,4.559013843536377
1,258,4.619041919708252
1,259,4.46961784362793
1,260,4.517851829528809
1,261,4.540104389190674
1,262,4.570796966552734
1,263,4.4453535079956055
1,264,4.411392688751221
1,265,4.548882961273193
1,266,4.395408630371094
1,267,4.532964706420898
1,268,4.445003509521484
1,269,4.46034049987793
1,270,4.53349494934082
1,271,4.529561519622803
1,272,4.57553243637085
1,273,4.571741104125977
1,274,4.468688011169434
1,275,4.442628860473633
1,276,4.480102062225342
1,277,4.4714860916137695
1,278,4.470521450042725
1,279,4.49601936340332
1,280,4.399674415588379
1,281,4.490846633911133
1,282,4.513286590576172
1,283,4.474767684936523
1,284,4.458330154418945
1,285,4.459346294403076
1,286,4.491441249847412
1,287,4.441830635070801
1,288,4.469265937805176
1,289,4.486111640930176
1,290,4.509108543395996
1,291,4.491087436676025
1,292,4.383559226989746
1,293,4.471005439758301
1,294,4.452138423919678
1,295,4.525297164916992
1,296,4.4569549560546875
1,297,4.395183563232422
1,298,4.545995712280273
1,299,4.533076763153076
1,300,4.415475368499756
1,301,4.454616069793701
1,302,4.4782209396362305
1,303,4.466804027557373
1,304,4.47877836227417
1,305,4.511949062347412
1,306,4.589199542999268
1,307,4.5105156898498535
1,308,4.554986476898193
1,309,4.369751453399658
1,310,4.456905364990234
1,311,4.490309715270996
1,312,4.481734275817871
1,313,4.468564987182617
1,314,4.473134517669678
1,315,4.484952926635742
1,316,4.437440395355225
1,317,4.419498443603516
1,318,4.447632789611816
1,319,4.480589866638184
1,320,4.512698173522949
1,321,4.393345832824707
1,322,4.485543251037598
1,323,4.504330635070801
1,324,4.428071975708008
1,325,4.523233413696289
1,326,4.453525543212891
1,327,4.4550652503967285
1,328,4.4826884269714355
1,329,4.582857131958008
1,330,4.509561538696289
1,331,4.530343055725098
1,332,4.4609479904174805
1,333,4.510079860687256
1,334,4.385672092437744
1,335,4.453156471252441
1,336,4.409510135650635
1,337,4.452688217163086
1,338,4.482348442077637
1,339,4.540622234344482
1,340,4.537837982177734
1,341,4.520400047302246
1,342,4.494345664978027
1,343,4.46847677230835
1,344,4.436227321624756
1,345,4.429931640625
1,346,4.403149604797363
1,347,4.485471725463867
1,348,4.524721145629883
1,349,4.42112922668457
1,350,4.352684020996094
1,351,4.525554180145264
1,352,4.430272102355957
1,353,4.492584228515625
1,354,4.4501848220825195
1,355,4.429152488708496
1,356,4.458320140838623
1,357,4.51125431060791
1,358,4.433017253875732
1,359,4.461511611938477
1,360,4.446246147155762
1,361,4.4394330978393555
1,362,4.454524993896484
1,363,4.378273963928223
1,364,4.54282283782959
1,365,4.386752128601074
1,366,4.50149393081665
1,367,4.509189605712891
1,368,4.49005126953125
1,369,4.416403293609619
1,370,4.447407245635986
1,371,4.469902515411377
1,372,4.367847919464111
1,373,4.55681037902832
1,374,4.5244598388671875
1,375,4.449213981628418
1,376,4.4141950607299805
1,377,4.46274471282959
1,378,4.4739460945129395
1,379,4.4809980392456055
1,380,4.443965911865234
1,381,4.476302146911621
1,382,4.462193012237549
1,383,4.481224060058594
1,384,4.443645477294922
1,385,4.443428993225098
1,386,4.401094436645508
1,387,4.46864128112793
1,388,4.507940292358398
1,389,4.50716495513916
1,390,4.420254707336426
2,391,4.434438705444336
2,392,4.416672706604004
2,393,4.4858198165893555
2,394,4.4803266525268555
2,395,4.420046806335449
2,396,4.429420471191406
2,397,4.529202461242676
2,398,4.515901565551758
2,399,4.434236526489258
2,400,4.409296035766602
2,401,4.4828081130981445
2,402,4.487804412841797
2,403,4.3815507888793945
2,404,4.438397407531738
2,405,4.3983845710754395
2,406,4.446307182312012
2,407,4.466372966766357
2,408,4.44651985168457
2,409,4.501145362854004
2,410,4.4657697677612305
2,411,4.437444686889648
2,412,4.458217620849609
2,413,4.488912582397461
2,414,4.532776355743408
2,415,4.401911735534668
2,416,4.449892520904541
2,417,4.4231276512146
2,418,4.351613998413086
2,419,4.409257888793945
2,420,4.385678291320801
2,421,4.416143417358398
2,422,4.447567939758301
2,423,4.414071559906006
2,424,4.445681571960449
2,425,4.435821056365967
2,426,4.4339141845703125
2,427,4.446108818054199
2,428,4.373452186584473
2,429,4.339247703552246
2,430,4.4251508712768555
2,431,4.435545921325684
2,432,4.438383102416992
2,433,4.411075592041016
2,434,4.3875532150268555
2,435,4.426105976104736
2,436,4.413605213165283
2,437,4.444607257843018
2,438,4.405581474304199
2,439,4.413860321044922
2,440,4.4143900871276855
2,441,4.390800476074219
2,442,4.462791442871094
2,443,4.343391418457031
2,444,4.4632062911987305
2,445,4.370713710784912
2,446,4.4009599685668945
2,447,4.356322765350342
2,448,4.333331108093262
2,449,4.413376331329346
2,450,4.485363960266113
2,451,4.354865074157715
2,452,4.369849681854248
2,453,4.419431686401367
2,454,4.396864414215088
2,455,4.409958362579346
2,456,4.525794506072998
2,457,4.398809909820557
2,458,4.431797504425049
2,459,4.391440391540527
2,460,4.400579452514648
2,461,4.339680194854736
2,462,4.400783538818359
2,463,4.36652946472168
2,464,4.394516468048096
2,465,4.379958629608154
2,466,4.437731742858887
2,467,4.478705883026123
2,468,4.430176734924316
2,469,4.479199409484863
2,470,4.3964762687683105
2,471,4.405993461608887
2,472,4.400123596191406
2,473,4.415769577026367
2,474,4.345921516418457
2,475,4.400814533233643
2,476,4.385959148406982
2,477,4.428929328918457
2,478,4.454137802124023
2,479,4.352535247802734
2,480,4.447597026824951
2,481,4.410898208618164
2,482,4.476367473602295
2,483,4.380854606628418
2,484,4.498990535736084
2,485,4.386806488037109
2,486,4.291705131530762
2,487,4.374902725219727
2,488,4.444757461547852
2,489,4.400216102600098
2,490,4.380857467651367
2,491,4.351683616638184
2,492,4.294468879699707
2,493,4.32944393157959
2,494,4.374566078186035
2,495,4.411670684814453
2,496,4.420901298522949
2,497,4.391728401184082
2,498,4.374172210693359
2,499,4.364360332489014
2,500,4.448227882385254
2,501,4.417829513549805
2,502,4.4442853927612305
2,503,4.363961219787598
2,504,4.324391841888428
2,505,4.456580638885498
2,506,4.327861785888672
2,507,4.375698089599609
2,508,4.328155517578125
2,509,4.318548202514648
2,510,4.346139907836914
2,511,4.34779167175293
2,512,4.382258892059326
2,513,4.412710189819336
2,514,4.381361961364746
2,515,4.376953125
2,516,4.403859615325928
2,517,4.326148509979248
2,518,4.3884358406066895
2,519,4.4570112228393555
2,520,4.446358680725098
2,521,4.383326053619385
2,522,4.50861930847168
2,523,4.408222198486328
2,524,4.444246768951416
2,525,4.304115295410156
2,526,4.402532577514648
2,527,4.442591667175293
2,528,4.372445583343506
2,529,4.431307792663574
2,530,4.3764495849609375
2,531,4.360955238342285
2,532,4.3714799880981445
2,533,4.346440315246582
2,534,4.3596673011779785
2,535,4.3898234367370605
2,536,4.324938774108887
2,537,4.386660575866699
2,538,4.383285045623779
2,539,4.397866249084473
2,540,4.48233699798584
2,541,4.428458213806152
2,542,4.378176689147949
2,543,4.399015426635742
2,544,4.311567783355713
2,545,4.331489086151123
2,546,4.3718719482421875
2,547,4.485322952270508
2,548,4.337562561035156
2,549,4.369548797607422
2,550,4.351329803466797
2,551,4.401004791259766
2,552,4.442392349243164
2,553,4.369263648986816
2,554,4.288799285888672
2,555,4.331911087036133
2,556,4.424060821533203
2,557,4.4223480224609375
2,558,4.381235122680664
2,559,4.436324119567871
2,560,4.3563313484191895
2,561,4.382482528686523
2,562,4.374576568603516
2,563,4.421599388122559
2,564,4.410815238952637
2,565,4.334212779998779
2,566,4.425579071044922
2,567,4.41109037399292
2,568,4.397550582885742
2,569,4.458320617675781
2,570,4.451091289520264
2,571,4.331389427185059
2,572,4.310357570648193
2,573,4.4180827140808105
2,574,4.3888726234436035
2,575,4.468075275421143
2,576,4.436126708984375
2,577,4.393200874328613
2,578,4.350654602050781
2,579,4.400937080383301
2,580,4.371580123901367
2,581,4.34916877746582
2,582,4.35814905166626
2,583,4.3603668212890625
2,584,4.433419227600098
2,585,4.370697498321533
2,586,4.425720691680908
2,587,4.346006393432617
2,588,4.2723493576049805
2,589,4.436606407165527
2,590,4.396573066711426
2,591,4.434272766113281
2,592,4.336495399475098
2,593,4.347474098205566
2,594,4.416715145111084
2,595,4.420752048492432
2,596,4.339001655578613
2,597,4.388457775115967
2,598,4.3300676345825195
2,599,4.353494644165039
2,600,4.338208198547363
2,601,4.498569965362549
2,602,4.304166316986084
2,603,4.345534324645996
2,604,4.3611860275268555
2,605,4.380020618438721
2,606,4.435120105743408
2,607,4.425388813018799
2,608,4.381194114685059
2,609,4.30274772644043
2,610,4.317004203796387
2,611,4.308380126953125
2,612,4.446807384490967
2,613,4.4291253089904785
2,614,4.362820625305176
2,615,4.415895462036133
2,616,4.313748836517334
2,617,4.348320960998535
2,618,4.300295829772949
2,619,4.300817489624023
2,620,4.365065574645996
2,621,4.288984298706055
2,622,4.4285759925842285
2,623,4.345366954803467
2,624,4.3669962882995605
2,625,4.25864839553833
2,626,4.387458801269531
2,627,4.302328586578369
2,628,4.331032752990723
2,629,4.386768817901611
2,630,4.423056602478027
2,631,4.329070091247559
2,632,4.2849578857421875
2,633,4.270323276519775
2,634,4.3890228271484375
2,635,4.3480658531188965
2,636,4.380029678344727
2,637,4.234597206115723
2,638,4.31464958190918
2,639,4.368955612182617
2,640,4.3492751121521
2,641,4.292252540588379
2,642,4.37255334854126
2,643,4.3337812423706055
2,644,4.323623180389404
2,645,4.344669342041016
2,646,4.380170822143555
2,647,4.347114562988281
2,648,4.329188823699951
2,649,4.311464309692383
2,650,4.335097789764404
2,651,4.344274520874023
2,652,4.3540754318237305
2,653,4.4530792236328125
2,654,4.317580223083496
2,655,4.391256332397461
2,656,4.3101701736450195
2,657,4.36301326751709
2,658,4.356945037841797
2,659,4.370725631713867
2,660,4.37672233581543
2,661,4.341769218444824
2,662,4.377764701843262
2,663,4.322019577026367
2,664,4.350710391998291
2,665,4.454395771026611
2,666,4.3973917961120605
2,667,4.4482741355896
2,668,4.317750930786133
2,669,4.2906694412231445
2,670,4.420867919921875
2,671,4.364862442016602
2,672,4.423497200012207
2,673,4.341151237487793
2,674,4.3120222091674805
2,675,4.396416664123535
2,676,4.356162071228027
2,677,4.392124652862549
2,678,4.335494041442871
2,679,4.28895902633667
2,680,4.38568115234375
2,681,4.376247406005859
2,682,4.362197399139404
2,683,4.360539436340332
2,684,4.367892265319824
2,685,4.375293731689453
2,686,4.338809013366699
2,687,4.385509490966797
2,688,4.365557670593262
2,689,4.3382978439331055
2,690,4.310349941253662
2,691,4.368908882141113
2,692,4.285645484924316
2,693,4.3271074295043945
2,694,4.361042022705078
2,695,4.349999904632568
2,696,4.342708587646484
2,697,4.348498344421387
2,698,4.360651016235352
2,699,4.328368186950684
2,700,4.370180606842041
2,701,4.2695441246032715
2,702,4.341325283050537
2,703,4.323993682861328
2,704,4.376748085021973
2,705,4.372047424316406
2,706,4.350612640380859
2,707,4.32184362411499
2,708,4.370650291442871
2,709,4.3545122146606445
2,710,4.39278507232666
2,711,4.3293585777282715
2,712,4.379132270812988
2,713,4.366555690765381
2,714,4.308558940887451
2,715,4.340482711791992
2,716,4.409398555755615
2,717,4.359622478485107
2,718,4.284883975982666
2,719,4.336565017700195
2,720,4.374118804931641
2,721,4.367522239685059
2,722,4.316168785095215
2,723,4.343988418579102
2,724,4.346896648406982
2,725,4.3190999031066895
2,726,4.335144996643066
2,727,4.307237148284912
2,728,4.390759468078613
2,729,4.3004608154296875
2,730,4.401547431945801
2,731,4.429617881774902
2,732,4.360865592956543
2,733,4.3246331214904785
2,734,4.342327117919922
2,735,4.3724493980407715
2,736,4.2708539962768555
2,737,4.287652969360352
2,738,4.427547931671143
2,739,4.402498722076416
2,740,4.351315021514893
2,741,4.355547904968262
2,742,4.303662300109863
2,743,4.398078918457031
2,744,4.270203113555908
2,745,4.34744930267334
2,746,4.363598346710205
2,747,4.257297039031982
2,748,4.306960105895996
2,749,4.332483768463135
2,750,4.317074775695801
2,751,4.3854146003723145
2,752,4.317927837371826
2,753,4.351927280426025
2,754,4.336822509765625
2,755,4.31133508682251
2,756,4.312131404876709
2,757,4.358715057373047
2,758,4.344101905822754
2,759,4.283949375152588
2,760,4.322509765625
2,761,4.346205711364746
2,762,4.273459434509277
2,763,4.295415878295898
2,764,4.326840400695801
2,765,4.340977191925049
2,766,4.279950141906738
2,767,4.374206066131592
2,768,4.371913909912109
2,769,4.320418357849121
2,770,4.2364373207092285
2,771,4.326183319091797
2,772,4.3240814208984375
2,773,4.319337844848633
2,774,4.332430362701416
2,775,4.279439926147461
2,776,4.346870422363281
2,777,4.310933589935303
2,778,4.366231441497803
2,779,4.2322096824646
2,780,4.380829334259033
3,781,4.298100471496582
3,782,4.30607795715332
3,783,4.357100486755371
3,784,4.288878917694092
3,785,4.392229080200195
3,786,4.314296245574951
3,787,4.301494121551514
3,788,4.285736083984375
3,789,4.298890113830566
3,790,4.334436416625977
3,791,4.330996036529541
3,792,4.320252418518066
3,793,4.323858261108398
3,794,4.317892074584961
3,795,4.338013648986816
3,796,4.26879358291626
3,797,4.365164756774902
3,798,4.360886573791504
3,799,4.299294948577881
3,800,4.405609130859375
3,801,4.342313766479492
3,802,4.312134265899658
3,803,4.329771995544434
3,804,4.258042335510254
3,805,4.295171737670898
3,806,4.424177169799805
3,807,4.337553024291992
3,808,4.369679927825928
3,809,4.280114650726318
3,810,4.355844020843506
3,811,4.27574348449707
3,812,4.2904863357543945
3,813,4.2914886474609375
3,814,4.31971549987793
3,815,4.319910049438477
3,816,4.251134872436523
3,817,4.2902421951293945
3,818,4.250298500061035
3,819,4.329771995544434
3,820,4.294455051422119
3,821,4.429162979125977
3,822,4.32615852355957
3,823,4.359417915344238
3,824,4.324005603790283
3,825,4.276278972625732
3,826,4.312211990356445
3,827,4.276008605957031
3,828,4.296689033508301
3,829,4.331910133361816
3,830,4.270391941070557
3,831,4.3429083824157715
3,832,4.3658857345581055
3,833,4.257517337799072
3,834,4.322487831115723
3,835,4.352899074554443
3,836,4.346846580505371
3,837,4.30063533782959
3,838,4.214750289916992
3,839,4.290962219238281
3,840,4.327622890472412
3,841,4.299463272094727
3,842,4.356283187866211
3,843,4.285033702850342
3,844,4.268560409545898
3,845,4.280259132385254
3,846,4.35992431640625
3,847,4.329174995422363
3,848,4.335418224334717
3,849,4.36602783203125
3,850,4.403329849243164
3,851,4.30281400680542
3,852,4.282412052154541
3,853,4.40019416809082
3,854,4.278883934020996
3,855,4.29847526550293
3,856,4.300474643707275
3,857,4.27213191986084
3,858,4.314034938812256
3,859,4.321404457092285
3,860,4.297440528869629
3,861,4.302115440368652
3,862,4.290228843688965
3,863,4.235780715942383
3,864,4.33232307434082
3,865,4.405348777770996
3,866,4.315615177154541
3,867,4.315453052520752
3,868,4.318964004516602
3,869,4.373065948486328
3,870,4.300331115722656
3,871,4.295902252197266
3,872,4.3260955810546875
3,873,4.23390007019043
3,874,4.235008239746094
3,875,4.354517936706543
3,876,4.239871978759766
3,877,4.383695602416992
3,878,4.30947208404541
3,879,4.324834823608398
3,880,4.2231526374816895
3,881,4.318239688873291
3,882,4.264116287231445
3,883,4.279450416564941
3,884,4.255237579345703
3,885,4.284101963043213
3,886,4.441704273223877
3,887,4.3437676429748535
3,888,4.336734294891357
3,889,4.344628810882568
3,890,4.309197425842285
3,891,4.240734577178955
3,892,4.278755187988281
3,893,4.3107099533081055
3,894,4.235265731811523
3,895,4.309952735900879
3,896,4.276275157928467
3,897,4.327177047729492
3,898,4.307979106903076
3,899,4.249811172485352
3,900,4.266913414001465
3,901,4.34351921081543
3,902,4.300476551055908
3,903,4.291784763336182
3,904,4.392744064331055
3,905,4.286408424377441
3,906,4.332546234130859
3,907,4.27781343460083
3,908,4.334973335266113
3,909,4.329339981079102
3,910,4.264750003814697
3,911,4.338187217712402
3,912,4.293307304382324
3,913,4.286332607269287
3,914,4.35777473449707
3,915,4.221103668212891
3,916,4.2588067054748535
3,917,4.267856597900391
3,918,4.311445713043213
3,919,4.270243167877197
3,920,4.2805280685424805
3,921,4.232826232910156
3,922,4.320940017700195
3,923,4.308475017547607
3,924,4.316282272338867
3,925,4.304410934448242
3,926,4.246707916259766
3,927,4.281493186950684
3,928,4.329899787902832
3,929,4.2261762619018555
3,930,4.390064716339111
3,931,4.286040782928467
3,932,4.306267738342285
3,933,4.384815216064453
3,934,4.393851280212402
3,935,4.337470531463623
3,936,4.260256290435791
3,937,4.281445503234863
3,938,4.2861647605896
3,939,4.306069850921631
3,940,4.32485294342041
3,941,4.272529125213623
3,942,4.220330238342285
3,943,4.357938289642334
3,944,4.241497039794922
3,945,4.233809471130371
3,946,4.309330463409424
3,947,4.240689754486084
3,948,4.3328986167907715
3,949,4.255401134490967
3,950,4.301889419555664
3,951,4.304157257080078
3,952,4.362356185913086
3,953,4.266132354736328
3,954,4.266385078430176
3,955,4.315620422363281
3,956,4.253194808959961
3,957,4.2431182861328125
3,958,4.285970211029053
3,959,4.234093189239502
3,960,4.271225452423096
3,961,4.27926778793335
3,962,4.281337738037109
3,963,4.254632949829102
3,964,4.3509650230407715
3,965,4.329497337341309
3,966,4.304973602294922
3,967,4.352510452270508
3,968,4.281208515167236
3,969,4.235562801361084
3,970,4.302299499511719
3,971,4.307948589324951
3,972,4.284208297729492
3,973,4.286197662353516
3,974,4.309925079345703
3,975,4.261603832244873
3,976,4.243940830230713
3,977,4.336977005004883
3,978,4.23799467086792
3,979,4.292018413543701
3,980,4.285504341125488
3,981,4.260152339935303
3,982,4.213506698608398
3,983,4.295166492462158
3,984,4.298827171325684
3,985,4.257668495178223
3,986,4.30275821685791
3,987,4.33109712600708
3,988,4.278951644897461
3,989,4.297059059143066
3,990,4.317310333251953
3,991,4.33857536315918
3,992,4.360199928283691
3,993,4.284107208251953
3,994,4.253986358642578
3,995,4.258769989013672
3,996,4.3002028465271
3,997,4.301136016845703
3,998,4.310790061950684
3,999,4.242673873901367
3,1000,4.210919380187988
3,1001,4.287263870239258
3,1002,4.3169074058532715
3,1003,4.278860092163086
3,1004,4.211945533752441
3,1005,4.201992988586426
3,1006,4.242650032043457
3,1007,4.2866740226745605
3,1008,4.258191108703613
3,1009,4.280475616455078
3,1010,4.372601509094238
3,1011,4.323326110839844
3,1012,4.284834861755371
3,1013,4.249716758728027
3,1014,4.339884281158447
3,1015,4.173751354217529
3,1016,4.262857437133789
3,1017,4.308865547180176
3,1018,4.298306941986084
3,1019,4.303626537322998
3,1020,4.290413856506348
3,1021,4.271491050720215
3,1022,4.347178936004639
3,1023,4.2886738777160645
3,1024,4.343816757202148
3,1025,4.2707672119140625
3,1026,4.3293023109436035
3,1027,4.179775238037109
3,1028,4.279631614685059
3,1029,4.337761878967285
3,1030,4.2784953117370605
3,1031,4.262275695800781
3,1032,4.220531940460205
3,1033,4.310391426086426
3,1034,4.2981367111206055
3,1035,4.271799087524414
3,1036,4.244693279266357
3,1037,4.301807403564453
3,1038,4.316985130310059
3,1039,4.316957950592041
3,1040,4.303359031677246
3,1041,4.344943046569824
3,1042,4.249863624572754
3,1043,4.295987606048584
3,1044,4.2939581871032715
3,1045,4.267528533935547
3,1046,4.27177095413208
3,1047,4.253216743469238
3,1048,4.300197124481201
3,1049,4.294196605682373
3,1050,4.32276725769043
3,1051,4.3173370361328125
3,1052,4.247184753417969
3,1053,4.194826602935791
3,1054,4.356635093688965
3,1055,4.258063316345215
3,1056,4.213119983673096
3,1057,4.314416885375977
3,1058,4.232789516448975
3,1059,4.311985015869141
3,1060,4.221913814544678
3,1061,4.374860763549805
3,1062,4.306432723999023
3,1063,4.2941131591796875
3,1064,4.333793640136719
3,1065,4.2531352043151855
3,1066,4.291118144989014
3,1067,4.271807670593262
3,1068,4.2382097244262695
3,1069,4.291647434234619
3,1070,4.248574256896973
3,1071,4.312209606170654
3,1072,4.22714376449585
3,1073,4.223086357116699
3,1074,4.324613571166992
3,1075,4.3285932540893555
3,1076,4.301862716674805
3,1077,4.329622268676758
3,1078,4.267868518829346
3,1079,4.272581100463867
3,1080,4.233451843261719
3,1081,4.318859100341797
3,1082,4.332183837890625
3,1083,4.245490074157715
3,1084,4.223410606384277
3,1085,4.275152206420898
3,1086,4.275151252746582
3,1087,4.246304512023926
3,1088,4.238415718078613
3,1089,4.335264205932617
3,1090,4.326960563659668
3,1091,4.235989093780518
3,1092,4.211181163787842
3,1093,4.305283546447754
3,1094,4.241398334503174
3,1095,4.276361465454102
3,1096,4.321516990661621
3,1097,4.253241062164307
3,1098,4.336240768432617
3,1099,4.240645408630371
3,1100,4.25862979888916
3,1101,4.200511455535889
3,1102,4.2855095863342285
3,1103,4.3041300773620605
3,1104,4.333799362182617
3,1105,4.370161533355713
3,1106,4.329611778259277
3,1107,4.311558723449707
3,1108,4.220932960510254
3,1109,4.323297500610352
3,1110,4.2576093673706055
3,1111,4.264407157897949
3,1112,4.2687788009643555
3,1113,4.273980140686035
3,1114,4.267311096191406
3,1115,4.336276054382324
3,1116,4.246556282043457
3,1117,4.328125
3,1118,4.24179744720459
3,1119,4.231634140014648
3,1120,4.282284736633301
3,1121,4.252552032470703
3,1122,4.247579574584961
3,1123,4.269410133361816
3,1124,4.2746381759643555
3,1125,4.318216800689697
3,1126,4.265934944152832
3,1127,4.354946136474609
3,1128,4.243793487548828
3,1129,4.226838111877441
3,1130,4.33427095413208
3,1131,4.277965545654297
3,1132,4.337595462799072
3,1133,4.320286273956299
3,1134,4.282202243804932
3,1135,4.315370559692383
3,1136,4.364296913146973
3,1137,4.305358409881592
3,1138,4.2513227462768555
3,1139,4.32208251953125
3,1140,4.313155174255371
3,1141,4.28444766998291
3,1142,4.344151496887207
3,1143,4.262185096740723
3,1144,4.24799919128418
3,1145,4.255735397338867
3,1146,4.384673118591309
3,1147,4.289731979370117
3,1148,4.264857769012451
3,1149,4.379890441894531
3,1150,4.327691078186035
3,1151,4.285164833068848
3,1152,4.286909103393555
3,1153,4.185792922973633
3,1154,4.279468536376953
3,1155,4.312067985534668
3,1156,4.295726776123047
3,1157,4.284662246704102
3,1158,4.292126655578613
3,1159,4.3268842697143555
3,1160,4.260841369628906
3,1161,4.365099906921387
3,1162,4.330724716186523
3,1163,4.266700744628906
3,1164,4.328775405883789
3,1165,4.222124099731445
3,1166,4.3035688400268555
3,1167,4.310115337371826
3,1168,4.259993553161621
3,1169,4.256226539611816
3,1170,4.304584503173828
4,1171,4.284173488616943
4,1172,4.330567836761475
4,1173,4.280070781707764
4,1174,4.250543594360352
4,1175,4.240594863891602
4,1176,4.309752464294434
4,1177,4.310520172119141
4,1178,4.329715251922607
4,1179,4.333229064941406
4,1180,4.303858757019043
4,1181,4.320545673370361
4,1182,4.268319606781006
4,1183,4.290946960449219
4,1184,4.305354595184326
4,1185,4.255568981170654
4,1186,4.277549743652344
4,1187,4.236208915710449
4,1188,4.1587629318237305
4,1189,4.200807571411133
4,1190,4.237628936767578
4,1191,4.227503299713135
4,1192,4.237177848815918
4,1193,4.288288593292236
4,1194,4.287295341491699
4,1195,4.290349960327148
4,1196,4.382720947265625
4,1197,4.198787689208984
4,1198,4.30715274810791
4,1199,4.263668060302734
4,1200,4.262564659118652
4,1201,4.2361249923706055
4,1202,4.272547245025635
4,1203,4.227368354797363
4,1204,4.149310111999512
4,1205,4.251553535461426
4,1206,4.2734222412109375
4,1207,4.232004165649414
4,1208,4.356434345245361
4,1209,4.230290412902832
4,1210,4.272207260131836
4,1211,4.246005058288574
4,1212,4.26283597946167
4,1213,4.228032112121582
4,1214,4.2101030349731445
4,1215,4.387237548828125
4,1216,4.268054485321045
4,1217,4.276882648468018
4,1218,4.318130970001221
4,1219,4.302879333496094
4,1220,4.272483825683594
4,1221,4.230218410491943
4,1222,4.304028034210205
4,1223,4.2237348556518555
4,1224,4.234397888183594
4,1225,4.203486442565918
4,1226,4.239203453063965
4,1227,4.262910842895508
4,1228,4.289405822753906
4,1229,4.261246681213379
4,1230,4.2662506103515625
4,1231,4.2368550300598145
4,1232,4.302490234375
4,1233,4.306367874145508
4,1234,4.274211883544922
4,1235,4.329180717468262
4,1236,4.218120574951172
4,1237,4.285747528076172
4,1238,4.246821403503418
4,1239,4.264179229736328
4,1240,4.26832389831543
4,1241,4.3267693519592285
4,1242,4.187448024749756
4,1243,4.259117126464844
4,1244,4.253978252410889
4,1245,4.213982582092285
4,1246,4.236232280731201
4,1247,4.312290191650391
4,1248,4.242398738861084
4,1249,4.26222038269043
4,1250,4.232993125915527
4,1251,4.247227668762207
4,1252,4.278186798095703
4,1253,4.352192401885986
4,1254,4.26093864440918
4,1255,4.281827926635742
4,1256,4.260348320007324
4,1257,4.18656063079834
4,1258,4.269340515136719
4,1259,4.226036071777344
4,1260,4.242697238922119
4,1261,4.222035884857178
4,1262,4.255697727203369
4,1263,4.222072601318359
4,1264,4.239286422729492
4,1265,4.236870765686035
4,1266,4.332895755767822
4,1267,4.279757499694824
4,1268,4.2249603271484375
4,1269,4.241612911224365
4,1270,4.197206497192383
4,1271,4.34046745300293
4,1272,4.286212921142578
4,1273,4.258444786071777
4,1274,4.250978469848633
4,1275,4.216522693634033
4,1276,4.1944050788879395
4,1277,4.271067142486572
4,1278,4.251422882080078
4,1279,4.245808124542236
4,1280,4.266669273376465
4,1281,4.290989875793457
4,1282,4.271323204040527
4,1283,4.2461442947387695
4,1284,4.223982810974121
4,1285,4.22821044921875
4,1286,4.211017608642578
4,1287,4.319562911987305
4,1288,4.324110507965088
4,1289,4.224853515625
4,1290,4.2843780517578125
4,1291,4.202609539031982
4,1292,4.274354934692383
4,1293,4.244801044464111
4,1294,4.225516319274902
4,1295,4.237799167633057
4,1296,4.188534736633301
4,1297,4.293376922607422
4,1298,4.276754379272461
4,1299,4.24442720413208
4,1300,4.2785797119140625
4,1301,4.2768940925598145
4,1302,4.229337692260742
4,1303,4.233253479003906
4,1304,4.203796863555908
4,1305,4.230576515197754
4,1306,4.320116996765137
4,1307,4.2034807205200195
4,1308,4.2450079917907715
4,1309,4.228363037109375
4,1310,4.237459659576416
4,1311,4.280543327331543
4,1312,4.296591758728027
4,1313,4.312034606933594
4,1314,4.180417060852051
4,1315,4.293429374694824
4,1316,4.256091594696045
4,1317,4.186542510986328
4,1318,4.224989891052246
4,1319,4.243216037750244
4,1320,4.233174800872803
4,1321,4.2811479568481445
4,1322,4.188530921936035
4,1323,4.213954925537109
4,1324,4.371350288391113
4,1325,4.243183135986328
4,1326,4.26454496383667
4,1327,4.2290520668029785
4,1328,4.185876846313477
4,1329,4.287622928619385
4,1330,4.286850452423096
4,1331,4.212066650390625
4,1332,4.242159366607666
4,1333,4.189556121826172
4,1334,4.220839023590088
4,1335,4.143521308898926
4,1336,4.206462860107422
4,1337,4.258731842041016
4,1338,4.18984317779541
4,1339,4.233224868774414
4,1340,4.237882137298584
4,1341,4.225633144378662
4,1342,4.178610801696777
4,1343,4.159231185913086
4,1344,4.236636161804199
4,1345,4.253242015838623
4,1346,4.199202537536621
4,1347,4.151433944702148
4,1348,4.20518684387207
4,1349,4.181285381317139
4,1350,4.245388984680176
4,1351,4.36003303527832
4,1352,4.2566070556640625
4,1353,4.339679718017578
4,1354,4.248902797698975
4,1355,4.269349575042725
4,1356,4.250197410583496
4,1357,4.173937797546387
4,1358,4.298274040222168
4,1359,4.250736236572266
4,1360,4.2496137619018555
4,1361,4.196678161621094
4,1362,4.131705284118652
4,1363,4.200066089630127
4,1364,4.2076029777526855
4,1365,4.279054641723633
4,1366,4.21291446685791
4,1367,4.26786470413208
4,1368,4.2558817863464355
4,1369,4.280416488647461
4,1370,4.259370803833008
4,1371,4.199492454528809
4,1372,4.210249900817871
4,1373,4.254583835601807
4,1374,4.252968788146973
4,1375,4.242192268371582
4,1376,4.220755577087402
4,1377,4.192575931549072
4,1378,4.1854448318481445
4,1379,4.233575820922852
4,1380,4.229311466217041
4,1381,4.237802505493164
4,1382,4.268069267272949
4,1383,4.307848930358887
4,1384,4.217572212219238
4,1385,4.256850242614746
4,1386,4.206440448760986
4,1387,4.257622718811035
4,1388,4.251519203186035
4,1389,4.300576210021973
4,1390,4.265309810638428
4,1391,4.127803802490234
4,1392,4.195865631103516
4,1393,4.259396076202393
4,1394,4.310520172119141
4,1395,4.2878031730651855
4,1396,4.229893684387207
4,1397,4.282719612121582
4,1398,4.224721908569336
4,1399,4.2445292472839355
4,1400,4.225856781005859
4,1401,4.299626350402832
4,1402,4.220178604125977
4,1403,4.21904993057251
4,1404,4.306887626647949
4,1405,4.238564491271973
4,1406,4.24439811706543
4,1407,4.308217525482178
4,1408,4.220758438110352
4,1409,4.270547866821289
4,1410,4.213120460510254
4,1411,4.284106254577637
4,1412,4.161229610443115
4,1413,4.2016191482543945
4,1414,4.230490684509277
4,1415,4.239846229553223
4,1416,4.213552474975586
4,1417,4.224880218505859
4,1418,4.293356895446777
4,1419,4.220727920532227
4,1420,4.269688129425049
4,1421,4.1988115310668945
4,1422,4.268641948699951
4,1423,4.168509483337402
4,1424,4.2600178718566895
4,1425,4.224379539489746
4,1426,4.292373180389404
4,1427,4.219691753387451
4,1428,4.251656532287598
4,1429,4.2907562255859375
4,1430,4.274824142456055
4,1431,4.175224304199219
4,1432,4.221704006195068
4,1433,4.249065399169922
4,1434,4.199032783508301
4,1435,4.215297698974609
4,1436,4.227292060852051
4,1437,4.226291179656982
4,1438,4.246750354766846
4,1439,4.307726860046387
4,1440,4.18638801574707
4,1441,4.160311698913574
4,1442,4.20607328414917
4,1443,4.201866626739502
4,1444,4.172447681427002
4,1445,4.2495832443237305
4,1446,4.253807067871094
4,1447,4.221494674682617
4,1448,4.255121231079102
4,1449,4.303290367126465
4,1450,4.208691596984863
4,1451,4.241139888763428
4,1452,4.191689491271973
4,1453,4.213380336761475
4,1454,4.26516056060791
4,1455,4.189635276794434
4,1456,4.297445297241211
4,1457,4.302844047546387
4,1458,4.216343402862549
4,1459,4.283641815185547
4,1460,4.305234909057617
4,1461,4.228067398071289
4,1462,4.214860916137695
4,1463,4.249059677124023
4,1464,4.230729103088379
4,1465,4.2653350830078125
4,1466,4.153511047363281
4,1467,4.283882141113281
4,1468,4.27691650390625
4,1469,4.197909355163574
4,1470,4.26546573638916
4,1471,4.177069664001465
4,1472,4.2955780029296875
4,1473,4.2538886070251465
4,1474,4.253836631774902
4,1475,4.282761573791504
4,1476,4.243957996368408
4,1477,4.242945194244385
4,1478,4.285792350769043
4,1479,4.178343772888184
4,1480,4.234287261962891
4,1481,4.302720069885254
4,1482,4.311550140380859
4,1483,4.244499206542969
4,1484,4.286838531494141
4,1485,4.2400712966918945
4,1486,4.298818111419678
4,1487,4.20465087890625
4,1488,4.264967918395996
4,1489,4.250868797302246
4,1490,4.218828201293945
4,1491,4.27307653427124
4,1492,4.211940765380859
4,1493,4.256072044372559
4,1494,4.178391933441162
4,1495,4.266744613647461
4,1496,4.228538513183594
4,1497,4.2657012939453125
4,1498,4.185541152954102
4,1499,4.244714736938477
4,1500,4.186962604522705
4,1501,4.231919765472412
4,1502,4.299077033996582
4,1503,4.235396385192871
4,1504,4.227048873901367
4,1505,4.237748146057129
4,1506,4.310967445373535
4,1507,4.201040267944336
4,1508,4.191412925720215
4,1509,4.288941383361816
4,1510,4.290742874145508
4,1511,4.26385498046875
4,1512,4.251401901245117
4,1513,4.273082256317139
4,1514,4.1916375160217285
4,1515,4.229368209838867
4,1516,4.2809882164001465
4,1517,4.263858795166016
4,1518,4.1970720291137695
4,1519,4.223985195159912
4,1520,4.270328521728516
4,1521,4.2361555099487305
4,1522,4.256476402282715
4,1523,4.279217720031738
4,1524,4.246296405792236
4,1525,4.227211952209473
4,1526,4.2594804763793945
4,1527,4.267630100250244
4,1528,4.204580783843994
4,1529,4.222475051879883
4,1530,4.18562650680542
4,1531,4.186066627502441
4,1532,4.208522319793701
4,1533,4.237436294555664
4,1534,4.150208950042725
4,1535,4.1692914962768555
4,1536,4.22879695892334
4,1537,4.240196704864502
4,1538,4.162693023681641
4,1539,4.173018932342529
4,1540,4.187375545501709
4,1541,4.214175224304199
4,1542,4.224954128265381
4,1543,4.1480255126953125
4,1544,4.250499725341797
4,1545,4.185466766357422
4,1546,4.229917526245117
4,1547,4.222341060638428
4,1548,4.26109504699707
4,1549,4.229823112487793
4,1550,4.189889430999756
4,1551,4.20764684677124
4,1552,4.243261814117432
4,1553,4.199660301208496
4,1554,4.199707984924316
4,1555,4.201953887939453
4,1556,4.226200580596924
4,1557,4.199710845947266
4,1558,4.220599174499512
4,1559,4.213151454925537
4,1560,4.217068672180176
5,1561,4.261634826660156
5,1562,4.170182228088379
5,1563,4.179756164550781
5,1564,4.232619285583496
5,1565,4.2352824211120605
5,1566,4.134108543395996
5,1567,4.1866374015808105
5,1568,4.195657253265381
5,1569,4.172722816467285
5,1570,4.187277793884277
5,1571,4.222099304199219
5,1572,4.185103416442871
5,1573,4.192244052886963
5,1574,4.237762451171875
5,1575,4.14863920211792
5,1576,4.232447624206543
5,1577,4.210042953491211
5,1578,4.259855270385742
5,1579,4.160905361175537
5,1580,4.218245983123779
5,1581,4.220652103424072
5,1582,4.174777984619141
5,1583,4.2434539794921875
5,1584,4.217529296875
5,1585,4.105816841125488
5,1586,4.201907634735107
5,1587,4.2470502853393555
5,1588,4.250123977661133
5,1589,4.248894691467285
5,1590,4.22454833984375
5,1591,4.198074817657471
5,1592,4.249088287353516
5,1593,4.2756171226501465
5,1594,4.215841293334961
5,1595,4.215937614440918
5,1596,4.232969284057617
5,1597,4.237826347351074
5,1598,4.214165687561035
5,1599,4.131267070770264
5,1600,4.1944074630737305
5,1601,4.193027496337891
5,1602,4.227292060852051
5,1603,4.194957733154297
5,1604,4.18499755859375
5,1605,4.205289840698242
5,1606,4.1897430419921875
5,1607,4.254748821258545
5,1608,4.296369552612305
5,1609,4.192422866821289
5,1610,4.199123382568359
5,1611,4.2265305519104
5,1612,4.194401741027832
5,1613,4.25413703918457
5,1614,4.2711873054504395
5,1615,4.171287536621094
5,1616,4.287785530090332
5,1617,4.221282005310059
5,1618,4.235151290893555
5,1619,4.225291728973389
5,1620,4.259347915649414
5,1621,4.204825401306152
5,1622,4.172901153564453
5,1623,4.227945327758789
5,1624,4.224217414855957
5,1625,4.1653032302856445
5,1626,4.223650932312012
5,1627,4.226170539855957
5,1628,4.294435501098633
5,1629,4.270421504974365
5,1630,4.191373348236084
5,1631,4.237178802490234
5,1632,4.162143707275391
5,1633,4.151556015014648
5,1634,4.222712516784668
5,1635,4.190244197845459
5,1636,4.211411476135254
5,1637,4.201995849609375
5,1638,4.192190170288086
5,1639,4.203689098358154
5,1640,4.15688419342041
5,1641,4.235840797424316
5,1642,4.196776390075684
5,1643,4.14353609085083
5,1644,4.2236433029174805
5,1645,4.177647590637207
5,1646,4.168178558349609
5,1647,4.173584461212158
5,1648,4.199714660644531
5,1649,4.148375988006592
5,1650,4.192615032196045
5,1651,4.16766881942749
5,1652,4.231972694396973
5,1653,4.186153888702393
5,1654,4.229831218719482
5,1655,4.217921257019043
5,1656,4.181580543518066
5,1657,4.174748420715332
5,1658,4.2255048751831055
5,1659,4.143618583679199
5,1660,4.177350044250488
5,1661,4.176883697509766
5,1662,4.2774577140808105
5,1663,4.261953830718994
5,1664,4.191688537597656
5,1665,4.16426420211792
5,1666,4.237356185913086
5,1667,4.195715427398682
5,1668,4.225241661071777
5,1669,4.230540752410889
5,1670,4.281385898590088
5,1671,4.235527515411377
5,1672,4.180113315582275
5,1673,4.192279815673828
5,1674,4.173486709594727
5,1675,4.286174774169922
5,1676,4.181703090667725
5,1677,4.176365375518799
5,1678,4.239770889282227
5,1679,4.1840057373046875
5,1680,4.179928302764893
5,1681,4.203171730041504
5,1682,4.244352340698242
5,1683,4.167235374450684
5,1684,4.214264869689941
5,1685,4.2244720458984375
5,1686,4.193422317504883
5,1687,4.267617702484131
5,1688,4.220525741577148
5,1689,4.187860488891602
5,1690,4.274361610412598
5,1691,4.220290184020996
5,1692,4.204007148742676
5,1693,4.171031951904297
5,1694,4.247688293457031
5,1695,4.213715553283691
5,1696,4.187173366546631
5,1697,4.169497966766357
5,1698,4.245080947875977
5,1699,4.192412853240967
5,1700,4.204427242279053
5,1701,4.153456687927246
5,1702,4.202445030212402
5,1703,4.214460372924805
5,1704,4.245629787445068
5,1705,4.2037248611450195
5,1706,4.215138912200928
5,1707,4.268604755401611
5,1708,4.166485786437988
5,1709,4.1903486251831055
5,1710,4.2058939933776855
5,1711,4.1870436668396
5,1712,4.145103454589844
5,1713,4.167853832244873
5,1714,4.244822978973389
5,1715,4.218040943145752
5,1716,4.212861061096191
5,1717,4.174221038818359
5,1718,4.2110595703125
5,1719,4.21381139755249
5,1720,4.188425064086914
5,1721,4.212948322296143
5,1722,4.207979202270508
5,1723,4.15770149230957
5,1724,4.163532257080078
5,1725,4.226299285888672
5,1726,4.2309699058532715
5,1727,4.168682098388672
5,1728,4.220424175262451
5,1729,4.192298889160156
5,1730,4.175788879394531
5,1731,4.197043418884277
5,1732,4.167848587036133
5,1733,4.2494707107543945
5,1734,4.164004802703857
5,1735,4.23228645324707
5,1736,4.196562767028809
5,1737,4.196823596954346
5,1738,4.20639181137085
5,1739,4.1361470222473145
5,1740,4.167366027832031
5,1741,4.211709976196289
5,1742,4.196573257446289
5,1743,4.160192489624023
5,1744,4.217137336730957
5,1745,4.162389755249023
5,1746,4.240442276000977
5,1747,4.151963710784912
5,1748,4.202025413513184
5,1749,4.168931007385254
5,1750,4.188179969787598
5,1751,4.13451623916626
5,1752,4.208791732788086
5,1753,4.140618324279785
5,1754,4.257286548614502
5,1755,4.208992958068848
5,1756,4.132260322570801
5,1757,4.211831569671631
5,1758,4.169220924377441
5,1759,4.264154434204102
5,1760,4.256775379180908
5,1761,4.116543769836426
5,1762,4.195320129394531
5,1763,4.207186698913574
5,1764,4.1976542472839355
5,1765,4.203578948974609
5,1766,4.199512481689453
5,1767,4.214876174926758
5,1768,4.140594959259033
5,1769,4.265556812286377
5,1770,4.161988735198975
5,1771,4.211116790771484
5,1772,4.2154645919799805
5,1773,4.195472240447998
5,1774,4.166818618774414
5,1775,4.210337162017822
5,1776,4.192281246185303
5,1777,4.21112060546875
5,1778,4.261687278747559
5,1779,4.197910308837891
5,1780,4.186965465545654
5,1781,4.205412864685059
5,1782,4.263477325439453
5,1783,4.204981327056885
5,1784,4.187231540679932
5,1785,4.185151100158691
5,1786,4.167166709899902
5,1787,4.16483211517334
5,1788,4.297358512878418
5,1789,4.103774070739746
5,1790,4.17554235458374
5,1791,4.247005462646484
5,1792,4.183270454406738
5,1793,4.184185981750488
5,1794,4.1597208976745605
5,1795,4.150157928466797
5,1796,4.179054260253906
5,1797,4.199854850769043
5,1798,4.246461391448975
5,1799,4.244476795196533
5,1800,4.222171783447266
5,1801,4.142956256866455
5,1802,4.221990585327148
5,1803,4.217611312866211
5,1804,4.211776256561279
5,1805,4.154325485229492
5,1806,4.203133583068848
5,1807,4.2564473152160645
5,1808,4.146671295166016
5,1809,4.180507659912109
5,1810,4.177961826324463
5,1811,4.244256973266602
5,1812,4.170696258544922
5,1813,4.205804824829102
5,1814,4.195561408996582
5,1815,4.212226867675781
5,1816,4.2494635581970215
5,1817,4.152496337890625
5,1818,4.153629779815674
5,1819,4.17183780670166
5,1820,4.1925859451293945
5,1821,4.265580177307129
5,1822,4.153571605682373
5,1823,4.169347763061523
5,1824,4.228355884552002
5,1825,4.148974895477295
5,1826,4.1295013427734375
5,1827,4.189374923706055
5,1828,4.150725841522217
5,1829,4.236339569091797
5,1830,4.140071868896484
5,1831,4.196528911590576
5,1832,4.195818901062012
5,1833,4.229414463043213
5,1834,4.135320663452148
5,1835,4.160833835601807
5,1836,4.198791027069092
5,1837,4.221123695373535
5,1838,4.144011497497559
5,1839,4.192823886871338
5,1840,4.179708957672119
5,1841,4.178448677062988
5,1842,4.180566310882568
5,1843,4.1627116203308105
5,1844,4.178367614746094
5,1845,4.161561965942383
5,1846,4.154876708984375
5,1847,4.149890899658203
5,1848,4.138116359710693
5,1849,4.1856584548950195
5,1850,4.172386169433594
5,1851,4.179054260253906
5,1852,4.147662162780762
5,1853,4.174705982208252
5,1854,4.166874885559082
5,1855,4.189711570739746
5,1856,4.146492004394531
5,1857,4.13905668258667
5,1858,4.15592098236084
5,1859,4.1863508224487305
5,1860,4.102268218994141
5,1861,4.127331256866455
5,1862,4.243134498596191
5,1863,4.182312965393066
5,1864,4.163570404052734
5,1865,4.244704246520996
5,1866,4.212499618530273
5,1867,4.171894550323486
5,1868,4.202980995178223
5,1869,4.256824970245361
5,1870,4.105496406555176
5,1871,4.224828243255615
5,1872,4.226287364959717
5,1873,4.216188907623291
5,1874,4.169958591461182
5,1875,4.206334114074707
5,1876,4.226345062255859
5,1877,4.137177467346191
5,1878,4.210444450378418
5,1879,4.205517768859863
5,1880,4.181859970092773
5,1881,4.190752029418945
5,1882,4.216151237487793
5,1883,4.178750991821289
5,1884,4.144927024841309
5,1885,4.2038116455078125
5,1886,4.218263626098633
5,1887,4.158230781555176
5,1888,4.192952632904053
5,1889,4.166020393371582
5,1890,4.219462871551514
5,1891,4.224745273590088
5,1892,4.227774620056152
5,1893,4.229536056518555
5,1894,4.200521469116211
5,1895,4.189507484436035
5,1896,4.181369304656982
5,1897,4.24158239364624
5,1898,4.183239459991455
5,1899,4.137414932250977
5,1900,4.186844825744629
5,1901,4.146261692047119
5,1902,4.213605880737305
5,1903,4.204270362854004
5,1904,4.274223327636719
5,1905,4.138978481292725
5,1906,4.183362007141113
5,1907,4.213027477264404
5,1908,4.18732213973999
5,1909,4.180477619171143
5,1910,4.184720993041992
5,1911,4.239807605743408
5,1912,4.2021307945251465
5,1913,4.201446533203125
5,1914,4.1579976081848145
5,1915,4.243640899658203
5,1916,4.166182041168213
5,1917,4.158689498901367
5,1918,4.217450141906738
5,1919,4.234189987182617
5,1920,4.235664367675781
5,1921,4.179233551025391
5,1922,4.2600297927856445
5,1923,4.203294277191162
5,1924,4.198997497558594
5,1925,4.179401874542236
5,1926,4.209702491760254
5,1927,4.233816623687744
5,1928,4.151638031005859
5,1929,4.196815013885498
5,1930,4.189078330993652
5,1931,4.215510368347168
5,1932,4.143619537353516
5,1933,4.124782562255859
5,1934,4.184088706970215
5,1935,4.167209625244141
5,1936,4.211160659790039
5,1937,4.203357696533203
5,1938,4.176889896392822
5,1939,4.211424827575684
5,1940,4.149064064025879
5,1941,4.1469011306762695
5,1942,4.195310115814209
5,1943,4.212832450866699
5,1944,4.216334342956543
5,1945,4.20790958404541
5,1946,4.186932563781738
5,1947,4.169167518615723
5,1948,4.221958160400391
5,1949,4.154773235321045
5,1950,4.171462059020996
6,1951,4.182418346405029
6,1952,4.1544599533081055
6,1953,4.179640769958496
6,1954,4.173803806304932
6,1955,4.194451332092285
6,1956,4.122488021850586
6,1957,4.197327613830566
6,1958,4.133343696594238
6,1959,4.138121604919434
6,1960,4.192019939422607
6,1961,4.256977081298828
6,1962,4.274307727813721
6,1963,4.185107231140137
6,1964,4.2061028480529785
6,1965,4.2232513427734375
6,1966,4.196018218994141
6,1967,4.2339935302734375
6,1968,4.191262245178223
6,1969,4.179671764373779
6,1970,4.185826301574707
6,1971,4.177550792694092
6,1972,4.235812187194824
6,1973,4.161612033843994
6,1974,4.1699042320251465
6,1975,4.149842739105225
6,1976,4.1909990310668945
6,1977,4.145756721496582
6,1978,4.17919397354126
6,1979,4.159409999847412
6,1980,4.213852882385254
6,1981,4.106152534484863
6,1982,4.2423858642578125
6,1983,4.23313045501709
6,1984,4.203417778015137
6,1985,4.177619934082031
6,1986,4.188453197479248
6,1987,4.190548419952393
6,1988,4.137875556945801
6,1989,4.23805046081543
6,1990,4.174941062927246
6,1991,4.2567644119262695
6,1992,4.117902755737305
6,1993,4.193388938903809
6,1994,4.136268138885498
6,1995,4.168916702270508
6,1996,4.173247337341309
6,1997,4.10076904296875
6,1998,4.177822113037109
6,1999,4.25819206237793
6,2000,4.157871246337891
6,2001,4.184942245483398
6,2002,4.152266502380371
6,2003,4.200559616088867
6,2004,4.163413047790527
6,2005,4.173173904418945
6,2006,4.1429266929626465
6,2007,4.181241989135742
6,2008,4.1155476570129395
6,2009,4.166954040527344
6,2010,4.158527374267578
6,2011,4.2053422927856445
6,2012,4.180872917175293
6,2013,4.197216033935547
6,2014,4.1577019691467285
6,2015,4.149474143981934
6,2016,4.139667510986328
6,2017,4.195334434509277
6,2018,4.178654670715332
6,2019,4.216679573059082
6,2020,4.205146789550781
6,2021,4.159334182739258
6,2022,4.192092418670654
6,2023,4.184528827667236
6,2024,4.173427581787109
6,2025,4.222208499908447
6,2026,4.200863838195801
6,2027,4.241352081298828
6,2028,4.167375087738037
6,2029,4.151177406311035
6,2030,4.166403770446777
6,2031,4.108371257781982
6,2032,4.2284440994262695
6,2033,4.178152561187744
6,2034,4.210478782653809
6,2035,4.187981128692627
6,2036,4.213530540466309
6,2037,4.2381391525268555
6,2038,4.196002960205078
6,2039,4.151594161987305
6,2040,4.156939506530762
6,2041,4.191709041595459
6,2042,4.148383140563965
6,2043,4.210728645324707
6,2044,4.143289566040039
6,2045,4.152200698852539
6,2046,4.169495582580566
6,2047,4.160160064697266
6,2048,4.173853874206543
6,2049,4.23122501373291
6,2050,4.2116475105285645
6,2051,4.179722309112549
6,2052,4.192551136016846
6,2053,4.135072708129883
6,2054,4.21792459487915
6,2055,4.129659652709961
6,2056,4.209296703338623
6,2057,4.158133029937744
6,2058,4.2268218994140625
6,2059,4.156563758850098
6,2060,4.196164131164551
6,2061,4.14325475692749
6,2062,4.1541852951049805
6,2063,4.158707141876221
6,2064,4.209746360778809
6,2065,4.205527305603027
6,2066,4.15239143371582
6,2067,4.164764404296875
6,2068,4.164195537567139
6,2069,4.181100368499756
6,2070,4.198539733886719
6,2071,4.180218696594238
6,2072,4.1402740478515625
6,2073,4.188033103942871
6,2074,4.167452812194824
6,2075,4.187906265258789
6,2076,4.137338161468506
6,2077,4.181445121765137
6,2078,4.162901878356934
6,2079,4.188580513000488
6,2080,4.141603469848633
6,2081,4.157107353210449
6,2082,4.147411346435547
6,2083,4.138784885406494
6,2084,4.255743980407715
6,2085,4.243841171264648
6,2086,4.15695858001709
6,2087,4.23934268951416
6,2088,4.1944899559021
6,2089,4.197455406188965
6,2090,4.117282867431641
6,2091,4.249709129333496
6,2092,4.181544303894043
6,2093,4.155706405639648
6,2094,4.19686222076416
6,2095,4.138289451599121
6,2096,4.229853630065918
6,2097,4.191768646240234
6,2098,4.190725326538086
6,2099,4.171205520629883
6,2100,4.198626518249512
6,2101,4.241571426391602
6,2102,4.204810619354248
6,2103,4.174492359161377
6,2104,4.201566696166992
6,2105,4.1746320724487305
6,2106,4.207572937011719
6,2107,4.142176151275635
6,2108,4.202907562255859
6,2109,4.177340507507324
6,2110,4.221230983734131
6,2111,4.121883869171143
6,2112,4.152825832366943
6,2113,4.2123308181762695
6,2114,4.155984878540039
6,2115,4.155374526977539
6,2116,4.207632064819336
6,2117,4.220879554748535
6,2118,4.2040486335754395
6,2119,4.157431125640869
6,2120,4.167123317718506
6,2121,4.162132263183594
6,2122,4.155357360839844
6,2123,4.174820899963379
6,2124,4.1951117515563965
6,2125,4.168558597564697
6,2126,4.177601337432861
6,2127,4.154053211212158
6,2128,4.1977128982543945
6,2129,4.133969306945801
6,2130,4.126656532287598
6,2131,4.107723236083984
6,2132,4.117658615112305
6,2133,4.147072792053223
6,2134,4.21668815612793
6,2135,4.209018707275391
6,2136,4.198378086090088
6,2137,4.237258434295654
6,2138,4.174715995788574
6,2139,4.176695823669434
6,2140,4.128171920776367
6,2141,4.16907262802124
6,2142,4.152193069458008
6,2143,4.189852714538574
6,2144,4.187997341156006
6,2145,4.1486663818359375
6,2146,4.187394142150879
6,2147,4.167873382568359
6,2148,4.179508686065674
6,2149,4.217954635620117
6,2150,4.1551194190979
6,2151,4.146800518035889
6,2152,4.172233581542969
6,2153,4.2720770835876465
6,2154,4.182195663452148
6,2155,4.132250785827637
6,2156,4.143533706665039
6,2157,4.182626724243164
6,2158,4.167608737945557
6,2159,4.171621799468994
6,2160,4.0956501960754395
6,2161,4.210463047027588
6,2162,4.167586326599121
6,2163,4.1888275146484375
6,2164,4.1490397453308105
6,2165,4.150970458984375
6,2166,4.1654253005981445
6,2167,4.194493293762207
6,2168,4.207953453063965
6,2169,4.1158061027526855
6,2170,4.20601749420166
6,2171,4.114666938781738
6,2172,4.131527900695801
6,2173,4.173481464385986
6,2174,4.14417839050293
6,2175,4.196737289428711
6,2176,4.1148576736450195
6,2177,4.118014335632324
6,2178,4.16179084777832
6,2179,4.1570892333984375
6,2180,4.240564346313477
6,2181,4.169278144836426
6,2182,4.142326354980469
6,2183,4.158773422241211
6,2184,4.204102516174316
6,2185,4.15972375869751
6,2186,4.148184776306152
6,2187,4.12648344039917
6,2188,4.1898603439331055
6,2189,4.160465717315674
6,2190,4.163616180419922
6,2191,4.133408069610596
6,2192,4.145724296569824
6,2193,4.161363124847412
6,2194,4.201592922210693
6,2195,4.137544631958008
6,2196,4.175858020782471
6,2197,4.161611557006836
6,2198,4.151976585388184
6,2199,4.178473949432373
6,2200,4.146423816680908
6,2201,4.185400009155273
6,2202,4.145192623138428
6,2203,4.0962629318237305
6,2204,4.158609867095947
6,2205,4.18093729019165
6,2206,4.209134578704834
6,2207,4.167226791381836
6,2208,4.108524799346924
6,2209,4.148582458496094
6,2210,4.204529762268066
6,2211,4.193760395050049
6,2212,4.156558990478516
6,2213,4.1421380043029785
6,2214,4.145117282867432
6,2215,4.142439842224121
6,2216,4.106017112731934
6,2217,4.208785057067871
6,2218,4.169232368469238
6,2219,4.143036842346191
6,2220,4.132599830627441
6,2221,4.107848167419434
6,2222,4.269756317138672
6,2223,4.124622821807861
6,2224,4.189659118652344
6,2225,4.158500671386719
6,2226,4.184871673583984
6,2227,4.1112823486328125
6,2228,4.1204118728637695
6,2229,4.140743732452393
6,2230,4.258199214935303
6,2231,4.1724772453308105
6,2232,4.155238151550293
6,2233,4.197359085083008
6,2234,4.114601135253906
6,2235,4.190241813659668
6,2236,4.180031776428223
6,2237,4.246385097503662
6,2238,4.093255996704102
6,2239,4.190366744995117
6,2240,4.146268844604492
6,2241,4.240106582641602
6,2242,4.175819396972656
6,2243,4.1774702072143555
6,2244,4.160125732421875
6,2245,4.134904861450195
6,2246,4.148329734802246
6,2247,4.159619331359863
6,2248,4.14729118347168
6,2249,4.174238204956055
6,2250,4.151545524597168
6,2251,4.193995475769043
6,2252,4.144413948059082
6,2253,4.1765546798706055
6,2254,4.1901164054870605
6,2255,4.203179359436035
6,2256,4.204627513885498
6,2257,4.161856174468994
6,2258,4.1670684814453125
6,2259,4.225770950317383
6,2260,4.225226402282715
6,2261,4.142762184143066
6,2262,4.1919450759887695
6,2263,4.212680339813232
6,2264,4.177369117736816
6,2265,4.202343940734863
6,2266,4.14896297454834
6,2267,4.185218811035156
6,2268,4.205252647399902
6,2269,4.121572971343994
6,2270,4.107163429260254
6,2271,4.175704002380371
6,2272,4.159919738769531
6,2273,4.188953399658203
6,2274,4.163421630859375
6,2275,4.1730570793151855
6,2276,4.176520347595215
6,2277,4.158381938934326
6,2278,4.129714012145996
6,2279,4.1945343017578125
6,2280,4.201940536499023
6,2281,4.125093460083008
6,2282,4.146354675292969
6,2283,4.141373634338379
6,2284,4.211920261383057
6,2285,4.183493614196777
6,2286,4.228016376495361
6,2287,4.172527313232422
6,2288,4.125195503234863
6,2289,4.199759483337402
6,2290,4.10870361328125
6,2291,4.142806053161621
6,2292,4.238332748413086
6,2293,4.227877140045166
6,2294,4.209155559539795
6,2295,4.2413225173950195
6,2296,4.167294502258301
6,2297,4.1722636222839355
6,2298,4.149130821228027
6,2299,4.18104362487793
6,2300,4.153130531311035
6,2301,4.162302494049072
6,2302,4.193408966064453
6,2303,4.178189277648926
6,2304,4.170902252197266
6,2305,4.145623683929443
6,2306,4.1708292961120605
6,2307,4.19183349609375
6,2308,4.189557075500488
6,2309,4.14677095413208
6,2310,4.184150218963623
6,2311,4.201037883758545
6,2312,4.210762023925781
6,2313,4.209433078765869
6,2314,4.163346767425537
6,2315,4.1936492919921875
6,2316,4.10897970199585
6,2317,4.20827054977417
6,2318,4.197750091552734
6,2319,4.17013692855835
6,2320,4.132890701293945
6,2321,4.177967071533203
6,2322,4.1664628982543945
6,2323,4.182221412658691
6,2324,4.176513195037842
6,2325,4.121493339538574
6,2326,4.216066360473633
6,2327,4.190089225769043
6,2328,4.204444885253906
6,2329,4.131368160247803
6,2330,4.173365592956543
6,2331,4.2046098709106445
6,2332,4.163192272186279
6,2333,4.221144676208496
6,2334,4.154701232910156
6,2335,4.195561408996582
6,2336,4.129908561706543
6,2337,4.140157222747803
6,2338,4.16961669921875
6,2339,4.2267255783081055
6,2340,4.151384353637695
7,2341,4.205082893371582
7,2342,4.093074798583984
7,2343,4.147806167602539
7,2344,4.155877113342285
7,2345,4.114473819732666
7,2346,4.177779197692871
7,2347,4.164645195007324
7,2348,4.203621864318848
7,2349,4.186469078063965
7,2350,4.168719291687012
7,2351,4.216433525085449
7,2352,4.1524457931518555
7,2353,4.199126243591309
7,2354,4.140657424926758
7,2355,4.195499420166016
7,2356,4.155816078186035
7,2357,4.209428787231445
7,2358,4.127194404602051
7,2359,4.161857604980469
7,2360,4.162021636962891
7,2361,4.180541515350342
7,2362,4.206886291503906
7,2363,4.092309951782227
7,2364,4.1972527503967285
7,2365,4.106003761291504
7,2366,4.212191581726074
7,2367,4.15201473236084
7,2368,4.1539106369018555
7,2369,4.1623616218566895
7,2370,4.199273109436035
7,2371,4.165983200073242
7,2372,4.154665946960449
7,2373,4.205686569213867
7,2374,4.194118499755859
7,2375,4.194631099700928
7,2376,4.2073974609375
7,2377,4.139753818511963
7,2378,4.177809715270996
7,2379,4.133818626403809
7,2380,4.149277687072754
7,2381,4.179987907409668
7,2382,4.107398509979248
7,2383,4.27490234375
7,2384,4.1691741943359375
7,2385,4.183553695678711
7,2386,4.171099662780762
7,2387,4.1769208908081055
7,2388,4.176807880401611
7,2389,4.127483367919922
7,2390,4.151154518127441
7,2391,4.16771936416626
7,2392,4.174196720123291
7,2393,4.142311096191406
7,2394,4.178849220275879
7,2395,4.118841648101807
7,2396,4.134345054626465
7,2397,4.205928802490234
7,2398,4.17911434173584
7,2399,4.168783187866211
7,2400,4.159074783325195
7,2401,4.2042436599731445
7,2402,4.121787071228027
7,2403,4.17843770980835
7,2404,4.201415061950684
7,2405,4.111401557922363
7,2406,4.150866985321045
7,2407,4.14655876159668
7,2408,4.152212142944336
7,2409,4.1289896965026855
7,2410,4.205300807952881
7,2411,4.169024467468262
7,2412,4.167098045349121
7,2413,4.190450191497803
7,2414,4.192876815795898
7,2415,4.140195369720459
7,2416,4.119476318359375
7,2417,4.169600486755371
7,2418,4.225641250610352
7,2419,4.224122047424316
7,2420,4.132204055786133
7,2421,4.1493730545043945
7,2422,4.171716690063477
7,2423,4.188620567321777
7,2424,4.20084285736084
7,2425,4.131354331970215
7,2426,4.156484127044678
7,2427,4.136484146118164
7,2428,4.163873672485352
7,2429,4.108968734741211
7,2430,4.127303600311279
7,2431,4.116399765014648
7,2432,4.137516498565674
7,2433,4.19008731842041
7,2434,4.14741325378418
7,2435,4.081389427185059
7,2436,4.157114028930664
7,2437,4.144397258758545
7,2438,4.146512031555176
7,2439,4.162197589874268
7,2440,4.152021884918213
7,2441,4.180939197540283
7,2442,4.205519199371338
7,2443,4.182218551635742
7,2444,4.140439033508301
7,2445,4.161490440368652
7,2446,4.235505104064941
7,2447,4.16417932510376
7,2448,4.178439617156982
7,2449,4.172567844390869
7,2450,4.187255859375
7,2451,4.2425127029418945
7,2452,4.1153154373168945
7,2453,4.09764289855957
7,2454,4.1850080490112305
7,2455,4.186666965484619
7,2456,4.169764518737793
7,2457,4.180363655090332
7,2458,4.1245317459106445
7,2459,4.152238845825195
7,2460,4.20969295501709
7,2461,4.165363311767578
7,2462,4.156040191650391
7,2463,4.151583671569824
7,2464,4.126877307891846
7,2465,4.145021915435791
7,2466,4.148158550262451
7,2467,4.132773399353027
7,2468,4.183075904846191
7,2469,4.130587100982666
7,2470,4.1538214683532715
7,2471,4.175076007843018
7,2472,4.1099700927734375
7,2473,4.138238430023193
7,2474,4.256340980529785
7,2475,4.188880920410156
7,2476,4.109665870666504
7,2477,4.24787712097168
7,2478,4.14610481262207
7,2479,4.1459760665893555
7,2480,4.191068649291992
7,2481,4.122860908508301
7,2482,4.164586067199707
7,2483,4.201346397399902
7,2484,4.070176124572754
7,2485,4.139772415161133
7,2486,4.208630561828613
7,2487,4.155144691467285
7,2488,4.170810699462891
7,2489,4.130909442901611
7,2490,4.168169975280762
7,2491,4.141560077667236
7,2492,4.200128555297852
7,2493,4.11214542388916
7,2494,4.179246425628662
7,2495,4.232818126678467
7,2496,4.1490983963012695
7,2497,4.177189826965332
7,2498,4.190100193023682
7,2499,4.210389137268066
7,2500,4.173029899597168
7,2501,4.165217399597168
7,2502,4.174180030822754
7,2503,4.191047191619873
7,2504,4.178374290466309
7,2505,4.156650543212891
7,2506,4.171000003814697
7,2507,4.232544898986816
7,2508,4.1413750648498535
7,2509,4.123345851898193
7,2510,4.109378337860107
7,2511,4.130790710449219
7,2512,4.103971481323242
7,2513,4.191537857055664
7,2514,4.162994384765625
7,2515,4.060798645019531
7,2516,4.122230529785156
7,2517,4.1249871253967285
7,2518,4.181607246398926
7,2519,4.107809543609619
7,2520,4.131369590759277
7,2521,4.103448867797852
7,2522,4.135310173034668
7,2523,4.191107749938965
7,2524,4.141006946563721
7,2525,4.148694038391113
7,2526,4.14126443862915
7,2527,4.145994663238525
7,2528,4.1002020835876465
7,2529,4.128890037536621
7,2530,4.164937973022461
7,2531,4.15134859085083
7,2532,4.151533603668213
7,2533,4.154193878173828
7,2534,4.102983474731445
7,2535,4.121899127960205
7,2536,4.122749328613281
7,2537,4.106665134429932
7,2538,4.19251823425293
7,2539,4.203603267669678
7,2540,4.130316257476807
7,2541,4.14463472366333
7,2542,4.1171112060546875
7,2543,4.162125587463379
7,2544,4.180428504943848
7,2545,4.1299872398376465
7,2546,4.197772979736328
7,2547,4.092983245849609
7,2548,4.113780498504639
7,2549,4.0894036293029785
7,2550,4.145656108856201
7,2551,4.157953262329102
7,2552,4.172015190124512
7,2553,4.151177406311035
7,2554,4.186938285827637
7,2555,4.112502098083496
7,2556,4.174787521362305
7,2557,4.166947364807129
7,2558,4.1764936447143555
7,2559,4.1911492347717285
7,2560,4.157617568969727
7,2561,4.168679237365723
7,2562,4.178339004516602
7,2563,4.169567108154297
7,2564,4.133031368255615
7,2565,4.14788293838501
7,2566,4.1657395362854
7,2567,4.108522415161133
7,2568,4.11845588684082
7,2569,4.16066837310791
7,2570,4.097905158996582
7,2571,4.151411056518555
7,2572,4.2032318115234375
7,2573,4.136548042297363
7,2574,4.094728469848633
7,2575,4.162967205047607
7,2576,4.138384819030762
7,2577,4.181277275085449
7,2578,4.186720371246338
7,2579,4.134840965270996
7,2580,4.1600542068481445
7,2581,4.1793928146362305
7,2582,4.196008205413818
7,2583,4.15391731262207
7,2584,4.095183372497559
7,2585,4.231632232666016
7,2586,4.169589042663574
7,2587,4.189920425415039
7,2588,4.120742321014404
7,2589,4.172889709472656
7,2590,4.154257297515869
7,2591,4.183239459991455
7,2592,4.159524917602539
7,2593,4.144872665405273
7,2594,4.183794975280762
7,2595,4.176431655883789
7,2596,4.142382621765137
7,2597,4.166056156158447
7,2598,4.175201892852783
7,2599,4.223588943481445
7,2600,4.124558448791504
7,2601,4.241416931152344
7,2602,4.139164924621582
7,2603,4.153168678283691
7,2604,4.139932155609131
7,2605,4.139867782592773
7,2606,4.15845251083374
7,2607,4.169646263122559
7,2608,4.168094158172607
7,2609,4.171730041503906
7,2610,4.1232757568359375
7,2611,4.191756248474121
7,2612,4.15187931060791
7,2613,4.139050006866455
7,2614,4.182245254516602
7,2615,4.141923904418945
7,2616,4.2654643058776855
7,2617,4.1762542724609375
7,2618,4.157577037811279
7,2619,4.14501428604126
7,2620,4.171084403991699
7,2621,4.101624488830566
7,2622,4.17390775680542
7,2623,4.16304874420166
7,2624,4.13475227355957
7,2625,4.106366157531738
7,2626,4.142550468444824
7,2627,4.17319393157959
7,2628,4.138343811035156
7,2629,4.177990913391113
7,2630,4.144299030303955
7,2631,4.148421287536621
7,2632,4.115865707397461
7,2633,4.186591148376465
7,2634,4.166130542755127
7,2635,4.149099826812744
7,2636,4.188777923583984
7,2637,4.069214820861816
7,2638,4.14148473739624
7,2639,4.155241966247559
7,2640,4.160088062286377
7,2641,4.219451427459717
7,2642,4.1454057693481445
7,2643,4.142368793487549
7,2644,4.163321495056152
7,2645,4.155177116394043
7,2646,4.20081901550293
7,2647,4.117149353027344
7,2648,4.141526222229004
7,2649,4.196914196014404
7,2650,4.147026062011719
7,2651,4.132494926452637
7,2652,4.131539344787598
7,2653,4.177931785583496
7,2654,4.092318534851074
7,2655,4.10892391204834
7,2656,4.160231113433838
7,2657,4.117674350738525
7,2658,4.1411027908325195
7,2659,4.184935569763184
7,2660,4.166323661804199
7,2661,4.174920558929443
7,2662,4.216512680053711
7,2663,4.180389404296875
7,2664,4.163809776306152
7,2665,4.1358184814453125
7,2666,4.146836280822754
7,2667,4.134951591491699
7,2668,4.12568473815918
7,2669,4.121607780456543
7,2670,4.1717095375061035
7,2671,4.17725944519043
7,2672,4.183272361755371
7,2673,4.106997489929199
7,2674,4.127686977386475
7,2675,4.107699871063232
7,2676,4.155774116516113
7,2677,4.165805816650391
7,2678,4.107654571533203
7,2679,4.124434471130371
7,2680,4.126768112182617
7,2681,4.219965934753418
7,2682,4.125864028930664
7,2683,4.11972713470459
7,2684,4.136375427246094
7,2685,4.196259498596191
7,2686,4.116741180419922
7,2687,4.132421493530273
7,2688,4.134098052978516
7,2689,4.188309669494629
7,2690,4.144540786743164
7,2691,4.122526168823242
7,2692,4.135028839111328
7,2693,4.106967926025391
7,2694,4.157301902770996
7,2695,4.156923770904541
7,2696,4.123979568481445
7,2697,4.139749050140381
7,2698,4.130501747131348
7,2699,4.104488849639893
7,2700,4.090699195861816
7,2701,4.182807445526123
7,2702,4.095188140869141
7,2703,4.139847755432129
7,2704,4.095233917236328
7,2705,4.160408020019531
7,2706,4.099038124084473
7,2707,4.13009786605835
7,2708,4.095699310302734
7,2709,4.063288688659668
7,2710,4.139176368713379
7,2711,4.135432720184326
7,2712,4.191239833831787
7,2713,4.197909832000732
7,2714,4.141116142272949
7,2715,4.167906284332275
7,2716,4.1093034744262695
7,2717,4.054937839508057
7,2718,4.116552829742432
7,2719,4.1609110832214355
7,2720,4.151073932647705
7,2721,4.135477066040039
7,2722,4.097805976867676
7,2723,4.148038387298584
7,2724,4.111128330230713
7,2725,4.166450500488281
7,2726,4.165383338928223
7,2727,4.123126029968262
7,2728,4.111093044281006
7,2729,4.097330093383789
7,2730,4.14286470413208
8,2731,4.139086723327637
8,2732,4.211267471313477
8,2733,4.12837028503418
8,2734,4.109201431274414
8,2735,4.115130424499512
8,2736,4.17323112487793
8,2737,4.116473197937012
8,2738,4.155696392059326
8,2739,4.189117431640625
8,2740,4.123043060302734
8,2741,4.187106609344482
8,2742,4.118984699249268
8,2743,4.16585636138916
8,2744,4.181996822357178
8,2745,4.131239891052246
8,2746,4.14061164855957
8,2747,4.102900505065918
8,2748,4.095331192016602
8,2749,4.153374671936035
8,2750,4.136621952056885
8,2751,4.104242324829102
8,2752,4.189157485961914
8,2753,4.159375190734863
8,2754,4.097378253936768
8,2755,4.130629539489746
8,2756,4.061870574951172
8,2757,4.114561080932617
8,2758,4.070154190063477
8,2759,4.096437454223633
8,2760,4.194047927856445
8,2761,4.118605613708496
8,2762,4.139886856079102
8,2763,4.095043182373047
8,2764,4.164510250091553
8,2765,4.129870891571045
8,2766,4.162369728088379
8,2767,4.132933616638184
8,2768,4.122635841369629
8,2769,4.174514293670654
8,2770,4.116631507873535
8,2771,4.185176372528076
8,2772,4.134424686431885
8,2773,4.102502822875977
8,2774,4.110483169555664
8,2775,4.1307373046875
8,2776,4.164173603057861
8,2777,4.122201442718506
8,2778,4.152966499328613
8,2779,4.116878509521484
8,2780,4.202398777008057
8,2781,4.201864719390869
8,2782,4.163715362548828
8,2783,4.164742469787598
8,2784,4.1465373039245605
8,2785,4.155062675476074
8,2786,4.172201633453369
8,2787,4.162247180938721
8,2788,4.159690856933594
8,2789,4.1318159103393555
8,2790,4.1573028564453125
8,2791,4.137958526611328
8,2792,4.134917259216309
8,2793,4.135250568389893
8,2794,4.1404242515563965
8,2795,4.116017818450928
8,2796,4.176436901092529
8,2797,4.139350891113281
8,2798,4.1293511390686035
8,2799,4.1168622970581055
8,2800,4.159381866455078
8,2801,4.153526782989502
8,2802,4.140216827392578
8,2803,4.112926483154297
8,2804,4.166964530944824
8,2805,4.157625198364258
8,2806,4.12336540222168
8,2807,4.13327169418335
8,2808,4.115322113037109
8,2809,4.1214799880981445
8,2810,4.156858444213867
8,2811,4.212643623352051
8,2812,4.184342384338379
8,2813,4.156316757202148
8,2814,4.16714334487915
8,2815,4.0991315841674805
8,2816,4.131372451782227
8,2817,4.131174087524414
8,2818,4.140598297119141
8,2819,4.124151229858398
8,2820,4.172856330871582
8,2821,4.166050910949707
8,2822,4.140520095825195
8,2823,4.105923652648926
8,2824,4.110435485839844
8,2825,4.152989387512207
8,2826,4.064248085021973
8,2827,4.164596080780029
8,2828,4.122786521911621
8,2829,4.14792537689209
8,2830,4.102720737457275
8,2831,4.138838291168213
8,2832,4.154812812805176
8,2833,4.1295318603515625
8,2834,4.083523750305176
8,2835,4.187329292297363
8,2836,4.079276084899902
8,2837,4.1933369636535645
8,2838,4.127832889556885
8,2839,4.154972553253174
8,2840,4.164913177490234
8,2841,4.156446933746338
8,2842,4.106562614440918
8,2843,4.18410062789917
8,2844,4.161595344543457
8,2845,4.158952236175537
8,2846,4.215503692626953
8,2847,4.167755126953125
8,2848,4.178383827209473
8,2849,4.162703990936279
8,2850,4.1539740562438965
8,2851,4.134951114654541
8,2852,4.188539981842041
8,2853,4.162539482116699
8,2854,4.172642707824707
8,2855,4.139880180358887
8,2856,4.0993146896362305
8,2857,4.147572994232178
8,2858,4.131922721862793
8,2859,4.13903284072876
8,2860,4.168432712554932
8,2861,4.173766136169434
8,2862,4.126611709594727
8,2863,4.216325759887695
8,2864,4.111294746398926
8,2865,4.132568359375
8,2866,4.137937545776367
8,2867,4.139795303344727
8,2868,4.119873046875
8,2869,4.175980091094971
8,2870,4.183466911315918
8,2871,4.143612861633301
8,2872,4.18396520614624
8,2873,4.123028755187988
8,2874,4.139482021331787
8,2875,4.1369452476501465
8,2876,4.121074199676514
8,2877,4.183635711669922
8,2878,4.122303485870361
8,2879,4.210204124450684
8,2880,4.165828704833984
8,2881,4.16208028793335
8,2882,4.115784645080566
8,2883,4.0980119705200195
8,2884,4.209448337554932
8,2885,4.122450828552246
8,2886,4.167539596557617
8,2887,4.166489124298096
8,2888,4.089481830596924
8,2889,4.090519905090332
8,2890,4.133904457092285
8,2891,4.188509464263916
8,2892,4.18392276763916
8,2893,4.18204402923584
8,2894,4.129180908203125
8,2895,4.096635341644287
8,2896,4.1869730949401855
8,2897,4.106869697570801
8,2898,4.169488906860352
8,2899,4.111538887023926
8,2900,4.173330307006836
8,2901,4.147426605224609
8,2902,4.184144020080566
8,2903,4.106300354003906
8,2904,4.1409125328063965
8,2905,4.197902679443359
8,2906,4.13615608215332
8,2907,4.170658588409424
8,2908,4.161864757537842
8,2909,4.142004013061523
8,2910,4.115380764007568
8,2911,4.146431922912598
8,2912,4.112483501434326
8,2913,4.153658866882324
8,2914,4.154200553894043
8,2915,4.197266101837158
8,2916,4.230727195739746
8,2917,4.166790962219238
8,2918,4.084404945373535
8,2919,4.161359786987305
8,2920,4.113397598266602
8,2921,4.1473798751831055
8,2922,4.132347106933594
8,2923,4.132666110992432
8,2924,4.131972312927246
8,2925,4.123729228973389
8,2926,4.191259384155273
8,2927,4.096160888671875
8,2928,4.137550354003906
8,2929,4.122557640075684
8,2930,4.171229362487793
8,2931,4.083980560302734
8,2932,4.092690944671631
8,2933,4.122015953063965
8,2934,4.127758026123047
8,2935,4.21343994140625
8,2936,4.123974323272705
8,2937,4.124807834625244
8,2938,4.1992692947387695
8,2939,4.170960903167725
8,2940,4.129175186157227
8,2941,4.113451957702637
8,2942,4.190267562866211
8,2943,4.108916759490967
8,2944,4.159231185913086
8,2945,4.132228851318359
8,2946,4.104323387145996
8,2947,4.17512321472168
8,2948,4.173384189605713
8,2949,4.098881244659424
8,2950,4.203031539916992
8,2951,4.067011833190918
8,2952,4.131170749664307
8,2953,4.192184925079346
8,2954,4.177769660949707
8,2955,4.141300678253174
8,2956,4.17970609664917
8,2957,4.108333587646484
8,2958,4.102079391479492
8,2959,4.163773536682129
8,2960,4.155331134796143
8,2961,4.128192901611328
8,2962,4.171036720275879
8,2963,4.105714797973633
8,2964,4.1376495361328125
8,2965,4.110029220581055
8,2966,4.122406959533691
8,2967,4.179443359375
8,2968,4.145308971405029
8,2969,4.18604850769043
8,2970,4.132510185241699
8,2971,4.131857395172119
8,2972,4.112305641174316
8,2973,4.16209077835083
8,2974,4.116290092468262
8,2975,4.095296859741211
8,2976,4.130033016204834
8,2977,4.092512130737305
8,2978,4.108747482299805
8,2979,4.194536209106445
8,2980,4.134422779083252
8,2981,4.131279468536377
8,2982,4.112871170043945
8,2983,4.116191864013672
8,2984,4.157893180847168
8,2985,4.183475494384766
8,2986,4.147497177124023
8,2987,4.132658958435059
8,2988,4.136374473571777
8,2989,4.140905380249023
8,2990,4.133831024169922
8,2991,4.1036248207092285
8,2992,4.125134468078613
8,2993,4.13768196105957
8,2994,4.19497537612915
8,2995,4.127762794494629
8,2996,4.069174766540527
8,2997,4.139179229736328
8,2998,4.100398063659668
8,2999,4.147003173828125
8,3000,4.149637222290039
8,3001,4.1629486083984375
8,3002,4.1525678634643555
8,3003,4.127557754516602
8,3004,4.121211051940918
8,3005,4.128474712371826
8,3006,4.1979169845581055
8,3007,4.0769782066345215
8,3008,4.088575839996338
8,3009,4.118546485900879
8,3010,4.127265930175781
8,3011,4.144962310791016
8,3012,4.140695571899414
8,3013,4.114076614379883
8,3014,4.09906530380249
8,3015,4.136914253234863
8,3016,4.1073899269104
8,3017,4.153643608093262
8,3018,4.097121238708496
8,3019,4.146350860595703
8,3020,4.1952338218688965
8,3021,4.18351936340332
8,3022,4.116638660430908
8,3023,4.175248146057129
8,3024,4.104358196258545
8,3025,4.155950546264648
8,3026,4.125825881958008
8,3027,4.1455230712890625
8,3028,4.122220993041992
8,3029,4.15798282623291
8,3030,4.145928382873535
8,3031,4.176602363586426
8,3032,4.173593997955322
8,3033,4.133502006530762
8,3034,4.151730060577393
8,3035,4.095887184143066
8,3036,4.128968238830566
8,3037,4.118080139160156
8,3038,4.117844581604004
8,3039,4.126631736755371
8,3040,4.181501388549805
8,3041,4.103647708892822
8,3042,4.091553688049316
8,3043,4.108776092529297
8,3044,4.076916694641113
8,3045,4.108464241027832
8,3046,4.131304740905762
8,3047,4.090610504150391
8,3048,4.092235088348389
8,3049,4.111873626708984
8,3050,4.150527000427246
8,3051,4.192631721496582
8,3052,4.134517669677734
8,3053,4.150219917297363
8,3054,4.093033790588379
8,3055,4.113374710083008
8,3056,4.143801212310791
8,3057,4.094144821166992
8,3058,4.118334770202637
8,3059,4.121182441711426
8,3060,4.103124618530273
8,3061,4.105901718139648
8,3062,4.215598106384277
8,3063,4.152604103088379
8,3064,4.099400520324707
8,3065,4.130134582519531
8,3066,4.0974345207214355
8,3067,4.1504974365234375
8,3068,4.189474105834961
8,3069,4.098928451538086
8,3070,4.183004379272461
8,3071,4.078423976898193
8,3072,4.138236999511719
8,3073,4.102877616882324
8,3074,4.154293060302734
8,3075,4.097306728363037
8,3076,4.130306243896484
8,3077,4.149066925048828
8,3078,4.058802604675293
8,3079,4.139967918395996
8,3080,4.159573078155518
8,3081,4.142867565155029
8,3082,4.131930351257324
8,3083,4.204419136047363
8,3084,4.071039199829102
8,3085,4.083715438842773
8,3086,4.128556251525879
8,3087,4.104045391082764
8,3088,4.12258768081665
8,3089,4.098145008087158
8,3090,4.144754409790039
8,3091,4.147741317749023
8,3092,4.127734184265137
8,3093,4.133710861206055
8,3094,4.137551307678223
8,3095,4.1948466300964355
8,3096,4.147154808044434
8,3097,4.102035045623779
8,3098,4.092648506164551
8,3099,4.077017784118652
8,3100,4.13687801361084
8,3101,4.166582107543945
8,3102,4.124638557434082
8,3103,4.121365547180176
8,3104,4.093149185180664
8,3105,4.189243316650391
8,3106,4.125119209289551
8,3107,4.180388450622559
8,3108,4.150716304779053
8,3109,4.092108726501465
8,3110,4.118005752563477
8,3111,4.123435974121094
8,3112,4.1639814376831055
8,3113,4.125112056732178
8,3114,4.148636341094971
8,3115,4.092667579650879
8,3116,4.121271133422852
8,3117,4.105903148651123
8,3118,4.120490550994873
8,3119,4.108489990234375
8,3120,4.086029529571533
9,3121,4.057677268981934
9,3122,4.076851844787598
9,3123,4.151031494140625
9,3124,4.098796844482422
9,3125,4.110544204711914
9,3126,4.141572952270508
9,3127,4.189517021179199
9,3128,4.122941017150879
9,3129,4.14193868637085
9,3130,4.13107442855835
9,3131,4.096930027008057
9,3132,4.162903785705566
9,3133,4.120240211486816
9,3134,4.10957670211792
9,3135,4.106998920440674
9,3136,4.099715232849121
9,3137,4.086831092834473
9,3138,4.1658477783203125
9,3139,4.093260765075684
9,3140,4.109598159790039
9,3141,4.177811622619629
9,3142,4.139469146728516
9,3143,4.173596382141113
9,3144,4.162383079528809
9,3145,4.055954456329346
9,3146,4.121673583984375
9,3147,4.130357265472412
9,3148,4.103621959686279
9,3149,4.1352033615112305
9,3150,4.108184814453125
9,3151,4.120977878570557
9,3152,4.178231239318848
9,3153,4.148258686065674
9,3154,4.137862205505371
9,3155,4.185202598571777
9,3156,4.116091728210449
9,3157,4.043839931488037
9,3158,4.09991979598999
9,3159,4.124808311462402
9,3160,4.231738090515137
9,3161,4.139612197875977
9,3162,4.12368106842041
9,3163,4.105376243591309
9,3164,4.119621753692627
9,3165,4.139681816101074
9,3166,4.091553688049316
9,3167,4.021097183227539
9,3168,4.127842903137207
9,3169,4.128578186035156
9,3170,4.101157188415527
9,3171,4.149068355560303
9,3172,4.066231727600098
9,3173,4.146127700805664
9,3174,4.111992835998535
9,3175,4.082695007324219
9,3176,4.1161651611328125
9,3177,4.089559555053711
9,3178,4.1396660804748535
9,3179,4.157553672790527
9,3180,4.086019992828369
9,3181,4.145153045654297
9,3182,4.116994857788086
9,3183,4.137111663818359
9,3184,4.201436996459961
9,3185,4.065158843994141
9,3186,4.104379653930664
9,3187,4.092658996582031
9,3188,4.164496421813965
9,3189,4.118472576141357
9,3190,4.124359130859375
9,3191,4.16424560546875
9,3192,4.203808307647705
9,3193,4.1462931632995605
9,3194,4.127726078033447
9,3195,4.116035461425781
9,3196,4.166999340057373
9,3197,4.138382911682129
9,3198,4.191006660461426
9,3199,4.115532398223877
9,3200,4.107999801635742
9,3201,4.068164825439453
9,3202,4.105805397033691
9,3203,4.138312339782715
9,3204,4.148482322692871
9,3205,4.121502876281738
9,3206,4.149294853210449
9,3207,4.123388290405273
9,3208,4.115716457366943
9,3209,4.148393630981445
9,3210,4.101678371429443
9,3211,4.098954677581787
9,3212,4.075628280639648
9,3213,4.091155529022217
9,3214,4.1060380935668945
9,3215,4.1361083984375
9,3216,4.139350891113281
9,3217,4.1204118728637695
9,3218,4.121988773345947
9,3219,4.15408992767334
9,3220,4.141335487365723
9,3221,4.08572244644165
9,3222,4.113520622253418
9,3223,4.192960739135742
9,3224,4.141297340393066
9,3225,4.161143779754639
9,3226,4.113795280456543
9,3227,4.105469226837158
9,3228,4.132770538330078
9,3229,4.120651721954346
9,3230,4.112823486328125
9,3231,4.1452531814575195
9,3232,4.14711856842041
9,3233,4.1141791343688965
9,3234,4.178293228149414
9,3235,4.1414690017700195
9,3236,4.136486530303955
9,3237,4.106882095336914
9,3238,4.139957904815674
9,3239,4.106968879699707
9,3240,4.095749855041504
9,3241,4.088624000549316
9,3242,4.160508632659912
9,3243,4.151991844177246
9,3244,4.145933151245117
9,3245,4.131464004516602
9,3246,4.152377128601074
9,3247,4.138372898101807
9,3248,4.145297050476074
9,3249,4.106134414672852
9,3250,4.173985004425049
9,3251,4.086676597595215
9,3252,4.187551021575928
9,3253,4.144816875457764
9,3254,4.141261100769043
9,3255,4.123801231384277
9,3256,4.139534950256348
9,3257,4.13987922668457
9,3258,4.094202041625977
9,3259,4.111411094665527
9,3260,4.153398513793945
9,3261,4.150171279907227
9,3262,4.175616264343262
9,3263,4.194825172424316
9,3264,4.128174781799316
9,3265,4.0939717292785645
9,3266,4.187411785125732
9,3267,4.149770259857178
9,3268,4.190156936645508
9,3269,4.097377777099609
9,3270,4.089818477630615
9,3271,4.174145698547363
9,3272,4.10090446472168
9,3273,4.144284248352051
9,3274,4.069669723510742
9,3275,4.112467288970947
9,3276,4.121362209320068
9,3277,4.139945983886719
9,3278,4.146783351898193
9,3279,4.126304626464844
9,3280,4.227217674255371
9,3281,4.104491233825684
9,3282,4.083009243011475
9,3283,4.147231101989746
9,3284,4.113539695739746
9,3285,4.168234825134277
9,3286,4.125712871551514
9,3287,4.1016845703125
9,3288,4.089509010314941
9,3289,4.110607147216797
9,3290,4.109724044799805
9,3291,4.1735639572143555
9,3292,4.141719818115234
9,3293,4.0863566398620605
9,3294,4.140422821044922
9,3295,4.118744850158691
9,3296,4.103180885314941
9,3297,4.133540630340576
9,3298,4.130487442016602
9,3299,4.162598609924316
9,3300,4.13838529586792
9,3301,4.156060218811035
9,3302,4.100470542907715
9,3303,4.091570854187012
9,3304,4.169453144073486
9,3305,4.1591596603393555
9,3306,4.070801258087158
9,3307,4.134740829467773
9,3308,4.074233055114746
9,3309,4.1619415283203125
9,3310,4.117337703704834
9,3311,4.139125823974609
9,3312,4.182026386260986
9,3313,4.147639751434326
9,3314,4.185275077819824
9,3315,4.220010757446289
9,3316,4.122380256652832
9,3317,4.129855632781982
9,3318,4.148195266723633
9,3319,4.120548725128174
9,3320,4.1135406494140625
9,3321,4.114171981811523
9,3322,4.199601650238037
9,3323,4.093583583831787
9,3324,4.086432456970215
9,3325,4.101319313049316
9,3326,4.10914421081543
9,3327,4.151034355163574
9,3328,4.11086368560791
9,3329,4.126408100128174
9,3330,4.089215278625488
9,3331,4.073711395263672
9,3332,4.1200971603393555
9,3333,4.116354942321777
9,3334,4.12484073638916
9,3335,4.124258041381836
9,3336,4.136092185974121
9,3337,4.143624782562256
9,3338,4.1033124923706055
9,3339,4.047245979309082
9,3340,4.119927406311035
9,3341,4.148600101470947
9,3342,4.076939582824707
9,3343,4.1198506355285645
9,3344,4.123591423034668
9,3345,4.173955917358398
9,3346,4.171014785766602
9,3347,4.122704029083252
9,3348,4.106988906860352
9,3349,4.045192241668701
9,3350,4.2203474044799805
9,3351,4.138533115386963
9,3352,4.12648868560791
9,3353,4.109470844268799
9,3354,4.164996147155762
9,3355,4.066023826599121
9,3356,4.124732971191406
9,3357,4.133114814758301
9,3358,4.113898277282715
9,3359,4.106586456298828
9,3360,4.208159923553467
9,3361,4.117172718048096
9,3362,4.0796990394592285
9,3363,4.169224739074707
9,3364,4.133451461791992
9,3365,4.087034702301025
9,3366,4.133779525756836
9,3367,4.078047752380371
9,3368,4.134260177612305
9,3369,4.1224212646484375
9,3370,4.126582145690918
9,3371,4.159399032592773
9,3372,4.173684120178223
9,3373,4.099212646484375
9,3374,4.131258487701416
9,3375,4.059599876403809
9,3376,4.051266670227051
9,3377,4.101727485656738
9,3378,4.149965763092041
9,3379,4.095754623413086
9,3380,4.126439094543457
9,3381,4.153262138366699
9,3382,4.208900451660156
9,3383,4.085267066955566
9,3384,4.130178451538086
9,3385,4.114625930786133
9,3386,4.1082329750061035
9,3387,4.054588317871094
9,3388,4.085999965667725
9,3389,4.154026985168457
9,3390,4.133433818817139
9,3391,4.095244407653809
9,3392,4.167428970336914
9,3393,4.162901878356934
9,3394,4.110385894775391
9,3395,4.103492736816406
9,3396,4.134078025817871
9,3397,4.152646064758301
9,3398,4.15791654586792
9,3399,4.109118461608887
9,3400,4.146378993988037
9,3401,4.144035816192627
9,3402,4.101024627685547
9,3403,4.114323139190674
9,3404,4.134558200836182
9,3405,4.143098831176758
9,3406,4.125095844268799
9,3407,4.089375972747803
9,3408,4.093663215637207
9,3409,4.126955509185791
9,3410,4.122933864593506
9,3411,4.111711502075195
9,3412,4.147616863250732
9,3413,4.142330169677734
9,3414,4.128382682800293
9,3415,4.126888751983643
9,3416,4.165576457977295
9,3417,4.156315803527832
9,3418,4.068473815917969
9,3419,4.1808857917785645
9,3420,4.129971027374268
9,3421,4.1783905029296875
9,3422,4.114339351654053
9,3423,4.186367988586426
9,3424,4.112607002258301
9,3425,4.114904403686523
9,3426,4.100037574768066
9,3427,4.158317565917969
9,3428,4.118756294250488
9,3429,4.127002716064453
9,3430,4.155089855194092
9,3431,4.093008041381836
9,3432,4.121929168701172
9,3433,4.137778282165527
9,3434,4.202394485473633
9,3435,4.125243186950684
9,3436,4.118809700012207
9,3437,4.127476692199707
9,3438,4.06824254989624
9,3439,4.154666900634766
9,3440,4.0930681228637695
9,3441,4.064076900482178
9,3442,4.084428310394287
9,3443,4.0954179763793945
9,3444,4.145573616027832
9,3445,4.114063739776611
9,3446,4.161012649536133
9,3447,4.089486122131348
9,3448,4.164947986602783
9,3449,4.1340742111206055
9,3450,4.095908164978027
9,3451,4.090331077575684
9,3452,4.11450719833374
9,3453,4.120789051055908
9,3454,4.171591758728027
9,3455,4.129942417144775
9,3456,4.125234603881836
9,3457,4.058680534362793
9,3458,4.085710525512695
9,3459,4.078489303588867
9,3460,4.111847400665283
9,3461,4.147931098937988
9,3462,4.0920000076293945
9,3463,4.153685569763184
9,3464,4.172528266906738
9,3465,4.115268707275391
9,3466,4.125234603881836
9,3467,4.114222049713135
9,3468,4.116774559020996
9,3469,4.164036750793457
9,3470,4.119012832641602
9,3471,4.104254722595215
9,3472,4.083651542663574
9,3473,4.163563251495361
9,3474,4.146604537963867
9,3475,4.107242107391357
9,3476,4.1551995277404785
9,3477,4.120058059692383
9,3478,4.142111778259277
9,3479,4.152192115783691
9,3480,4.089206695556641
9,3481,4.124731540679932
9,3482,4.100717067718506
9,3483,4.135281085968018
9,3484,4.150020122528076
9,3485,4.05277681350708
9,3486,4.089806079864502
9,3487,4.155937194824219
9,3488,4.137172698974609
9,3489,4.128958702087402
9,3490,4.156728744506836
9,3491,4.091508865356445
9,3492,4.084573745727539
9,3493,4.133859634399414
9,3494,4.079385280609131
9,3495,4.142914772033691
9,3496,4.058034896850586
9,3497,4.11692476272583
9,3498,4.089835166931152
9,3499,4.162609577178955
9,3500,4.073307991027832
9,3501,4.1761860847473145
9,3502,4.094771385192871
9,3503,4.149722099304199
9,3504,4.101746559143066
9,3505,4.088397026062012
9,3506,4.110424041748047
9,3507,4.127449989318848
9,3508,4.094735145568848
9,3509,4.125213146209717
9,3510,4.199278354644775
10,3511,4.149618625640869
10,3512,4.07058048248291
10,3513,4.104763984680176
10,3514,4.120016574859619
10,3515,4.060946464538574
10,3516,4.1141862869262695
10,3517,4.1245832443237305
10,3518,4.173380374908447
10,3519,4.10901403427124
10,3520,4.096247673034668
10,3521,4.146580696105957
10,3522,4.120426177978516
10,3523,4.074093818664551
10,3524,4.117683410644531
10,3525,4.117043972015381
10,3526,4.063254356384277
10,3527,4.144881725311279
10,3528,4.188261032104492
10,3529,4.100446701049805
10,3530,4.0951948165893555
10,3531,4.084627628326416
10,3532,4.084046363830566
10,3533,4.1407012939453125
10,3534,4.111867904663086
10,3535,4.101357460021973
10,3536,4.07769250869751
10,3537,4.095818519592285
10,3538,4.153205871582031
10,3539,4.104888916015625
10,3540,4.096493244171143
10,3541,4.114715576171875
10,3542,4.1020917892456055
10,3543,4.10522985458374
10,3544,4.181149482727051
10,3545,4.109640598297119
10,3546,4.109652519226074
10,3547,4.072082996368408
10,3548,4.090083122253418
10,3549,4.104544639587402
10,3550,4.089844226837158
10,3551,4.126213073730469
10,3552,4.188984394073486
10,3553,4.078721046447754
10,3554,4.092652320861816
10,3555,4.1081390380859375
10,3556,4.149520397186279
10,3557,4.146519660949707
10,3558,4.1247358322143555
10,3559,4.08117151260376
10,3560,4.1519060134887695
10,3561,4.122959136962891
10,3562,4.130080223083496
10,3563,4.102597236633301
10,3564,4.075167655944824
10,3565,4.146509170532227
10,3566,4.095945835113525
10,3567,4.106515884399414
10,3568,4.090273380279541
10,3569,4.125389099121094
10,3570,4.075650215148926
10,3571,4.128848075866699
10,3572,4.102283954620361
10,3573,4.103530406951904
10,3574,4.071856498718262
10,3575,4.097920894622803
10,3576,4.137035369873047
10,3577,4.108038425445557
10,3578,4.06239128112793
10,3579,4.099527359008789
10,3580,4.1289567947387695
10,3581,4.1351470947265625
10,3582,4.08733606338501
10,3583,4.093585014343262
10,3584,4.093695640563965
10,3585,4.082627296447754
10,3586,4.112557411193848
10,3587,4.105925559997559
10,3588,4.077032089233398
10,3589,4.1077117919921875
10,3590,4.112531661987305
10,3591,4.07630729675293
10,3592,4.186903476715088
10,3593,4.0607757568359375
10,3594,4.066518783569336
10,3595,4.097589492797852
10,3596,4.101071834564209
10,3597,4.077907562255859
10,3598,4.155491828918457
10,3599,4.082653045654297
10,3600,4.117236137390137
10,3601,4.104705810546875
10,3602,4.052748680114746
10,3603,4.052822113037109
10,3604,4.125638961791992
10,3605,4.118825912475586
10,3606,4.135795593261719
10,3607,4.143263339996338
10,3608,4.136157989501953
10,3609,4.131158828735352
10,3610,4.130053997039795
10,3611,4.111667156219482
10,3612,4.101585388183594
10,3613,4.1002678871154785
10,3614,4.054449081420898
10,3615,4.126432418823242
10,3616,4.120087623596191
10,3617,4.138926029205322
10,3618,4.071252822875977
10,3619,4.0860185623168945
10,3620,4.108736991882324
10,3621,4.155662536621094
10,3622,4.116680145263672
10,3623,4.125120639801025
10,3624,4.132822513580322
10,3625,4.069295883178711
10,3626,4.075827598571777
10,3627,4.1684441566467285
10,3628,4.097048759460449
10,3629,4.163117408752441
10,3630,4.106372833251953
10,3631,4.098891258239746
10,3632,4.176650047302246
10,3633,4.157805442810059
10,3634,4.142601013183594
10,3635,4.078220367431641
10,3636,4.1105475425720215
10,3637,4.096057891845703
10,3638,4.110428810119629
10,3639,4.094453811645508
10,3640,4.081061840057373
10,3641,4.078334808349609
10,3642,4.078421115875244
10,3643,4.078180313110352
10,3644,4.10617733001709
10,3645,4.119287967681885
10,3646,4.092458724975586
10,3647,4.115481376647949
10,3648,4.082444190979004
10,3649,4.102771759033203
10,3650,4.143631935119629
10,3651,4.094413757324219
10,3652,4.140255928039551
10,3653,4.088441848754883
10,3654,4.08826208114624
10,3655,4.098833084106445
10,3656,4.084952354431152
10,3657,4.088687896728516
10,3658,4.090699672698975
10,3659,4.12538480758667
10,3660,4.179903507232666
10,3661,4.081650733947754
10,3662,4.123219013214111
10,3663,4.068812370300293
10,3664,4.115509033203125
10,3665,4.148886680603027
10,3666,4.187013626098633
10,3667,4.112017631530762
10,3668,4.143045425415039
10,3669,4.064916133880615
10,3670,4.181574821472168
10,3671,4.122520923614502
10,3672,4.109500408172607
10,3673,4.109228134155273
10,3674,4.1313700675964355
10,3675,4.036911964416504
10,3676,4.121155738830566
10,3677,4.153339385986328
10,3678,4.156431674957275
10,3679,4.101652145385742
10,3680,4.121007919311523
10,3681,4.114705562591553
10,3682,4.156847953796387
10,3683,4.107958793640137
10,3684,4.186923980712891
10,3685,4.111644744873047
10,3686,4.085171699523926
10,3687,4.096259117126465
10,3688,4.100399971008301
10,3689,4.090895652770996
10,3690,4.1191511154174805
10,3691,4.1366472244262695
10,3692,4.096335411071777
10,3693,4.132525444030762
10,3694,4.135078430175781
10,3695,4.046546459197998
10,3696,4.097348213195801
10,3697,4.132709503173828
10,3698,4.043344497680664
10,3699,4.067151069641113
10,3700,4.119742393493652
10,3701,4.115236759185791
10,3702,4.10994815826416
10,3703,4.1128153800964355
10,3704,4.101858615875244
10,3705,4.1331257820129395
10,3706,4.161862373352051
10,3707,4.076693534851074
10,3708,4.149126052856445
10,3709,4.107882499694824
10,3710,4.112394332885742
10,3711,4.093823432922363
10,3712,4.110930442810059
10,3713,4.117012023925781
10,3714,4.153517246246338
10,3715,4.118252277374268
10,3716,4.142088890075684
10,3717,4.082427978515625
10,3718,4.086821556091309
10,3719,4.049197196960449
10,3720,4.199171543121338
10,3721,4.089529991149902
10,3722,4.104090690612793
10,3723,4.11543083190918
10,3724,4.154809951782227
10,3725,4.104557991027832
10,3726,4.147212982177734
10,3727,4.0818376541137695
10,3728,4.101548194885254
10,3729,4.081183910369873
10,3730,4.141695022583008
10,3731,4.099760055541992
10,3732,4.063008785247803
10,3733,4.110587120056152
10,3734,4.158063888549805
10,3735,4.135316848754883
10,3736,4.105741024017334
10,3737,4.116138458251953
10,3738,4.120701789855957
10,3739,4.121581554412842
10,3740,4.121701240539551
10,3741,4.1097259521484375
10,3742,4.051321983337402
10,3743,4.099413871765137
10,3744,4.112227439880371
10,3745,4.086182594299316
10,3746,4.128475189208984
10,3747,4.119493007659912
10,3748,4.115424156188965
10,3749,4.148947715759277
10,3750,4.09637451171875
10,3751,4.082606315612793
10,3752,4.084043502807617
10,3753,4.087207794189453
10,3754,4.153561592102051
10,3755,4.127978324890137
10,3756,4.106882095336914
10,3757,4.083271026611328
10,3758,4.073630332946777
10,3759,4.087881088256836
10,3760,4.083539962768555
10,3761,4.111021041870117
10,3762,4.084877967834473
10,3763,4.053199768066406
10,3764,4.112499237060547
10,3765,4.15488338470459
10,3766,4.1269025802612305
10,3767,4.084868907928467
10,3768,4.11191463470459
10,3769,4.1181230545043945
10,3770,4.091031551361084
10,3771,4.134945392608643
10,3772,4.1276750564575195
10,3773,4.109650611877441
10,3774,4.099056243896484
10,3775,4.029800891876221
10,3776,4.1157636642456055
10,3777,4.148036003112793
10,3778,4.1079301834106445
10,3779,4.128488540649414
10,3780,4.1319708824157715
10,3781,4.073739528656006
10,3782,4.086908340454102
10,3783,4.134749889373779
10,3784,4.110564708709717
10,3785,4.075815200805664
10,3786,4.0742597579956055
10,3787,4.092096328735352
10,3788,4.085297584533691
10,3789,4.066864490509033
10,3790,4.154419898986816
10,3791,4.138469219207764
10,3792,4.143338203430176
10,3793,4.083362579345703
10,3794,4.043581962585449
10,3795,4.148592948913574
10,3796,4.11359977722168
10,3797,4.132646083831787
10,3798,4.103475570678711
10,3799,4.10502290725708
10,3800,4.083678245544434
10,3801,4.120733737945557
10,3802,4.14604377746582
10,3803,4.142696857452393
10,3804,4.079928874969482
10,3805,4.057680606842041
10,3806,4.1784563064575195
10,3807,4.105927467346191
10,3808,4.117968559265137
10,3809,4.148294925689697
10,3810,4.118203163146973
10,3811,4.106368064880371
10,3812,4.133624076843262
10,3813,4.189337730407715
10,3814,4.101970672607422
10,3815,4.107076168060303
10,3816,4.114048957824707
10,3817,4.1486101150512695
10,3818,4.179797649383545
10,3819,4.143571853637695
10,3820,4.1678338050842285
10,3821,4.089940071105957
10,3822,4.157381057739258
10,3823,4.179242134094238
10,3824,4.157209396362305
10,3825,4.103577613830566
10,3826,4.1227216720581055
10,3827,4.0990447998046875
10,3828,4.097743034362793
10,3829,4.125295162200928
10,3830,4.080796718597412
10,3831,4.096060276031494
10,3832,4.104891300201416
10,3833,4.09970235824585
10,3834,4.090537071228027
10,3835,4.091144561767578
10,3836,4.072310447692871
10,3837,4.102945327758789
10,3838,4.178652763366699
10,3839,4.128732204437256
10,3840,4.094354152679443
10,3841,4.126641273498535
10,3842,4.020869731903076
10,3843,4.129283905029297
10,3844,4.175798416137695
10,3845,4.107803821563721
10,3846,4.075195789337158
10,3847,4.0687456130981445
10,3848,4.107831954956055
10,3849,4.182012557983398
10,3850,4.115694046020508
10,3851,4.082951545715332
10,3852,4.102016925811768
10,3853,4.194856643676758
10,3854,4.111337661743164
10,3855,4.104696273803711
10,3856,4.122413635253906
10,3857,4.08038330078125
10,3858,4.083714008331299
10,3859,4.126193046569824
10,3860,4.081340789794922
10,3861,4.1527485847473145
10,3862,4.153233051300049
10,3863,4.194990158081055
10,3864,4.096525192260742
10,3865,4.0665388107299805
10,3866,4.073406219482422
10,3867,4.168047904968262
10,3868,4.143024444580078
10,3869,4.098369121551514
10,3870,4.139159202575684
10,3871,4.084075927734375
10,3872,4.080108642578125
10,3873,4.13021183013916
10,3874,4.1677398681640625
10,3875,4.114411354064941
10,3876,4.137762546539307
10,3877,4.106322288513184
10,3878,4.080504417419434
10,3879,4.184577941894531
10,3880,4.093287467956543
10,3881,4.154346466064453
10,3882,4.100445747375488
10,3883,4.108607292175293
10,3884,4.153664588928223
10,3885,4.11629056930542
10,3886,4.095530986785889
10,3887,4.156085968017578
10,3888,4.148163795471191
10,3889,4.080239295959473
10,3890,4.102386951446533
10,3891,4.127699851989746
10,3892,4.089982032775879
10,3893,4.087173938751221
10,3894,4.114940166473389
10,3895,4.097031116485596
10,3896,4.061619758605957
10,3897,4.114536285400391
10,3898,4.119029998779297
10,3899,4.144021987915039
10,3900,4.090417861938477
