epoch,step,train_loss,train_acc
1,1,2.330171585083008,0.125
1,2,2.7969186305999756,0.1328125
1,3,2.313310146331787,0.1875
1,4,2.3221187591552734,0.2109375
1,5,2.528420925140381,0.1875
1,6,2.4336392879486084,0.1875
1,7,2.085768699645996,0.25
1,8,2.044295310974121,0.2421875
1,9,2.0290639400482178,0.1953125
1,10,1.9275277853012085,0.25
1,11,1.899596929550171,0.21875
1,12,1.8802030086517334,0.3125
1,13,1.7587355375289917,0.421875
1,14,1.8789558410644531,0.296875
1,15,1.9529507160186768,0.2734375
1,16,1.8672126531600952,0.3125
1,17,1.8186585903167725,0.3203125
1,18,1.8027451038360596,0.296875
1,19,1.7435964345932007,0.3828125
1,20,1.757917046546936,0.3203125
1,21,1.7569246292114258,0.359375
1,22,1.814378261566162,0.328125
1,23,1.931002140045166,0.3046875
1,24,1.6209657192230225,0.3515625
1,25,1.74961256980896,0.328125
1,26,1.7281179428100586,0.359375
1,27,1.9907689094543457,0.2578125
1,28,1.6939831972122192,0.359375
1,29,1.7714076042175293,0.34375
1,30,1.8580241203308105,0.2890625
1,31,1.748130202293396,0.34375
1,32,1.594465970993042,0.4453125
1,33,1.814296007156372,0.28125
1,34,1.7914525270462036,0.3984375
1,35,1.7925574779510498,0.3125
1,36,1.6029373407363892,0.3671875
1,37,1.6507768630981445,0.390625
1,38,1.6487051248550415,0.390625
1,39,1.6277928352355957,0.390625
1,40,1.7078075408935547,0.34375
1,41,1.5887231826782227,0.375
1,42,1.7835290431976318,0.3515625
1,43,1.8020527362823486,0.359375
1,44,1.63088059425354,0.4375
1,45,1.654630422592163,0.4140625
1,46,1.69688081741333,0.359375
1,47,1.6102293729782104,0.375
1,48,1.5645897388458252,0.4296875
1,49,1.5300071239471436,0.453125
1,50,1.6367387771606445,0.4140625
1,51,1.8710761070251465,0.328125
1,52,1.8735170364379883,0.2890625
1,53,1.702958345413208,0.3203125
1,54,1.5666496753692627,0.4140625
1,55,1.5909647941589355,0.4140625
1,56,1.7032432556152344,0.375
1,57,1.6410517692565918,0.4375
1,58,1.5192649364471436,0.4765625
1,59,1.5724393129348755,0.40625
1,60,1.713526964187622,0.3359375
1,61,1.530480146408081,0.453125
1,62,1.494727611541748,0.46875
1,63,1.6141963005065918,0.4375
1,64,1.4539037942886353,0.4140625
1,65,1.5757157802581787,0.3671875
1,66,1.665816068649292,0.3828125
1,67,1.7045739889144897,0.34375
1,68,1.5645897388458252,0.453125
1,69,1.5063327550888062,0.3828125
1,70,1.5052518844604492,0.3984375
1,71,1.7177963256835938,0.3828125
1,72,1.6841322183609009,0.375
1,73,1.52099609375,0.3828125
1,74,1.4486875534057617,0.453125
1,75,1.5629525184631348,0.390625
1,76,1.6001478433609009,0.3984375
1,77,1.5621089935302734,0.4375
1,78,1.4625725746154785,0.484375
1,79,1.5614169836044312,0.4453125
1,80,1.6117936372756958,0.375
1,81,1.6812233924865723,0.34375
1,82,1.5120782852172852,0.4375
1,83,1.6397483348846436,0.359375
1,84,1.5157805681228638,0.3984375
1,85,1.336195707321167,0.546875
1,86,1.6173977851867676,0.390625
1,87,1.3288428783416748,0.5234375
1,88,1.464288592338562,0.453125
1,89,1.5978577136993408,0.3828125
1,90,1.638299584388733,0.375
1,91,1.541633129119873,0.3984375
1,92,1.5178234577178955,0.46875
1,93,1.3957254886627197,0.5078125
1,94,1.5965118408203125,0.4140625
1,95,1.46799635887146,0.5
1,96,1.4709933996200562,0.46875
1,97,1.6153959035873413,0.40625
1,98,1.4703909158706665,0.421875
1,99,1.3864980936050415,0.4921875
1,100,1.414259672164917,0.484375
1,101,1.5412081480026245,0.4453125
1,102,1.4022502899169922,0.4609375
1,103,1.5331230163574219,0.390625
1,104,1.4243319034576416,0.421875
1,105,1.6826605796813965,0.3515625
1,106,1.3749644756317139,0.515625
1,107,1.4509440660476685,0.453125
1,108,1.5728100538253784,0.4296875
1,109,1.4787620306015015,0.4609375
1,110,1.4808095693588257,0.390625
1,111,1.3536250591278076,0.46875
1,112,1.299134612083435,0.546875
1,113,1.49247407913208,0.453125
1,114,1.5207183361053467,0.421875
1,115,1.473880648612976,0.515625
1,116,1.3057938814163208,0.5390625
1,117,1.5549073219299316,0.453125
1,118,1.4831242561340332,0.453125
1,119,1.4828155040740967,0.4375
1,120,1.4772175550460815,0.4609375
1,121,1.3548502922058105,0.515625
1,122,1.3945002555847168,0.4765625
1,123,1.4769368171691895,0.484375
1,124,1.5139837265014648,0.4609375
1,125,1.5145952701568604,0.3984375
1,126,1.445170283317566,0.421875
1,127,1.4832607507705688,0.484375
1,128,1.439817190170288,0.5
1,129,1.523164987564087,0.46875
1,130,1.570535659790039,0.453125
1,131,1.4293333292007446,0.4765625
1,132,1.3882790803909302,0.4765625
1,133,1.3392776250839233,0.5703125
1,134,1.2003917694091797,0.609375
1,135,1.4139536619186401,0.4609375
1,136,1.2682125568389893,0.5
1,137,1.3124390840530396,0.4765625
1,138,1.4790444374084473,0.4765625
1,139,1.3289748430252075,0.4921875
1,140,1.2788949012756348,0.5078125
1,141,1.2929093837738037,0.546875
1,142,1.412773609161377,0.53125
1,143,1.3074963092803955,0.5
1,144,1.4853132963180542,0.4375
1,145,1.4514708518981934,0.5078125
1,146,1.4085991382598877,0.484375
1,147,1.2348334789276123,0.5703125
1,148,1.3884785175323486,0.53125
1,149,1.3133546113967896,0.5234375
1,150,1.3777709007263184,0.515625
1,151,1.2228747606277466,0.5625
1,152,1.2928532361984253,0.53125
1,153,1.351584792137146,0.5078125
1,154,1.328274130821228,0.515625
1,155,1.269967794418335,0.515625
1,156,1.4232268333435059,0.4765625
1,157,1.3839750289916992,0.515625
1,158,1.3220179080963135,0.53125
1,159,1.562274694442749,0.4609375
1,160,1.4055328369140625,0.46875
1,161,1.3890501260757446,0.5234375
1,162,1.404604434967041,0.4921875
1,163,1.3075299263000488,0.546875
1,164,1.2820429801940918,0.5390625
1,165,1.2868125438690186,0.53125
1,166,1.616166591644287,0.421875
1,167,1.2375712394714355,0.6015625
1,168,1.3310484886169434,0.5078125
1,169,1.288437008857727,0.5546875
1,170,1.298957109451294,0.5546875
1,171,1.320530891418457,0.53125
1,172,1.3711341619491577,0.5234375
1,173,1.2303186655044556,0.546875
1,174,1.410037875175476,0.4609375
1,175,1.3318686485290527,0.515625
1,176,1.2643439769744873,0.515625
1,177,1.2103897333145142,0.4921875
1,178,1.4109535217285156,0.53125
1,179,1.499099612236023,0.5
1,180,1.4388244152069092,0.515625
1,181,1.2654938697814941,0.53125
1,182,1.3606096506118774,0.4765625
1,183,1.213146448135376,0.5703125
1,184,1.3427109718322754,0.46875
1,185,1.1465665102005005,0.578125
1,186,1.2351088523864746,0.5390625
1,187,1.207113265991211,0.5859375
1,188,1.2451454401016235,0.546875
1,189,1.3124055862426758,0.546875
1,190,1.3254749774932861,0.5
1,191,1.362654447555542,0.546875
1,192,1.3467726707458496,0.4921875
1,193,1.358137607574463,0.5390625
1,194,1.3003544807434082,0.515625
1,195,1.2328234910964966,0.5703125
1,196,1.2271358966827393,0.53125
1,197,1.355241060256958,0.484375
1,198,1.371825933456421,0.5078125
1,199,1.240235447883606,0.5078125
1,200,1.3150204420089722,0.5546875
1,201,1.1835906505584717,0.5859375
1,202,1.1863679885864258,0.5859375
1,203,1.109838843345642,0.6171875
1,204,1.1535072326660156,0.5859375
1,205,1.3185360431671143,0.5
1,206,1.2742125988006592,0.578125
1,207,1.1572257280349731,0.578125
1,208,1.276658058166504,0.5546875
1,209,1.2101324796676636,0.5625
1,210,1.2750606536865234,0.5625
1,211,1.2379536628723145,0.5546875
1,212,1.1309045553207397,0.515625
1,213,1.152108907699585,0.5625
1,214,1.30985426902771,0.5546875
1,215,1.1691391468048096,0.5859375
1,216,1.1921675205230713,0.578125
1,217,1.3859734535217285,0.546875
1,218,1.1673309803009033,0.5859375
1,219,1.2932214736938477,0.5078125
1,220,1.028605580329895,0.65625
1,221,1.2343109846115112,0.5625
1,222,1.2368627786636353,0.53125
1,223,1.2007814645767212,0.5625
1,224,1.2512379884719849,0.5234375
1,225,1.0878970623016357,0.625
1,226,1.2206125259399414,0.5234375
1,227,1.3220875263214111,0.5078125
1,228,1.1184110641479492,0.6015625
1,229,1.398027777671814,0.5078125
1,230,1.2879397869110107,0.5234375
1,231,1.2364060878753662,0.546875
1,232,1.1513407230377197,0.515625
1,233,1.292694091796875,0.5546875
1,234,1.1581891775131226,0.5859375
1,235,1.336183786392212,0.515625
1,236,1.3393839597702026,0.5234375
1,237,1.1419726610183716,0.5703125
1,238,1.1306276321411133,0.578125
1,239,1.1905230283737183,0.5546875
1,240,1.2525171041488647,0.5390625
1,241,1.1896815299987793,0.59375
1,242,1.0238609313964844,0.59375
1,243,1.1676011085510254,0.5859375
1,244,1.1222138404846191,0.609375
1,245,1.1348158121109009,0.6015625
1,246,1.145324945449829,0.546875
1,247,1.1305184364318848,0.6328125
1,248,1.165900707244873,0.578125
1,249,1.231963872909546,0.515625
1,250,1.2185919284820557,0.515625
1,251,1.2116957902908325,0.5390625
1,252,1.2385432720184326,0.546875
1,253,1.125648021697998,0.609375
1,254,1.0986347198486328,0.6171875
1,255,0.9480876922607422,0.6640625
1,256,1.2350811958312988,0.5546875
1,257,1.2598862648010254,0.546875
1,258,1.2909214496612549,0.5078125
1,259,1.0259957313537598,0.609375
1,260,1.351067304611206,0.484375
1,261,1.2127341032028198,0.5859375
1,262,1.2328824996948242,0.53125
1,263,1.092708945274353,0.609375
1,264,1.1319224834442139,0.609375
1,265,1.1192892789840698,0.578125
1,266,0.9761099815368652,0.59375
1,267,1.2090275287628174,0.5546875
1,268,1.2782964706420898,0.578125
1,269,1.3558448553085327,0.5390625
1,270,1.2920068502426147,0.53125
1,271,1.1088956594467163,0.578125
1,272,1.3107843399047852,0.59375
1,273,1.28993558883667,0.53125
1,274,1.1220840215682983,0.6484375
1,275,1.1729555130004883,0.5703125
1,276,1.0775725841522217,0.6015625
1,277,1.2118415832519531,0.59375
1,278,1.0339999198913574,0.546875
1,279,1.3030011653900146,0.5234375
1,280,1.1691064834594727,0.5625
1,281,1.3221662044525146,0.5390625
1,282,1.263040542602539,0.5390625
1,283,1.2176693677902222,0.5703125
1,284,0.9786929488182068,0.6875
1,285,1.2557991743087769,0.5390625
1,286,1.0949532985687256,0.6328125
1,287,1.1862146854400635,0.609375
1,288,1.1434617042541504,0.59375
1,289,1.1069939136505127,0.625
1,290,1.1920735836029053,0.5546875
1,291,1.1422910690307617,0.5859375
1,292,1.144884705543518,0.578125
1,293,1.0483213663101196,0.6796875
1,294,1.0791386365890503,0.609375
1,295,1.1444172859191895,0.5703125
1,296,0.9844419956207275,0.6796875
1,297,1.180297613143921,0.59375
1,298,1.3457655906677246,0.546875
1,299,1.141050934791565,0.59375
1,300,1.013261079788208,0.6875
1,301,1.0731651782989502,0.59375
1,302,1.0775905847549438,0.671875
1,303,1.118687391281128,0.609375
1,304,1.1600244045257568,0.6328125
1,305,1.2001633644104004,0.5859375
1,306,1.027144193649292,0.6328125
1,307,1.141948938369751,0.59375
1,308,1.013249397277832,0.59375
1,309,1.131922960281372,0.59375
1,310,1.295234203338623,0.5390625
1,311,1.108320951461792,0.5546875
1,312,1.2010706663131714,0.5703125
1,313,1.0355321168899536,0.6484375
1,314,1.1716032028198242,0.5859375
1,315,0.9951742887496948,0.6328125
1,316,1.121317744255066,0.609375
1,317,1.0594148635864258,0.640625
1,318,0.9268081784248352,0.6640625
1,319,1.0273020267486572,0.640625
1,320,1.332926869392395,0.546875
1,321,1.0554211139678955,0.625
1,322,1.067478060722351,0.6484375
1,323,1.0879429578781128,0.6171875
1,324,0.9831998348236084,0.640625
1,325,1.0488362312316895,0.6171875
1,326,1.0107471942901611,0.609375
1,327,1.067692756652832,0.671875
1,328,1.1671003103256226,0.59375
1,329,1.0105164051055908,0.6640625
1,330,1.1014269590377808,0.6171875
1,331,1.1105265617370605,0.625
1,332,1.1656055450439453,0.625
1,333,1.2657217979431152,0.5859375
1,334,1.2175798416137695,0.5546875
1,335,1.0384480953216553,0.640625
1,336,1.1404720544815063,0.609375
1,337,1.1653954982757568,0.546875
1,338,1.150745153427124,0.625
1,339,1.1239920854568481,0.5859375
1,340,1.1957776546478271,0.6171875
1,341,1.277547836303711,0.5390625
1,342,1.0020182132720947,0.6796875
1,343,0.9949853420257568,0.59375
1,344,1.3043508529663086,0.546875
1,345,1.2152125835418701,0.546875
1,346,1.0240933895111084,0.6484375
1,347,0.956660807132721,0.703125
1,348,1.0804052352905273,0.5859375
1,349,1.0173497200012207,0.609375
1,350,1.1101014614105225,0.578125
1,351,0.8983160257339478,0.71875
1,352,1.1974799633026123,0.5859375
1,353,0.8822572231292725,0.7109375
1,354,0.997307538986206,0.640625
1,355,1.1006371974945068,0.59375
1,356,1.1531323194503784,0.6015625
1,357,0.9897270798683167,0.6796875
1,358,0.9412643909454346,0.6640625
1,359,0.9783145785331726,0.671875
1,360,1.065417766571045,0.625
1,361,1.1095750331878662,0.59375
1,362,0.9474402070045471,0.65625
1,363,0.8886808156967163,0.6640625
1,364,1.0454177856445312,0.6171875
1,365,1.1976854801177979,0.5625
1,366,1.0638158321380615,0.5625
1,367,1.1114387512207031,0.59375
1,368,1.165161371231079,0.6015625
1,369,1.2206772565841675,0.5546875
1,370,0.9262939691543579,0.6875
1,371,0.9979256391525269,0.6484375
1,372,1.0536773204803467,0.6484375
1,373,1.0547047853469849,0.5390625
1,374,1.0872113704681396,0.609375
1,375,0.9335801601409912,0.671875
1,376,0.9648268222808838,0.65625
1,377,1.0093029737472534,0.625
1,378,0.8124561309814453,0.734375
1,379,0.9023848176002502,0.7421875
1,380,1.1497578620910645,0.5625
1,381,1.1884255409240723,0.6015625
1,382,0.9576982259750366,0.6484375
1,383,1.033818244934082,0.5625
1,384,1.0218755006790161,0.6328125
1,385,1.0837924480438232,0.6484375
1,386,1.0371829271316528,0.5859375
1,387,1.0295641422271729,0.65625
1,388,1.0321378707885742,0.6015625
1,389,1.045391321182251,0.640625
1,390,1.0213102102279663,0.6484375
2,391,0.9423202276229858,0.6796875
2,392,0.9343461990356445,0.6328125
2,393,0.9449564218521118,0.6640625
2,394,0.9925272464752197,0.6015625
2,395,0.9914084672927856,0.6328125
2,396,1.0506000518798828,0.609375
2,397,0.8118398785591125,0.7265625
2,398,0.8016495704650879,0.7265625
2,399,1.1114509105682373,0.6015625
2,400,1.0382304191589355,0.6796875
2,401,0.9831427931785583,0.6171875
2,402,0.9026139974594116,0.6953125
2,403,1.023428201675415,0.6484375
2,404,1.001184344291687,0.625
2,405,1.0642368793487549,0.6015625
2,406,0.8276796340942383,0.734375
2,407,1.1067700386047363,0.640625
2,408,0.9410620927810669,0.640625
2,409,0.8610843420028687,0.703125
2,410,0.950537383556366,0.640625
2,411,1.167314887046814,0.59375
2,412,0.9596130847930908,0.6484375
2,413,1.1578972339630127,0.6171875
2,414,0.9654039144515991,0.6640625
2,415,1.112004280090332,0.625
2,416,1.1994726657867432,0.59375
2,417,1.2133550643920898,0.5703125
2,418,0.9975038766860962,0.6640625
2,419,0.8453489542007446,0.71875
2,420,1.0556013584136963,0.6171875
2,421,1.0439085960388184,0.640625
2,422,1.339820384979248,0.5234375
2,423,0.8799582719802856,0.671875
2,424,0.8479666709899902,0.7578125
2,425,0.836219310760498,0.671875
2,426,1.0820555686950684,0.625
2,427,0.941957414150238,0.6640625
2,428,0.8909716606140137,0.6640625
2,429,0.7280205488204956,0.75
2,430,0.9188862442970276,0.703125
2,431,0.9594832062721252,0.6328125
2,432,0.9830358028411865,0.6640625
2,433,0.7989031076431274,0.703125
2,434,0.9549176692962646,0.640625
2,435,1.116386890411377,0.578125
2,436,0.9912173748016357,0.6171875
2,437,0.8002527952194214,0.7109375
2,438,1.0454316139221191,0.6328125
2,439,0.900479793548584,0.6796875
2,440,0.8822749853134155,0.7109375
2,441,0.9389703869819641,0.609375
2,442,0.8929013013839722,0.6640625
2,443,1.1326820850372314,0.5703125
2,444,0.9144739508628845,0.703125
2,445,0.9929826855659485,0.6484375
2,446,1.0241081714630127,0.625
2,447,1.1521906852722168,0.6015625
2,448,0.9258483648300171,0.640625
2,449,1.1180663108825684,0.578125
2,450,0.9125699996948242,0.6953125
2,451,1.0346157550811768,0.640625
2,452,0.8853323459625244,0.703125
2,453,0.760692834854126,0.7890625
2,454,1.0337011814117432,0.65625
2,455,0.843557596206665,0.7265625
2,456,0.9923273324966431,0.640625
2,457,0.9531695246696472,0.6953125
2,458,0.9745237231254578,0.6875
2,459,0.9307464361190796,0.6328125
2,460,1.0282505750656128,0.65625
2,461,0.9464412331581116,0.65625
2,462,1.0377206802368164,0.6328125
2,463,0.9793084263801575,0.6796875
2,464,1.0888757705688477,0.6640625
2,465,0.9894748330116272,0.6015625
2,466,0.949388861656189,0.6328125
2,467,0.9201259016990662,0.6640625
2,468,0.8832390308380127,0.6796875
2,469,0.8939274549484253,0.671875
2,470,0.9150322675704956,0.6875
2,471,0.953561544418335,0.65625
2,472,1.0881032943725586,0.5703125
2,473,1.154117226600647,0.625
2,474,0.8128362894058228,0.65625
2,475,0.8700665235519409,0.65625
2,476,0.8242285847663879,0.734375
2,477,0.7908127307891846,0.7265625
2,478,0.840290367603302,0.6796875
2,479,1.0967811346054077,0.6328125
2,480,0.9202982187271118,0.671875
2,481,0.7762167453765869,0.6953125
2,482,0.9498053789138794,0.640625
2,483,0.8881030082702637,0.7109375
2,484,1.0318398475646973,0.625
2,485,0.9053682684898376,0.640625
2,486,0.864109992980957,0.7265625
2,487,0.8274201154708862,0.703125
2,488,0.8921850919723511,0.671875
2,489,0.8591086864471436,0.703125
2,490,0.8581583499908447,0.6953125
2,491,0.8532416224479675,0.703125
2,492,0.9627609848976135,0.6953125
2,493,0.9331169128417969,0.6875
2,494,1.1841378211975098,0.59375
2,495,0.9019335508346558,0.671875
2,496,0.8546417951583862,0.6953125
2,497,0.997050404548645,0.6171875
2,498,1.0818076133728027,0.640625
2,499,1.1840628385543823,0.6171875
2,500,0.7071136236190796,0.734375
2,501,0.976419985294342,0.6953125
2,502,0.9300938844680786,0.6796875
2,503,1.0603301525115967,0.625
2,504,0.7989835739135742,0.75
2,505,0.8597443103790283,0.6953125
2,506,0.9665377140045166,0.625
2,507,0.8842214345932007,0.6640625
2,508,0.9831348657608032,0.6328125
2,509,0.8741142749786377,0.6640625
2,510,0.907325029373169,0.65625
2,511,0.941963255405426,0.6328125
2,512,0.9179728031158447,0.671875
2,513,0.8752601146697998,0.65625
2,514,0.9748961925506592,0.6796875
2,515,0.9514638185501099,0.6875
2,516,0.880987286567688,0.6953125
2,517,0.8302689790725708,0.7265625
2,518,0.9855011701583862,0.625
2,519,0.8874975442886353,0.671875
2,520,0.824030876159668,0.6953125
2,521,0.8152940273284912,0.6875
2,522,1.0780593156814575,0.59375
2,523,0.9919435977935791,0.6171875
2,524,0.9138543605804443,0.6953125
2,525,0.8380714058876038,0.7265625
2,526,1.0357506275177002,0.6484375
2,527,0.9899951219558716,0.6875
2,528,0.9485859870910645,0.6328125
2,529,0.9376794099807739,0.7109375
2,530,0.8457347750663757,0.7109375
2,531,0.7149252891540527,0.7734375
2,532,0.8242020606994629,0.6796875
2,533,0.8946029543876648,0.6640625
2,534,1.0034754276275635,0.6171875
2,535,0.886235237121582,0.7109375
2,536,1.0321866273880005,0.609375
2,537,0.7157490253448486,0.765625
2,538,0.8647533059120178,0.6796875
2,539,1.0296213626861572,0.6484375
2,540,0.9053153395652771,0.640625
2,541,0.9335163831710815,0.6875
2,542,0.9589971303939819,0.640625
2,543,0.5928012132644653,0.796875
2,544,0.9038832187652588,0.6875
2,545,0.7827379703521729,0.703125
2,546,0.8886998891830444,0.671875
2,547,0.8645178079605103,0.7421875
2,548,0.9653384685516357,0.6484375
2,549,0.8992187976837158,0.6640625
2,550,1.009448766708374,0.609375
2,551,0.8169291615486145,0.6875
2,552,0.9496406316757202,0.671875
2,553,0.9994486570358276,0.671875
2,554,0.7400943636894226,0.7421875
2,555,0.8304299116134644,0.703125
2,556,0.9685708284378052,0.640625
2,557,0.8473652005195618,0.7109375
2,558,1.0184991359710693,0.6171875
2,559,0.7908483743667603,0.6953125
2,560,0.9361684322357178,0.6640625
2,561,0.8334789276123047,0.7265625
2,562,0.8471598625183105,0.671875
2,563,0.7867324352264404,0.7265625
2,564,0.7893843650817871,0.6953125
2,565,0.7738471031188965,0.6875
2,566,0.8926902413368225,0.6953125
2,567,0.7875658869743347,0.75
2,568,0.7430835366249084,0.7421875
2,569,0.8696103096008301,0.671875
2,570,0.9271044731140137,0.65625
2,571,0.8948299884796143,0.6875
2,572,0.8559635281562805,0.6796875
2,573,0.921096682548523,0.6875
2,574,0.8429443836212158,0.703125
2,575,0.8715234994888306,0.671875
2,576,0.9186014533042908,0.65625
2,577,0.9172624349594116,0.65625
2,578,0.8278095126152039,0.703125
2,579,0.8070211410522461,0.7421875
2,580,0.8657070398330688,0.703125
2,581,0.8969433307647705,0.6953125
2,582,1.1450223922729492,0.59375
2,583,0.8461730480194092,0.703125
2,584,0.910274863243103,0.6640625
2,585,0.8665395975112915,0.6796875
2,586,0.9377508163452148,0.6640625
2,587,0.9264346957206726,0.703125
2,588,0.7569774985313416,0.75
2,589,0.9445046186447144,0.625
2,590,0.8135378360748291,0.703125
2,591,0.9817110300064087,0.6484375
2,592,0.8049789667129517,0.6953125
2,593,0.7021476030349731,0.734375
2,594,0.8720160126686096,0.7265625
2,595,0.7525124549865723,0.75
2,596,0.8441005945205688,0.7109375
2,597,0.8105888366699219,0.6875
2,598,0.827593207359314,0.6796875
2,599,1.0029382705688477,0.6015625
2,600,0.855108916759491,0.7109375
2,601,0.839728057384491,0.7109375
2,602,1.0532559156417847,0.6484375
2,603,0.9136492013931274,0.6875
2,604,0.7535235285758972,0.71875
2,605,0.7754825353622437,0.7578125
2,606,0.8110133409500122,0.703125
2,607,0.9108409881591797,0.734375
2,608,0.8592917919158936,0.703125
2,609,0.9283781051635742,0.640625
2,610,0.8379137516021729,0.6796875
2,611,0.7845399379730225,0.7109375
2,612,0.6218277215957642,0.75
2,613,0.768700361251831,0.734375
2,614,0.8823691010475159,0.6875
2,615,0.9895977973937988,0.6484375
2,616,0.6861870884895325,0.7890625
2,617,0.8756536841392517,0.6953125
2,618,0.7646752595901489,0.7109375
2,619,0.9592580199241638,0.7265625
2,620,0.9623721837997437,0.671875
2,621,0.7092621326446533,0.75
2,622,0.9505879878997803,0.640625
2,623,0.8968566060066223,0.703125
2,624,0.8901711106300354,0.671875
2,625,1.0219165086746216,0.609375
2,626,0.7208113670349121,0.7578125
2,627,1.092168927192688,0.671875
2,628,0.91228848695755,0.671875
2,629,0.7567729353904724,0.6875
2,630,1.0582554340362549,0.640625
2,631,0.8661972284317017,0.6640625
2,632,0.8268293142318726,0.75
2,633,0.7479321956634521,0.71875
2,634,0.7468808889389038,0.7421875
2,635,0.7706041932106018,0.71875
2,636,0.7692227959632874,0.765625
2,637,0.899634599685669,0.703125
2,638,0.9419329762458801,0.6796875
2,639,0.8822653293609619,0.6796875
2,640,0.8681529760360718,0.6640625
2,641,0.9863608479499817,0.6953125
2,642,0.9266519546508789,0.7265625
2,643,0.699864387512207,0.734375
2,644,0.7606803178787231,0.734375
2,645,0.8688576221466064,0.71875
2,646,0.7871377468109131,0.6953125
2,647,0.6944313049316406,0.7734375
2,648,0.7635655403137207,0.7265625
2,649,0.7364320158958435,0.703125
2,650,0.7289856672286987,0.75
2,651,0.8842914700508118,0.671875
2,652,1.041608452796936,0.640625
2,653,0.7063611745834351,0.75
2,654,1.012742042541504,0.6484375
2,655,1.0585248470306396,0.6015625
2,656,0.9080771207809448,0.6953125
2,657,1.0277307033538818,0.671875
2,658,0.7762181162834167,0.734375
2,659,0.8619580268859863,0.65625
2,660,0.918869137763977,0.6796875
2,661,0.760573148727417,0.734375
2,662,0.9504820108413696,0.6953125
2,663,0.7819889187812805,0.734375
2,664,1.0269789695739746,0.6640625
2,665,1.0918192863464355,0.5859375
2,666,0.7975723743438721,0.734375
2,667,0.8846906423568726,0.703125
2,668,0.7535756826400757,0.7265625
2,669,0.788616418838501,0.71875
2,670,0.7084928750991821,0.75
2,671,0.8905275464057922,0.6796875
2,672,0.7695631980895996,0.7421875
2,673,0.9693370461463928,0.6171875
2,674,0.82342928647995,0.6640625
2,675,0.8883000612258911,0.671875
2,676,0.7919878959655762,0.734375
2,677,0.7159056663513184,0.7265625
2,678,0.8378744125366211,0.6796875
2,679,0.878033459186554,0.703125
2,680,0.9953060746192932,0.625
2,681,1.063581943511963,0.609375
2,682,0.8423959612846375,0.703125
2,683,0.767366886138916,0.7265625
2,684,0.7177598476409912,0.6953125
2,685,0.7666620016098022,0.71875
2,686,0.7983601093292236,0.703125
2,687,0.8913342952728271,0.6875
2,688,0.825411319732666,0.6875
2,689,0.8114312887191772,0.734375
2,690,0.8324694633483887,0.703125
2,691,0.9081611633300781,0.6953125
2,692,0.7297537326812744,0.734375
2,693,0.9155298471450806,0.671875
2,694,0.7989351749420166,0.71875
2,695,0.7703752517700195,0.7265625
2,696,0.7891685962677002,0.6796875
2,697,0.9049786925315857,0.75
2,698,0.8955130577087402,0.6875
2,699,0.788898229598999,0.734375
2,700,0.7490264177322388,0.734375
2,701,0.791141152381897,0.671875
2,702,0.7809313535690308,0.703125
2,703,0.6393449306488037,0.796875
2,704,0.6050630807876587,0.8046875
2,705,0.7421225309371948,0.7890625
2,706,0.6867198944091797,0.75
2,707,0.6960691213607788,0.7421875
2,708,0.6666635274887085,0.765625
2,709,0.8559176921844482,0.7109375
2,710,0.7633800506591797,0.75
2,711,0.9470700025558472,0.6640625
2,712,0.6893526315689087,0.78125
2,713,0.7415381669998169,0.71875
2,714,0.7376973628997803,0.75
2,715,0.9924946427345276,0.671875
2,716,0.8257782459259033,0.7109375
2,717,0.7625767588615417,0.734375
2,718,0.7595882415771484,0.7265625
2,719,0.7618516683578491,0.75
2,720,0.9152141809463501,0.6796875
2,721,0.9003984332084656,0.6875
2,722,0.9682053327560425,0.671875
2,723,0.718222439289093,0.7578125
2,724,0.8463230729103088,0.6640625
2,725,1.0243550539016724,0.6328125
2,726,0.8193769454956055,0.7421875
2,727,0.9565922021865845,0.640625
2,728,0.8921392560005188,0.6796875
2,729,0.7903330326080322,0.6796875
2,730,0.8415787816047668,0.7265625
2,731,0.8594014644622803,0.7578125
2,732,0.9245365262031555,0.671875
2,733,0.9490861296653748,0.671875
2,734,0.8764010071754456,0.671875
2,735,0.901082456111908,0.6796875
2,736,0.8031994104385376,0.71875
2,737,0.7380278706550598,0.734375
2,738,0.6576035022735596,0.7890625
2,739,0.7552803754806519,0.7578125
2,740,0.8318663835525513,0.734375
2,741,0.9048568606376648,0.7265625
2,742,0.8057674765586853,0.703125
2,743,0.6940869092941284,0.7421875
2,744,0.8862961530685425,0.6796875
2,745,0.7134140729904175,0.765625
2,746,0.8308078050613403,0.6953125
2,747,0.6787047982215881,0.75
2,748,0.8738055229187012,0.6953125
2,749,0.9102314114570618,0.6953125
2,750,0.7674701809883118,0.7109375
2,751,0.8017833232879639,0.6953125
2,752,0.7303574681282043,0.7578125
2,753,0.7098860740661621,0.75
2,754,0.603817343711853,0.7890625
2,755,0.6701998710632324,0.7734375
2,756,0.8330001831054688,0.734375
2,757,0.7119774222373962,0.7578125
2,758,0.8231582641601562,0.734375
2,759,0.7856796979904175,0.734375
2,760,0.7147334218025208,0.7421875
2,761,0.7749438285827637,0.703125
2,762,1.0312966108322144,0.6640625
2,763,0.7652657628059387,0.7421875
2,764,0.8413631916046143,0.7109375
2,765,0.655201256275177,0.71875
2,766,0.8247841596603394,0.7734375
2,767,0.6210080981254578,0.7578125
2,768,0.706416666507721,0.703125
2,769,0.7562052011489868,0.7109375
2,770,0.6162546873092651,0.828125
2,771,0.6039628982543945,0.8203125
2,772,0.8063250780105591,0.7265625
2,773,0.7092993259429932,0.7578125
2,774,0.9409291744232178,0.6640625
2,775,0.8158116340637207,0.6875
2,776,0.6749933362007141,0.7578125
2,777,0.8348782062530518,0.703125
2,778,0.8021231889724731,0.6953125
2,779,0.7067016363143921,0.765625
2,780,0.7012679576873779,0.7421875
3,781,0.861976683139801,0.71875
3,782,0.7069560885429382,0.765625
3,783,0.8840605020523071,0.671875
3,784,0.6711902022361755,0.7890625
3,785,0.7665773630142212,0.703125
3,786,0.7480493783950806,0.734375
3,787,0.6616855263710022,0.7421875
3,788,0.8676095008850098,0.6953125
3,789,0.8947805166244507,0.7109375
3,790,0.6491705179214478,0.7265625
3,791,0.7605111598968506,0.7578125
3,792,0.7753733396530151,0.7734375
3,793,0.6560450792312622,0.78125
3,794,0.7415378093719482,0.75
3,795,0.6720244884490967,0.7265625
3,796,0.685433030128479,0.75
3,797,0.6898645162582397,0.765625
3,798,0.6282157897949219,0.7578125
3,799,0.8829894065856934,0.671875
3,800,0.8330675363540649,0.734375
3,801,0.8865380883216858,0.6796875
3,802,0.8979433178901672,0.6796875
3,803,0.7718325853347778,0.7109375
3,804,0.818611741065979,0.7421875
3,805,0.734413743019104,0.734375
3,806,0.7776504755020142,0.734375
3,807,0.7665290236473083,0.6875
3,808,0.679957389831543,0.75
3,809,0.5636643171310425,0.796875
3,810,1.0644803047180176,0.6640625
3,811,0.5889524221420288,0.796875
3,812,0.8711930513381958,0.71875
3,813,0.6974632740020752,0.71875
3,814,0.8634827136993408,0.71875
3,815,0.7184090614318848,0.734375
3,816,0.8568857908248901,0.6640625
3,817,0.7506853342056274,0.71875
3,818,0.7935068011283875,0.6875
3,819,0.772273600101471,0.7265625
3,820,0.7350708246231079,0.7578125
3,821,0.7061691284179688,0.734375
3,822,0.566986620426178,0.796875
3,823,0.7579989433288574,0.7265625
3,824,0.7467435598373413,0.7734375
3,825,0.7564859390258789,0.75
3,826,0.7048877477645874,0.7421875
3,827,0.6415420174598694,0.7890625
3,828,0.6649479866027832,0.7265625
3,829,0.7621679306030273,0.7265625
3,830,0.6646072864532471,0.7578125
3,831,0.8468171954154968,0.65625
3,832,0.7321306467056274,0.7578125
3,833,0.8067033290863037,0.65625
3,834,0.7851601243019104,0.71875
3,835,0.7453600168228149,0.6875
3,836,0.587995171546936,0.8046875
3,837,0.6159337759017944,0.78125
3,838,0.5935588479042053,0.7734375
3,839,0.8111029863357544,0.75
3,840,0.660610556602478,0.7578125
3,841,0.6951900720596313,0.7578125
3,842,0.5083473920822144,0.828125
3,843,0.7152391672134399,0.75
3,844,0.7937368750572205,0.7109375
3,845,0.8133881092071533,0.7265625
3,846,0.6542705297470093,0.7578125
3,847,0.7132276892662048,0.7734375
3,848,0.6402270793914795,0.796875
3,849,0.8268823623657227,0.7109375
3,850,0.7810566425323486,0.7265625
3,851,0.5878157615661621,0.7890625
3,852,0.7356334924697876,0.75
3,853,0.65666663646698,0.75
3,854,0.6971337795257568,0.7734375
3,855,0.6330817937850952,0.7890625
3,856,0.842348575592041,0.7109375
3,857,0.701647162437439,0.75
3,858,0.8886450529098511,0.7109375
3,859,0.6915482878684998,0.7578125
3,860,0.6731128692626953,0.7109375
3,861,0.7692614793777466,0.7109375
3,862,0.8027123212814331,0.6953125
3,863,0.7242700457572937,0.7734375
3,864,0.7290507555007935,0.734375
3,865,0.8523158431053162,0.671875
3,866,0.7609862685203552,0.7421875
3,867,0.7909801006317139,0.7109375
3,868,0.6135704517364502,0.7734375
3,869,0.6570430397987366,0.75
3,870,0.8222159147262573,0.6953125
3,871,0.8791026473045349,0.6328125
3,872,0.6763072609901428,0.75
3,873,0.7415536642074585,0.75
3,874,0.8115929961204529,0.703125
3,875,0.6363444328308105,0.765625
3,876,0.7546199560165405,0.75
3,877,0.9397075176239014,0.703125
3,878,0.905859649181366,0.6640625
3,879,0.6644644737243652,0.7421875
3,880,0.5972940921783447,0.78125
3,881,0.6845049858093262,0.7734375
3,882,0.8394472599029541,0.6796875
3,883,0.8333896398544312,0.71875
3,884,0.7332948446273804,0.78125
3,885,0.7093852162361145,0.7421875
3,886,0.6567525267601013,0.765625
3,887,0.7365008592605591,0.7109375
3,888,0.744369387626648,0.7421875
3,889,0.6980409622192383,0.75
3,890,0.7007879018783569,0.7578125
3,891,0.6271822452545166,0.796875
3,892,0.8295633792877197,0.703125
3,893,0.5980591773986816,0.796875
3,894,0.7190117835998535,0.734375
3,895,0.7002625465393066,0.7578125
3,896,0.8602588176727295,0.6796875
3,897,0.599365234375,0.7890625
3,898,0.5273627042770386,0.8046875
3,899,0.8533453941345215,0.71875
3,900,0.8828166127204895,0.703125
3,901,0.723298192024231,0.734375
3,902,0.7706682682037354,0.7421875
3,903,0.8212753534317017,0.671875
3,904,0.7640153765678406,0.78125
3,905,0.8131252527236938,0.75
3,906,0.6492217183113098,0.765625
3,907,0.830970287322998,0.7109375
3,908,0.5911080837249756,0.78125
3,909,1.1026798486709595,0.671875
3,910,0.6029318571090698,0.7890625
3,911,0.7810754776000977,0.703125
3,912,0.7312842011451721,0.75
3,913,0.7007738351821899,0.75
3,914,0.7249683737754822,0.71875
3,915,0.6108421683311462,0.796875
3,916,0.7050771713256836,0.796875
3,917,0.7468445301055908,0.71875
3,918,0.7342004776000977,0.7109375
3,919,0.683207631111145,0.7421875
3,920,0.6105471849441528,0.78125
3,921,0.707705557346344,0.7734375
3,922,0.7672119140625,0.7578125
3,923,0.6569586396217346,0.7578125
3,924,0.5630547404289246,0.796875
3,925,0.6382678151130676,0.828125
3,926,0.6227332353591919,0.7578125
3,927,0.7184213995933533,0.7734375
3,928,0.7428716421127319,0.796875
3,929,0.5440881252288818,0.7734375
3,930,0.6815453767776489,0.7578125
3,931,0.6506304740905762,0.8203125
3,932,0.7317274808883667,0.7421875
3,933,0.5964059829711914,0.78125
3,934,0.6943403482437134,0.796875
3,935,0.6313562393188477,0.7890625
3,936,0.61181640625,0.796875
3,937,0.6920470595359802,0.7265625
3,938,1.0297422409057617,0.65625
3,939,0.7125250697135925,0.765625
3,940,0.6845290660858154,0.7421875
3,941,0.5914725065231323,0.7734375
3,942,0.8113436698913574,0.6953125
3,943,0.6870970726013184,0.765625
3,944,0.7448673248291016,0.7109375
3,945,0.709549069404602,0.75
3,946,0.7254459261894226,0.7421875
3,947,0.6271799802780151,0.7890625
3,948,0.6985900402069092,0.703125
3,949,0.8214880228042603,0.7109375
3,950,0.5129685401916504,0.828125
3,951,0.8564711809158325,0.71875
3,952,0.865705132484436,0.6875
3,953,0.83642578125,0.703125
3,954,0.7347405552864075,0.7421875
3,955,0.7619476318359375,0.78125
3,956,0.7718539237976074,0.6953125
3,957,0.6778548955917358,0.7578125
3,958,0.6154555082321167,0.734375
3,959,0.7539961338043213,0.75
3,960,0.665657639503479,0.7578125
3,961,0.734290599822998,0.765625
3,962,0.7401607036590576,0.78125
3,963,0.693762481212616,0.765625
3,964,0.7699705362319946,0.75
3,965,0.6112730503082275,0.8046875
3,966,0.7707417011260986,0.765625
3,967,0.62109375,0.7578125
3,968,0.7589292526245117,0.7109375
3,969,0.6066766977310181,0.8046875
3,970,0.6798422336578369,0.75
3,971,0.7182905673980713,0.7421875
3,972,0.7780108451843262,0.75
3,973,0.6006706953048706,0.8046875
3,974,0.47150400280952454,0.8515625
3,975,0.6018180251121521,0.8359375
3,976,0.6427614688873291,0.7265625
3,977,0.7858572006225586,0.7421875
3,978,0.7225109338760376,0.7734375
3,979,0.7901474237442017,0.7421875
3,980,0.638755738735199,0.796875
3,981,0.7190201282501221,0.7265625
3,982,0.6003319025039673,0.78125
3,983,0.694826602935791,0.78125
3,984,0.6644304990768433,0.7890625
3,985,0.8080475330352783,0.671875
3,986,0.7616135478019714,0.734375
3,987,0.6502824425697327,0.7734375
3,988,0.6689437627792358,0.78125
3,989,0.52089524269104,0.8359375
3,990,0.8155122995376587,0.734375
3,991,0.7720826864242554,0.71875
3,992,0.6517271995544434,0.765625
3,993,0.5913189649581909,0.8046875
3,994,0.7072091698646545,0.765625
3,995,0.5613906383514404,0.7890625
3,996,0.7695784568786621,0.7421875
3,997,0.8231176137924194,0.7109375
3,998,0.7085511088371277,0.765625
3,999,0.6883867979049683,0.78125
3,1000,0.6524069309234619,0.7734375
3,1001,0.6600085496902466,0.7890625
3,1002,0.7170750498771667,0.7265625
3,1003,0.5966489315032959,0.78125
3,1004,0.7711108922958374,0.71875
3,1005,0.7052757740020752,0.7578125
3,1006,0.5533910989761353,0.8203125
3,1007,0.659148097038269,0.7890625
3,1008,0.5335015058517456,0.796875
3,1009,0.657335102558136,0.796875
3,1010,0.7293553352355957,0.7578125
3,1011,0.6160619854927063,0.75
3,1012,0.7320226430892944,0.765625
3,1013,0.5742795467376709,0.8359375
3,1014,0.5657422542572021,0.84375
3,1015,0.5203533172607422,0.84375
3,1016,0.5702780485153198,0.828125
3,1017,0.6254997253417969,0.75
3,1018,0.5882474184036255,0.8203125
3,1019,0.8359193801879883,0.7265625
3,1020,0.6897200345993042,0.765625
3,1021,0.5958127975463867,0.8125
3,1022,0.8643516302108765,0.734375
3,1023,0.7804995775222778,0.7578125
3,1024,0.5294066667556763,0.8359375
3,1025,0.5677651166915894,0.7734375
3,1026,0.7516911625862122,0.765625
3,1027,0.6863468885421753,0.7890625
3,1028,0.7040934562683105,0.7421875
3,1029,0.6223045587539673,0.78125
3,1030,0.6064227819442749,0.828125
3,1031,0.7505433559417725,0.7421875
3,1032,0.8045789003372192,0.6875
3,1033,0.6886279582977295,0.75
3,1034,0.7106002569198608,0.796875
3,1035,0.5339913964271545,0.7890625
3,1036,0.50600665807724,0.8125
3,1037,0.6438477039337158,0.796875
3,1038,0.7422857284545898,0.7109375
3,1039,0.9281951189041138,0.6875
3,1040,0.7212017774581909,0.71875
3,1041,0.7546722888946533,0.7421875
3,1042,0.5570313930511475,0.84375
3,1043,0.6884781718254089,0.7421875
3,1044,0.7212040424346924,0.7578125
3,1045,0.6312246918678284,0.8359375
3,1046,0.7560803890228271,0.7265625
3,1047,0.7375819087028503,0.75
3,1048,0.7951643466949463,0.7578125
3,1049,0.7080081105232239,0.703125
3,1050,0.5613945722579956,0.78125
3,1051,0.6219527721405029,0.7890625
3,1052,0.7638810873031616,0.71875
3,1053,0.6400505304336548,0.765625
3,1054,0.6219644546508789,0.796875
3,1055,0.4828200936317444,0.84375
3,1056,0.6193407773971558,0.7890625
3,1057,0.6355525255203247,0.765625
3,1058,0.6661862730979919,0.765625
3,1059,0.5113504528999329,0.84375
3,1060,0.7064806818962097,0.7890625
3,1061,0.7194890975952148,0.7109375
3,1062,0.5430636405944824,0.765625
3,1063,0.607163667678833,0.796875
3,1064,0.6498107314109802,0.8046875
3,1065,0.7228467464447021,0.71875
3,1066,0.6061985492706299,0.796875
3,1067,0.6435702443122864,0.8203125
3,1068,0.6489347815513611,0.7890625
3,1069,0.6822518706321716,0.7578125
3,1070,0.6429557800292969,0.7421875
3,1071,0.5619566440582275,0.7890625
3,1072,0.5964789390563965,0.8046875
3,1073,0.6338729858398438,0.7890625
3,1074,0.640222430229187,0.75
3,1075,0.5258368849754333,0.828125
3,1076,0.6504600644111633,0.7578125
3,1077,0.5464714169502258,0.8125
3,1078,0.6906439661979675,0.7734375
3,1079,0.6649378538131714,0.7890625
3,1080,0.5921316146850586,0.7734375
3,1081,0.8474921584129333,0.71875
3,1082,0.6996965408325195,0.7421875
3,1083,0.6637457609176636,0.7421875
3,1084,0.6776638031005859,0.75
3,1085,0.7092833518981934,0.7734375
3,1086,0.6723515391349792,0.7734375
3,1087,0.7815821170806885,0.7421875
3,1088,0.777662992477417,0.7109375
3,1089,0.5653604865074158,0.7890625
3,1090,0.6123949289321899,0.78125
3,1091,0.6637881994247437,0.7421875
3,1092,0.544565737247467,0.8359375
3,1093,0.715028703212738,0.7578125
3,1094,0.473166286945343,0.8203125
3,1095,0.517845869064331,0.796875
3,1096,0.6522005796432495,0.7734375
3,1097,0.8095269203186035,0.7265625
3,1098,0.7494922876358032,0.734375
3,1099,0.6115797162055969,0.796875
3,1100,0.5769302845001221,0.8046875
3,1101,0.735226035118103,0.71875
3,1102,0.49521514773368835,0.859375
3,1103,0.7063839435577393,0.765625
3,1104,0.5751283168792725,0.7734375
3,1105,0.7419514060020447,0.7421875
3,1106,0.5214735865592957,0.8125
3,1107,0.6922780275344849,0.78125
3,1108,0.6971480846405029,0.7734375
3,1109,0.6902124881744385,0.7109375
3,1110,0.6901291608810425,0.7890625
3,1111,0.6452202796936035,0.796875
3,1112,0.6738000512123108,0.7578125
3,1113,0.6475945115089417,0.7890625
3,1114,0.6452179551124573,0.796875
3,1115,0.5713109970092773,0.796875
3,1116,0.6615067720413208,0.734375
3,1117,0.5846188068389893,0.8046875
3,1118,0.8018603920936584,0.7421875
3,1119,0.6844205856323242,0.75
3,1120,0.6357570290565491,0.8046875
3,1121,0.5783264636993408,0.8203125
3,1122,0.5780959725379944,0.7578125
3,1123,0.9138383865356445,0.671875
3,1124,0.7565844058990479,0.7421875
3,1125,0.6680824756622314,0.7890625
3,1126,0.5627292394638062,0.8046875
3,1127,0.7600603699684143,0.6953125
3,1128,0.5410032868385315,0.8125
3,1129,0.8019546866416931,0.7109375
3,1130,0.5277912616729736,0.7890625
3,1131,0.5617800354957581,0.828125
3,1132,0.6829876899719238,0.734375
3,1133,0.7826460599899292,0.7421875
3,1134,0.5545954704284668,0.796875
3,1135,0.6661231517791748,0.765625
3,1136,0.7105045318603516,0.75
3,1137,0.6399441957473755,0.7890625
3,1138,0.7011415958404541,0.78125
3,1139,0.5460202693939209,0.8125
3,1140,0.5664790868759155,0.8203125
3,1141,0.6405832767486572,0.7890625
3,1142,0.5670725703239441,0.7734375
3,1143,0.6717191338539124,0.7734375
3,1144,0.5205117464065552,0.875
3,1145,0.6124200820922852,0.7890625
3,1146,0.5293521881103516,0.8203125
3,1147,0.717415988445282,0.7578125
3,1148,0.5293664336204529,0.8203125
3,1149,0.6679893732070923,0.7734375
3,1150,0.6002019643783569,0.7734375
3,1151,0.5466173887252808,0.8125
3,1152,0.6306169033050537,0.734375
3,1153,0.5887299180030823,0.7890625
3,1154,0.6566168069839478,0.765625
3,1155,0.6101078987121582,0.7734375
3,1156,0.6210782527923584,0.796875
3,1157,0.5439024567604065,0.7734375
3,1158,0.6207537651062012,0.8125
3,1159,0.7089629173278809,0.7421875
3,1160,0.5494763851165771,0.8359375
3,1161,0.5480588674545288,0.8359375
3,1162,0.6412509679794312,0.78125
3,1163,0.7290617823600769,0.7265625
3,1164,0.7190774083137512,0.765625
3,1165,0.6792646646499634,0.78125
3,1166,0.7401604652404785,0.7734375
3,1167,0.7283954620361328,0.75
3,1168,0.7487607002258301,0.7265625
3,1169,0.5752767324447632,0.765625
3,1170,0.766567587852478,0.7421875
4,1171,0.5832065343856812,0.828125
4,1172,0.5771541595458984,0.796875
4,1173,0.6181084513664246,0.796875
4,1174,0.4994923174381256,0.8515625
4,1175,0.5849111080169678,0.8125
4,1176,0.5726884603500366,0.796875
4,1177,0.6100317239761353,0.78125
4,1178,0.732221245765686,0.734375
4,1179,0.5497956275939941,0.7890625
4,1180,0.6158532500267029,0.796875
4,1181,0.5435882806777954,0.8046875
4,1182,0.5806529521942139,0.7734375
4,1183,0.7358969449996948,0.75
4,1184,0.6137539148330688,0.7890625
4,1185,0.4014046788215637,0.8515625
4,1186,0.5915844440460205,0.7890625
4,1187,0.6912927627563477,0.7734375
4,1188,0.43906259536743164,0.8359375
4,1189,0.681700587272644,0.78125
4,1190,0.6404646039009094,0.734375
4,1191,0.5536711812019348,0.796875
4,1192,0.6680117845535278,0.7265625
4,1193,0.5469807386398315,0.8203125
4,1194,0.7072473764419556,0.7578125
4,1195,0.4850408136844635,0.84375
4,1196,0.6141272783279419,0.796875
4,1197,0.6572575569152832,0.7734375
4,1198,0.625794529914856,0.7890625
4,1199,0.5592398643493652,0.7890625
4,1200,0.5391426682472229,0.7734375
4,1201,0.5090705156326294,0.8203125
4,1202,0.6024580001831055,0.796875
4,1203,0.8623091578483582,0.7578125
4,1204,0.5974385142326355,0.828125
4,1205,0.605472981929779,0.7578125
4,1206,0.6861453652381897,0.765625
4,1207,0.7086960077285767,0.71875
4,1208,0.5981333255767822,0.7734375
4,1209,0.5070894360542297,0.859375
4,1210,0.5379962921142578,0.75
4,1211,0.7394632697105408,0.7265625
4,1212,0.5050408840179443,0.8203125
4,1213,0.53986656665802,0.8203125
4,1214,0.6988351941108704,0.703125
4,1215,0.5608574151992798,0.796875
4,1216,0.4882836937904358,0.8359375
4,1217,0.5646904706954956,0.7890625
4,1218,0.5424773693084717,0.8046875
4,1219,0.6665658950805664,0.78125
4,1220,0.6428061127662659,0.78125
4,1221,0.554669976234436,0.7734375
4,1222,0.5657952427864075,0.796875
4,1223,0.5405415296554565,0.84375
4,1224,0.6874436736106873,0.71875
4,1225,0.619239330291748,0.7578125
4,1226,0.6066005229949951,0.7734375
4,1227,0.505867600440979,0.8203125
4,1228,0.5087305307388306,0.8359375
4,1229,0.48652827739715576,0.8515625
4,1230,0.632569432258606,0.7890625
4,1231,0.49605756998062134,0.84375
4,1232,0.6044600009918213,0.8046875
4,1233,0.5588484406471252,0.8125
4,1234,0.49605682492256165,0.84375
4,1235,0.5252360701560974,0.796875
4,1236,0.6416794061660767,0.7890625
4,1237,0.7175613641738892,0.7578125
4,1238,0.6403680443763733,0.796875
4,1239,0.545238733291626,0.8359375
4,1240,0.6275123357772827,0.7421875
4,1241,0.5536049604415894,0.8046875
4,1242,0.3826766908168793,0.8671875
4,1243,0.6455206274986267,0.7421875
4,1244,0.6705793142318726,0.796875
4,1245,0.6185694932937622,0.8125
4,1246,0.7182202935218811,0.765625
4,1247,0.6169042587280273,0.7734375
4,1248,0.6147575378417969,0.78125
4,1249,0.6209073066711426,0.765625
4,1250,0.6895476579666138,0.7265625
4,1251,0.5200628638267517,0.8046875
4,1252,0.4285746216773987,0.859375
4,1253,0.6084873080253601,0.796875
4,1254,0.7056933045387268,0.7734375
4,1255,0.6665798425674438,0.7421875
4,1256,0.48125016689300537,0.8359375
4,1257,0.4415340721607208,0.8671875
4,1258,0.6580936908721924,0.78125
4,1259,0.46758896112442017,0.8359375
4,1260,0.5470404028892517,0.7890625
4,1261,0.5644111037254333,0.796875
4,1262,0.7090824842453003,0.7421875
4,1263,0.6497877836227417,0.78125
4,1264,0.5430138111114502,0.796875
4,1265,0.46699148416519165,0.8515625
4,1266,0.5593709945678711,0.828125
4,1267,0.7277301549911499,0.7734375
4,1268,0.42018115520477295,0.890625
4,1269,0.521975040435791,0.7890625
4,1270,0.5016960501670837,0.8125
4,1271,0.6113162040710449,0.8359375
4,1272,0.6243805885314941,0.7890625
4,1273,0.3854624927043915,0.875
4,1274,0.4601140022277832,0.8515625
4,1275,0.7609251737594604,0.734375
4,1276,0.7679773569107056,0.7890625
4,1277,0.7663294076919556,0.71875
4,1278,0.6522287130355835,0.7578125
4,1279,0.7120866775512695,0.78125
4,1280,0.6531505584716797,0.7578125
4,1281,0.6838805675506592,0.765625
4,1282,0.5040935277938843,0.8125
4,1283,0.557273268699646,0.78125
4,1284,0.8095375299453735,0.734375
4,1285,0.6019700765609741,0.7578125
4,1286,0.6682966947555542,0.7421875
4,1287,0.5355349183082581,0.7890625
4,1288,0.6450110673904419,0.8046875
4,1289,0.4988210201263428,0.828125
4,1290,0.5728604793548584,0.8203125
4,1291,0.7750588655471802,0.7578125
4,1292,0.5723522901535034,0.8125
4,1293,0.5646184682846069,0.8046875
4,1294,0.6774190068244934,0.765625
4,1295,0.5844384431838989,0.828125
4,1296,0.5760172605514526,0.8125
4,1297,0.717411458492279,0.765625
4,1298,0.761340856552124,0.71875
4,1299,0.508760392665863,0.8359375
4,1300,0.6693078875541687,0.8046875
4,1301,0.6648347973823547,0.7421875
4,1302,0.5901119709014893,0.796875
4,1303,0.6173738241195679,0.8359375
4,1304,0.5118081569671631,0.8359375
4,1305,0.43038707971572876,0.828125
4,1306,0.5469162464141846,0.8125
4,1307,0.39363163709640503,0.8671875
4,1308,0.5073519945144653,0.8046875
4,1309,0.548028290271759,0.8046875
4,1310,0.4523329734802246,0.8515625
4,1311,0.5955054759979248,0.8203125
4,1312,0.6820353865623474,0.78125
4,1313,0.6064759492874146,0.7890625
4,1314,0.48172879219055176,0.828125
4,1315,0.6543471813201904,0.7578125
4,1316,0.5454511046409607,0.8203125
4,1317,0.6829861998558044,0.796875
4,1318,0.46382936835289,0.8359375
4,1319,0.5389174222946167,0.796875
4,1320,0.5195636749267578,0.7734375
4,1321,0.51082444190979,0.796875
4,1322,0.5170106887817383,0.828125
4,1323,0.6749830842018127,0.8046875
4,1324,0.5981746912002563,0.796875
4,1325,0.49375244975090027,0.8046875
4,1326,0.5513259768486023,0.8125
4,1327,0.5745043754577637,0.7734375
4,1328,0.6241587400436401,0.78125
4,1329,0.5466471910476685,0.7890625
4,1330,0.42341306805610657,0.8671875
4,1331,0.5683729648590088,0.7890625
4,1332,0.5189851522445679,0.8359375
4,1333,0.6369345188140869,0.765625
4,1334,0.5169498920440674,0.8515625
4,1335,0.452004075050354,0.8359375
4,1336,0.618821382522583,0.75
4,1337,0.6563472747802734,0.7734375
4,1338,0.609057605266571,0.8046875
4,1339,0.641250729560852,0.8203125
4,1340,0.606151282787323,0.78125
4,1341,0.5265275835990906,0.8125
4,1342,0.6639652252197266,0.796875
4,1343,0.5846307277679443,0.7890625
4,1344,0.5698195099830627,0.8046875
4,1345,0.5300686955451965,0.8046875
4,1346,0.47812843322753906,0.8515625
4,1347,0.6658482551574707,0.8046875
4,1348,0.6341063976287842,0.796875
4,1349,0.6625560522079468,0.7421875
4,1350,0.5941741466522217,0.765625
4,1351,0.729583203792572,0.7265625
4,1352,0.5915840864181519,0.7890625
4,1353,0.6674618721008301,0.8125
4,1354,0.37632066011428833,0.890625
4,1355,0.4373542070388794,0.8359375
4,1356,0.433405339717865,0.796875
4,1357,0.6451029777526855,0.78125
4,1358,0.621017336845398,0.7578125
4,1359,0.6157228946685791,0.796875
4,1360,0.6063245534896851,0.828125
4,1361,0.531049370765686,0.7890625
4,1362,0.5535291433334351,0.78125
4,1363,0.47242027521133423,0.8671875
4,1364,0.6108540296554565,0.796875
4,1365,0.4652491509914398,0.84375
4,1366,0.6269142627716064,0.765625
4,1367,0.476622998714447,0.84375
4,1368,0.5622851848602295,0.8046875
4,1369,0.43797197937965393,0.84375
4,1370,0.4553432762622833,0.8359375
4,1371,0.48132991790771484,0.796875
4,1372,0.578302264213562,0.7734375
4,1373,0.5349929332733154,0.8046875
4,1374,0.6539632678031921,0.7734375
4,1375,0.5691317915916443,0.7578125
4,1376,0.6655636429786682,0.7890625
4,1377,0.6085209250450134,0.796875
4,1378,0.6406564712524414,0.7734375
4,1379,0.6110398769378662,0.7890625
4,1380,0.6519910097122192,0.78125
4,1381,0.5386120676994324,0.828125
4,1382,0.6249591112136841,0.796875
4,1383,0.7697451114654541,0.7734375
4,1384,0.6257009506225586,0.7734375
4,1385,0.48380130529403687,0.7890625
4,1386,0.41462233662605286,0.875
4,1387,0.5523735880851746,0.796875
4,1388,0.610102117061615,0.7890625
4,1389,0.6549388766288757,0.765625
4,1390,0.5408122539520264,0.828125
4,1391,0.7494744062423706,0.75
4,1392,0.6701589822769165,0.7109375
4,1393,0.7509512901306152,0.7265625
4,1394,0.5220273733139038,0.828125
4,1395,0.6841877698898315,0.7421875
4,1396,0.6023492217063904,0.7890625
4,1397,0.4530893862247467,0.8359375
4,1398,0.6676434278488159,0.765625
4,1399,0.5651850700378418,0.78125
4,1400,0.6190044283866882,0.8125
4,1401,0.5929768085479736,0.8125
4,1402,0.5801354646682739,0.84375
4,1403,0.5715604424476624,0.8203125
4,1404,0.6533083915710449,0.765625
4,1405,0.4786470830440521,0.8359375
4,1406,0.6583476066589355,0.7890625
4,1407,0.4949020445346832,0.828125
4,1408,0.5907236337661743,0.7890625
4,1409,0.5719175338745117,0.78125
4,1410,0.7195137143135071,0.75
4,1411,0.5204097032546997,0.8515625
4,1412,0.5763812065124512,0.8046875
4,1413,0.6293158531188965,0.78125
4,1414,0.5615389347076416,0.78125
4,1415,0.5699173212051392,0.796875
4,1416,0.6220670938491821,0.78125
4,1417,0.6282638311386108,0.78125
4,1418,0.5945544838905334,0.796875
4,1419,0.6545899510383606,0.7734375
4,1420,0.4657018780708313,0.828125
4,1421,0.5908874869346619,0.828125
4,1422,0.5605779886245728,0.8203125
4,1423,0.5436429977416992,0.8125
4,1424,0.5180075764656067,0.8359375
4,1425,0.4505331516265869,0.8359375
4,1426,0.577444851398468,0.75
4,1427,0.47054508328437805,0.8125
4,1428,0.43389731645584106,0.828125
4,1429,0.6947307586669922,0.7734375
4,1430,0.5819025039672852,0.78125
4,1431,0.5663967132568359,0.8046875
4,1432,0.48470234870910645,0.8046875
4,1433,0.34864115715026855,0.859375
4,1434,0.624713122844696,0.8046875
4,1435,0.6301915645599365,0.796875
4,1436,0.6295137405395508,0.7890625
4,1437,0.519429624080658,0.8125
4,1438,0.5794069766998291,0.8203125
4,1439,0.6694259643554688,0.7734375
4,1440,0.6095410585403442,0.78125
4,1441,0.805806040763855,0.7421875
4,1442,0.5098917484283447,0.78125
4,1443,0.4187517762184143,0.8359375
4,1444,0.4569220542907715,0.8359375
4,1445,0.49020707607269287,0.828125
4,1446,0.5052376985549927,0.828125
4,1447,0.7292112112045288,0.7578125
4,1448,0.4789866805076599,0.8125
4,1449,0.5065209865570068,0.8359375
4,1450,0.500485360622406,0.828125
4,1451,0.5224244594573975,0.7734375
4,1452,0.46433648467063904,0.8671875
4,1453,0.5344300270080566,0.8203125
4,1454,0.6558694243431091,0.78125
4,1455,0.5451152920722961,0.8046875
4,1456,0.5396215915679932,0.765625
4,1457,0.5313035249710083,0.796875
4,1458,0.5669496655464172,0.8125
4,1459,0.5613763332366943,0.78125
4,1460,0.5694863200187683,0.7890625
4,1461,0.6112058162689209,0.734375
4,1462,0.4982739984989166,0.8671875
4,1463,0.4853243827819824,0.8359375
4,1464,0.5976396799087524,0.7890625
4,1465,0.4628838896751404,0.859375
4,1466,0.5473310947418213,0.796875
4,1467,0.4603666365146637,0.8359375
4,1468,0.5260077714920044,0.8203125
4,1469,0.4215072989463806,0.8359375
4,1470,0.5372703075408936,0.796875
4,1471,0.5060720443725586,0.8515625
4,1472,0.493094265460968,0.828125
4,1473,0.5021889209747314,0.84375
4,1474,0.5741322040557861,0.796875
4,1475,0.5482258200645447,0.8125
4,1476,0.5745936632156372,0.8203125
4,1477,0.6983712911605835,0.8125
4,1478,0.7704429626464844,0.734375
4,1479,0.7071473002433777,0.78125
4,1480,0.6697931289672852,0.78125
4,1481,0.5417458415031433,0.8203125
4,1482,0.4658994674682617,0.859375
4,1483,0.7753970623016357,0.7109375
4,1484,0.5649848580360413,0.78125
4,1485,0.4605328142642975,0.8203125
4,1486,0.4769518971443176,0.828125
4,1487,0.5481002330780029,0.8125
4,1488,0.3709523379802704,0.8515625
4,1489,0.3865154981613159,0.8671875
4,1490,0.4971967041492462,0.828125
4,1491,0.7434954643249512,0.7109375
4,1492,0.6244636178016663,0.796875
4,1493,0.5164758563041687,0.8359375
4,1494,0.5037672519683838,0.828125
4,1495,0.5957149863243103,0.7734375
4,1496,0.48488643765449524,0.8359375
4,1497,0.5786969661712646,0.8046875
4,1498,0.5426868200302124,0.8203125
4,1499,0.45160484313964844,0.84375
4,1500,0.3502172827720642,0.8828125
4,1501,0.6021112203598022,0.7890625
4,1502,0.3366687297821045,0.890625
4,1503,0.5996116399765015,0.7734375
4,1504,0.7917882204055786,0.71875
4,1505,0.5469432473182678,0.84375
4,1506,0.5710251927375793,0.828125
4,1507,0.6411352157592773,0.8125
4,1508,0.5237511992454529,0.796875
4,1509,0.4490734040737152,0.828125
4,1510,0.5576000213623047,0.8359375
4,1511,0.6781800985336304,0.765625
4,1512,0.46546226739883423,0.8671875
4,1513,0.5210723876953125,0.8203125
4,1514,0.5627586245536804,0.8046875
4,1515,0.610938310623169,0.7890625
4,1516,0.5346161127090454,0.8515625
4,1517,0.5503434538841248,0.7734375
4,1518,0.5963659882545471,0.71875
4,1519,0.5235836505889893,0.828125
4,1520,0.40926432609558105,0.8671875
4,1521,0.4561465084552765,0.8203125
4,1522,0.4765443503856659,0.8515625
4,1523,0.4829527735710144,0.765625
4,1524,0.6331036686897278,0.796875
4,1525,0.5271963477134705,0.8203125
4,1526,0.4706934988498688,0.8203125
4,1527,0.6443427801132202,0.7734375
4,1528,0.481256902217865,0.8515625
4,1529,0.5033268332481384,0.8046875
4,1530,0.5868259072303772,0.8125
4,1531,0.43393653631210327,0.8203125
4,1532,0.5119946599006653,0.8046875
4,1533,0.5133980512619019,0.84375
4,1534,0.6851789355278015,0.7734375
4,1535,0.45044150948524475,0.8359375
4,1536,0.6648677587509155,0.78125
4,1537,0.658133864402771,0.7578125
4,1538,0.531232476234436,0.8203125
4,1539,0.4810229539871216,0.84375
4,1540,0.5326633453369141,0.828125
4,1541,0.5238252282142639,0.78125
4,1542,0.34615179896354675,0.8828125
4,1543,0.4349876344203949,0.84375
4,1544,0.5663847923278809,0.796875
4,1545,0.6255255341529846,0.78125
4,1546,0.583380937576294,0.796875
4,1547,0.7501699328422546,0.7734375
4,1548,0.6526965498924255,0.7578125
4,1549,0.5584404468536377,0.8359375
4,1550,0.5086469650268555,0.828125
4,1551,0.42425736784935,0.859375
4,1552,0.4781034290790558,0.8515625
4,1553,0.45316082239151,0.828125
4,1554,0.5099672079086304,0.8046875
4,1555,0.5909099578857422,0.8046875
4,1556,0.5106992125511169,0.8203125
4,1557,0.41604670882225037,0.84375
4,1558,0.4353257417678833,0.8125
4,1559,0.6103496551513672,0.7265625
4,1560,0.6072509288787842,0.8046875
5,1561,0.47354423999786377,0.8671875
5,1562,0.43916380405426025,0.828125
5,1563,0.41326361894607544,0.828125
5,1564,0.5267127156257629,0.8046875
5,1565,0.5408467054367065,0.78125
5,1566,0.532930850982666,0.8125
5,1567,0.6805640459060669,0.7421875
5,1568,0.3887065052986145,0.84375
5,1569,0.42634350061416626,0.84375
5,1570,0.3524242639541626,0.8671875
5,1571,0.5838834643363953,0.8046875
5,1572,0.43153107166290283,0.859375
5,1573,0.630801796913147,0.78125
5,1574,0.49108028411865234,0.796875
5,1575,0.5972551107406616,0.765625
5,1576,0.554689884185791,0.7890625
5,1577,0.6293883323669434,0.8125
5,1578,0.3799647092819214,0.8984375
5,1579,0.42302870750427246,0.828125
5,1580,0.5315818786621094,0.8046875
5,1581,0.46564531326293945,0.84375
5,1582,0.3416905701160431,0.859375
5,1583,0.5751245021820068,0.828125
5,1584,0.5042446851730347,0.859375
5,1585,0.35345005989074707,0.8828125
5,1586,0.528788149356842,0.7890625
5,1587,0.49400338530540466,0.8359375
5,1588,0.6100823879241943,0.7890625
5,1589,0.4894231855869293,0.8359375
5,1590,0.5277905464172363,0.8125
5,1591,0.4202485680580139,0.8515625
5,1592,0.48406603932380676,0.828125
5,1593,0.5326907634735107,0.8203125
5,1594,0.6391633749008179,0.7578125
5,1595,0.44219541549682617,0.84375
5,1596,0.44801655411720276,0.84375
5,1597,0.5556294918060303,0.8125
5,1598,0.468502938747406,0.8671875
5,1599,0.42850261926651,0.890625
5,1600,0.4807214140892029,0.828125
5,1601,0.5016341209411621,0.828125
5,1602,0.5015194416046143,0.828125
5,1603,0.48749250173568726,0.8203125
5,1604,0.41170620918273926,0.875
5,1605,0.43936067819595337,0.859375
5,1606,0.4367029666900635,0.8515625
5,1607,0.6337420344352722,0.7890625
5,1608,0.6628053784370422,0.7578125
5,1609,0.46911177039146423,0.859375
5,1610,0.4205135703086853,0.828125
5,1611,0.5482103228569031,0.7890625
5,1612,0.4749186336994171,0.84375
5,1613,0.46755433082580566,0.84375
5,1614,0.4631480276584625,0.8359375
5,1615,0.48734861612319946,0.84375
5,1616,0.6226047873497009,0.7578125
5,1617,0.734595000743866,0.765625
5,1618,0.541826605796814,0.84375
5,1619,0.4238300919532776,0.8359375
5,1620,0.5350116491317749,0.8125
5,1621,0.5411482453346252,0.8359375
5,1622,0.5396764874458313,0.84375
5,1623,0.6694937944412231,0.796875
5,1624,0.5757616758346558,0.7890625
5,1625,0.5256929397583008,0.8125
5,1626,0.6042956709861755,0.8046875
5,1627,0.5338468551635742,0.796875
5,1628,0.4743677079677582,0.84375
5,1629,0.5858620405197144,0.7890625
5,1630,0.5372118949890137,0.796875
5,1631,0.6115589737892151,0.7890625
5,1632,0.5411137938499451,0.8203125
5,1633,0.6009212732315063,0.8125
5,1634,0.5182520151138306,0.78125
5,1635,0.49759677052497864,0.8203125
5,1636,0.5090218782424927,0.8046875
5,1637,0.5351104736328125,0.8046875
5,1638,0.4537307620048523,0.8359375
5,1639,0.6147584319114685,0.796875
5,1640,0.4450721740722656,0.890625
5,1641,0.48321911692619324,0.8203125
5,1642,0.7068791389465332,0.75
5,1643,0.48525092005729675,0.8125
5,1644,0.518487811088562,0.84375
5,1645,0.5127698183059692,0.8515625
5,1646,0.5380220413208008,0.8125
5,1647,0.5127506852149963,0.84375
5,1648,0.4489361643791199,0.8125
5,1649,0.5657427310943604,0.796875
5,1650,0.4601753354072571,0.8359375
5,1651,0.6623498201370239,0.7421875
5,1652,0.6635286808013916,0.734375
5,1653,0.563698410987854,0.796875
5,1654,0.5680705308914185,0.7890625
5,1655,0.4927876889705658,0.828125
5,1656,0.49964994192123413,0.796875
5,1657,0.6154320240020752,0.7890625
5,1658,0.5562893152236938,0.796875
5,1659,0.43072745203971863,0.8359375
5,1660,0.6164263486862183,0.765625
5,1661,0.49062690138816833,0.8046875
5,1662,0.539573609828949,0.828125
5,1663,0.4675208628177643,0.828125
5,1664,0.5862433910369873,0.765625
5,1665,0.5592693090438843,0.75
5,1666,0.5471816062927246,0.796875
5,1667,0.38390278816223145,0.84375
5,1668,0.5401338338851929,0.8359375
5,1669,0.49350786209106445,0.8359375
5,1670,0.511005163192749,0.8125
5,1671,0.5777905583381653,0.828125
5,1672,0.6164328455924988,0.7734375
5,1673,0.5098978877067566,0.8203125
5,1674,0.532418429851532,0.828125
5,1675,0.5789991617202759,0.8046875
5,1676,0.6700425148010254,0.7578125
5,1677,0.455924391746521,0.828125
5,1678,0.4632760286331177,0.828125
5,1679,0.39099591970443726,0.8671875
5,1680,0.467303991317749,0.84375
5,1681,0.47203001379966736,0.8125
5,1682,0.6526980400085449,0.75
5,1683,0.48792803287506104,0.828125
5,1684,0.4727707505226135,0.796875
5,1685,0.5321609973907471,0.8125
5,1686,0.5524834990501404,0.8046875
5,1687,0.7266921997070312,0.7421875
5,1688,0.48185932636260986,0.84375
5,1689,0.5133594274520874,0.84375
5,1690,0.5317271947860718,0.8203125
5,1691,0.5995956659317017,0.7890625
5,1692,0.5459786653518677,0.8359375
5,1693,0.5276564359664917,0.7734375
5,1694,0.5967510342597961,0.8203125
5,1695,0.6402417421340942,0.78125
5,1696,0.4881978929042816,0.8515625
5,1697,0.5263506174087524,0.828125
5,1698,0.4608539044857025,0.8203125
5,1699,0.3999151587486267,0.84375
5,1700,0.5789331197738647,0.8046875
5,1701,0.5173004865646362,0.796875
5,1702,0.4778047204017639,0.84375
5,1703,0.4792247712612152,0.796875
5,1704,0.45503664016723633,0.8203125
5,1705,0.5155401229858398,0.8203125
5,1706,0.5062224864959717,0.8359375
5,1707,0.4582265019416809,0.8359375
5,1708,0.43650907278060913,0.859375
5,1709,0.5828261375427246,0.8125
5,1710,0.45426294207572937,0.828125
5,1711,0.5860166549682617,0.796875
5,1712,0.6734969019889832,0.8046875
5,1713,0.5938693881034851,0.8203125
5,1714,0.597827136516571,0.78125
5,1715,0.6026353240013123,0.8203125
5,1716,0.5470830798149109,0.8203125
5,1717,0.48871925473213196,0.84375
5,1718,0.5612632036209106,0.8125
5,1719,0.6788035035133362,0.7421875
5,1720,0.5513921976089478,0.78125
5,1721,0.5346889495849609,0.8046875
5,1722,0.6261535882949829,0.78125
5,1723,0.38864874839782715,0.875
5,1724,0.528260350227356,0.8125
5,1725,0.3750261962413788,0.8828125
5,1726,0.4948355555534363,0.828125
5,1727,0.5069035291671753,0.8203125
5,1728,0.5350525379180908,0.7734375
5,1729,0.5552514791488647,0.8046875
5,1730,0.5607120990753174,0.8125
5,1731,0.6493901610374451,0.7265625
5,1732,0.4558951258659363,0.8359375
5,1733,0.48471614718437195,0.8203125
5,1734,0.342545747756958,0.890625
5,1735,0.5140118598937988,0.84375
5,1736,0.5521128177642822,0.8203125
5,1737,0.5153653025627136,0.7890625
5,1738,0.5538304448127747,0.828125
5,1739,0.47987037897109985,0.828125
5,1740,0.44042110443115234,0.796875
5,1741,0.600369393825531,0.7890625
5,1742,0.47632521390914917,0.8359375
5,1743,0.49659833312034607,0.828125
5,1744,0.43509602546691895,0.828125
5,1745,0.36135661602020264,0.890625
5,1746,0.5017272233963013,0.84375
5,1747,0.47755149006843567,0.828125
5,1748,0.5397100448608398,0.8125
5,1749,0.4268239140510559,0.8515625
5,1750,0.37597566843032837,0.8828125
5,1751,0.5813600420951843,0.8046875
5,1752,0.4367559254169464,0.8359375
5,1753,0.36673521995544434,0.859375
5,1754,0.4771963655948639,0.8203125
5,1755,0.5934911966323853,0.7734375
5,1756,0.6067376136779785,0.84375
5,1757,0.5727030038833618,0.8359375
5,1758,0.43630537390708923,0.8359375
5,1759,0.41783952713012695,0.859375
5,1760,0.5179339647293091,0.8203125
5,1761,0.5277167558670044,0.8203125
5,1762,0.5543808937072754,0.8359375
5,1763,0.529350996017456,0.7890625
5,1764,0.6527110934257507,0.796875
5,1765,0.4385529160499573,0.859375
5,1766,0.5435457229614258,0.8046875
5,1767,0.4796864986419678,0.828125
5,1768,0.5255621671676636,0.84375
5,1769,0.5700411796569824,0.78125
5,1770,0.5811681151390076,0.75
5,1771,0.3235025405883789,0.8828125
5,1772,0.41101059317588806,0.8671875
5,1773,0.5458533763885498,0.8046875
5,1774,0.5515716671943665,0.796875
5,1775,0.360221266746521,0.8828125
5,1776,0.5233234763145447,0.8203125
5,1777,0.42867231369018555,0.828125
5,1778,0.587226152420044,0.796875
5,1779,0.6147202253341675,0.765625
5,1780,0.43714749813079834,0.859375
5,1781,0.5547071695327759,0.8515625
5,1782,0.44518187642097473,0.8359375
5,1783,0.46043407917022705,0.84375
5,1784,0.47332489490509033,0.84375
5,1785,0.4791938066482544,0.84375
5,1786,0.43090808391571045,0.859375
5,1787,0.5443903207778931,0.8046875
5,1788,0.575848400592804,0.78125
5,1789,0.48241543769836426,0.8359375
5,1790,0.594115674495697,0.8125
5,1791,0.403272807598114,0.8515625
5,1792,0.5503870844841003,0.8515625
5,1793,0.34758076071739197,0.8671875
5,1794,0.4164183437824249,0.8359375
5,1795,0.49459171295166016,0.8125
5,1796,0.3676919937133789,0.890625
5,1797,0.5747594833374023,0.7890625
5,1798,0.6800346970558167,0.7890625
5,1799,0.5451593399047852,0.78125
5,1800,0.4769623279571533,0.84375
5,1801,0.3596556484699249,0.859375
5,1802,0.42017635703086853,0.875
5,1803,0.3990083336830139,0.875
5,1804,0.5040290355682373,0.8359375
5,1805,0.4805680811405182,0.8359375
5,1806,0.5442275404930115,0.8125
5,1807,0.6651163697242737,0.796875
5,1808,0.46574243903160095,0.8203125
5,1809,0.5597034692764282,0.7734375
5,1810,0.5028080940246582,0.828125
5,1811,0.5088022351264954,0.8359375
5,1812,0.5924201011657715,0.796875
5,1813,0.5444322228431702,0.8125
5,1814,0.620833158493042,0.75
5,1815,0.531360387802124,0.8046875
5,1816,0.4893124997615814,0.8203125
5,1817,0.5022217631340027,0.8359375
5,1818,0.494152694940567,0.828125
5,1819,0.6573456525802612,0.78125
5,1820,0.4754798114299774,0.796875
5,1821,0.5088353753089905,0.84375
5,1822,0.4516447186470032,0.8359375
5,1823,0.33016902208328247,0.8984375
5,1824,0.4628368616104126,0.828125
5,1825,0.4821006953716278,0.84375
5,1826,0.5183285474777222,0.8046875
5,1827,0.4370073080062866,0.8515625
5,1828,0.481474369764328,0.8203125
5,1829,0.46717754006385803,0.828125
5,1830,0.43830230832099915,0.875
5,1831,0.47478657960891724,0.8359375
5,1832,0.41423895955085754,0.828125
5,1833,0.42615777254104614,0.859375
5,1834,0.4850732684135437,0.84375
5,1835,0.4531742334365845,0.8515625
5,1836,0.4777946472167969,0.828125
5,1837,0.4767095148563385,0.84375
5,1838,0.722400426864624,0.765625
5,1839,0.40871885418891907,0.84375
5,1840,0.5675177574157715,0.796875
5,1841,0.4264907240867615,0.84375
5,1842,0.44722431898117065,0.859375
5,1843,0.560119092464447,0.8203125
5,1844,0.49324291944503784,0.8203125
5,1845,0.4894900918006897,0.828125
5,1846,0.3488582968711853,0.875
5,1847,0.49826526641845703,0.8046875
5,1848,0.5278884172439575,0.7890625
5,1849,0.4578714072704315,0.859375
5,1850,0.3977809548377991,0.875
5,1851,0.4182581901550293,0.859375
5,1852,0.5619897246360779,0.7890625
5,1853,0.3784523904323578,0.8671875
5,1854,0.5139778852462769,0.828125
5,1855,0.312664270401001,0.9140625
5,1856,0.4334179759025574,0.8515625
5,1857,0.4020872414112091,0.8671875
5,1858,0.3378906548023224,0.859375
5,1859,0.5229215621948242,0.8046875
5,1860,0.6473945379257202,0.7578125
5,1861,0.5997196435928345,0.8203125
5,1862,0.6300258040428162,0.796875
5,1863,0.48890823125839233,0.8125
5,1864,0.4663958251476288,0.8671875
5,1865,0.5273131132125854,0.8046875
5,1866,0.4496746361255646,0.828125
5,1867,0.4571356177330017,0.8046875
5,1868,0.30080533027648926,0.9140625
5,1869,0.38114404678344727,0.8671875
5,1870,0.3917478322982788,0.8828125
5,1871,0.612729549407959,0.8046875
5,1872,0.44328081607818604,0.8359375
5,1873,0.49377137422561646,0.859375
5,1874,0.5318617820739746,0.828125
5,1875,0.4745691418647766,0.8203125
5,1876,0.3654935359954834,0.8515625
5,1877,0.36752593517303467,0.859375
5,1878,0.47103631496429443,0.8046875
5,1879,0.4913409948348999,0.8359375
5,1880,0.6628142595291138,0.765625
5,1881,0.591556191444397,0.796875
5,1882,0.5214118361473083,0.796875
5,1883,0.49797576665878296,0.796875
5,1884,0.38202956318855286,0.8828125
5,1885,0.41860389709472656,0.8359375
5,1886,0.4556558430194855,0.8671875
5,1887,0.4596136808395386,0.875
5,1888,0.5319769978523254,0.828125
5,1889,0.4447987675666809,0.8671875
5,1890,0.5185530185699463,0.8203125
5,1891,0.5289464592933655,0.796875
5,1892,0.5311293005943298,0.8203125
5,1893,0.4261545240879059,0.84375
5,1894,0.5240499973297119,0.828125
5,1895,0.4761103391647339,0.8671875
5,1896,0.5394396781921387,0.8203125
5,1897,0.5155071020126343,0.828125
5,1898,0.4912104606628418,0.8203125
5,1899,0.49564409255981445,0.8515625
5,1900,0.533163845539093,0.8203125
5,1901,0.4811352491378784,0.8359375
5,1902,0.4796484410762787,0.84375
5,1903,0.38340747356414795,0.875
5,1904,0.39810001850128174,0.8828125
5,1905,0.4404865503311157,0.8515625
5,1906,0.5960004925727844,0.8203125
5,1907,0.43334877490997314,0.8515625
5,1908,0.4736786484718323,0.859375
5,1909,0.45023033022880554,0.84375
5,1910,0.3787118196487427,0.8828125
5,1911,0.39474761486053467,0.8828125
5,1912,0.5185275077819824,0.8046875
5,1913,0.48332154750823975,0.8203125
5,1914,0.45947107672691345,0.78125
5,1915,0.520622730255127,0.8203125
5,1916,0.5234708786010742,0.8203125
5,1917,0.4605282247066498,0.8671875
5,1918,0.5049131512641907,0.8359375
5,1919,0.5883957147598267,0.7890625
5,1920,0.48882895708084106,0.8046875
5,1921,0.4696193337440491,0.84375
5,1922,0.49576810002326965,0.8046875
5,1923,0.5426150560379028,0.8203125
5,1924,0.45467129349708557,0.8515625
5,1925,0.4789728820323944,0.8203125
5,1926,0.5376489758491516,0.84375
5,1927,0.4960160255432129,0.8125
5,1928,0.5352335572242737,0.84375
5,1929,0.46525683999061584,0.84375
5,1930,0.6339561939239502,0.78125
5,1931,0.5329784154891968,0.8125
5,1932,0.45735663175582886,0.84375
5,1933,0.3617147207260132,0.875
5,1934,0.49710649251937866,0.8203125
5,1935,0.3569301962852478,0.875
5,1936,0.4271131753921509,0.8515625
5,1937,0.5585840344429016,0.828125
5,1938,0.43655502796173096,0.8203125
5,1939,0.5718499422073364,0.7890625
5,1940,0.44332170486450195,0.84375
5,1941,0.39685511589050293,0.8671875
5,1942,0.4111563563346863,0.8359375
5,1943,0.6339225172996521,0.8046875
5,1944,0.5066889524459839,0.78125
5,1945,0.6945422887802124,0.765625
5,1946,0.4569453001022339,0.8359375
5,1947,0.7138462662696838,0.7421875
5,1948,0.39572733640670776,0.890625
5,1949,0.38373419642448425,0.859375
5,1950,0.4174381196498871,0.8359375
6,1951,0.5021911263465881,0.828125
6,1952,0.4132922887802124,0.8359375
6,1953,0.5287197828292847,0.8203125
6,1954,0.3759930729866028,0.8515625
6,1955,0.47932469844818115,0.828125
6,1956,0.5952403545379639,0.84375
6,1957,0.4622562825679779,0.859375
6,1958,0.5876373648643494,0.84375
6,1959,0.3181283175945282,0.9140625
6,1960,0.4472789466381073,0.8515625
6,1961,0.5367668867111206,0.828125
6,1962,0.5319258570671082,0.8046875
6,1963,0.5462851524353027,0.7890625
6,1964,0.32940104603767395,0.890625
6,1965,0.4533630907535553,0.828125
6,1966,0.4642028510570526,0.828125
6,1967,0.4871070384979248,0.8671875
6,1968,0.48211395740509033,0.828125
6,1969,0.4124012589454651,0.84375
6,1970,0.5782257318496704,0.7890625
6,1971,0.3943643569946289,0.8359375
6,1972,0.5114618539810181,0.8203125
6,1973,0.6033341884613037,0.7890625
6,1974,0.5288256406784058,0.828125
6,1975,0.3405188322067261,0.8984375
6,1976,0.5105093717575073,0.8125
6,1977,0.43844810128211975,0.84375
6,1978,0.4572741687297821,0.84375
6,1979,0.511328935623169,0.8203125
6,1980,0.435477077960968,0.84375
6,1981,0.4282856583595276,0.8828125
6,1982,0.4690798223018646,0.8359375
6,1983,0.4559486508369446,0.8515625
6,1984,0.40751326084136963,0.828125
6,1985,0.4277358651161194,0.8515625
6,1986,0.5981832146644592,0.78125
6,1987,0.3342254161834717,0.8984375
6,1988,0.4712533950805664,0.84375
6,1989,0.5210991501808167,0.8125
6,1990,0.3726903200149536,0.8671875
6,1991,0.41637882590293884,0.8671875
6,1992,0.39502978324890137,0.8671875
6,1993,0.4584653973579407,0.8125
6,1994,0.5510132908821106,0.8359375
6,1995,0.5756565928459167,0.78125
6,1996,0.5504151582717896,0.8203125
6,1997,0.3929864168167114,0.859375
6,1998,0.6554142832756042,0.7734375
6,1999,0.39735886454582214,0.8515625
6,2000,0.424695760011673,0.8359375
6,2001,0.44995254278182983,0.84375
6,2002,0.5338374972343445,0.8125
6,2003,0.5212398171424866,0.8671875
6,2004,0.5448887348175049,0.7890625
6,2005,0.5268337726593018,0.8046875
6,2006,0.45460599660873413,0.8359375
6,2007,0.46123722195625305,0.8515625
6,2008,0.398242712020874,0.875
6,2009,0.4572358727455139,0.8359375
6,2010,0.4667084813117981,0.8359375
6,2011,0.43077802658081055,0.8671875
6,2012,0.43719667196273804,0.8671875
6,2013,0.4256618618965149,0.84375
6,2014,0.37147173285484314,0.890625
6,2015,0.5285972356796265,0.828125
6,2016,0.5525225400924683,0.8046875
6,2017,0.5103253126144409,0.7890625
6,2018,0.4419964551925659,0.8359375
6,2019,0.292878657579422,0.9140625
6,2020,0.591711163520813,0.796875
6,2021,0.5201980471611023,0.7890625
6,2022,0.32324767112731934,0.90625
6,2023,0.5184288024902344,0.8359375
6,2024,0.4767324924468994,0.8203125
6,2025,0.4133571684360504,0.84375
6,2026,0.46906304359436035,0.8515625
6,2027,0.3969499468803406,0.8515625
6,2028,0.5382182002067566,0.8125
6,2029,0.4687611162662506,0.84375
6,2030,0.48436832427978516,0.8125
6,2031,0.3951810896396637,0.8359375
6,2032,0.4586588740348816,0.828125
6,2033,0.3806525766849518,0.8515625
6,2034,0.36426424980163574,0.8828125
6,2035,0.5057473182678223,0.8515625
6,2036,0.46315091848373413,0.8359375
6,2037,0.35458889603614807,0.8828125
6,2038,0.3113298714160919,0.8828125
6,2039,0.33062243461608887,0.859375
6,2040,0.5537434220314026,0.8203125
6,2041,0.5104159116744995,0.8203125
6,2042,0.533964216709137,0.8125
6,2043,0.547063946723938,0.796875
6,2044,0.5502005815505981,0.828125
6,2045,0.36454808712005615,0.8671875
6,2046,0.4246501922607422,0.875
6,2047,0.5054700970649719,0.8203125
6,2048,0.4055516719818115,0.8359375
6,2049,0.5019816160202026,0.8046875
6,2050,0.451910138130188,0.875
6,2051,0.44510799646377563,0.8203125
6,2052,0.4117380976676941,0.859375
6,2053,0.5251185297966003,0.84375
6,2054,0.2844359278678894,0.90625
6,2055,0.5792257785797119,0.828125
6,2056,0.5296072363853455,0.8203125
6,2057,0.4482448399066925,0.859375
6,2058,0.49764639139175415,0.8125
6,2059,0.348425030708313,0.890625
6,2060,0.23617859184741974,0.9453125
6,2061,0.38557082414627075,0.859375
6,2062,0.49543821811676025,0.8515625
6,2063,0.42883390188217163,0.8515625
6,2064,0.5429213047027588,0.796875
6,2065,0.4370240569114685,0.8515625
6,2066,0.4636591672897339,0.8359375
6,2067,0.38721764087677,0.859375
6,2068,0.3985615670681,0.84375
6,2069,0.34501320123672485,0.8984375
6,2070,0.6699762344360352,0.7734375
6,2071,0.5032637119293213,0.84375
6,2072,0.3761668801307678,0.859375
6,2073,0.3685264587402344,0.8671875
6,2074,0.5115754008293152,0.8046875
6,2075,0.44511330127716064,0.8359375
6,2076,0.4792088270187378,0.8125
6,2077,0.403388112783432,0.875
6,2078,0.4165828227996826,0.875
6,2079,0.5330587029457092,0.8046875
6,2080,0.3410293161869049,0.8828125
6,2081,0.5514241456985474,0.8125
6,2082,0.5858783721923828,0.7890625
6,2083,0.6411480903625488,0.78125
6,2084,0.5245134234428406,0.7890625
6,2085,0.36415767669677734,0.84375
6,2086,0.3565905690193176,0.8984375
6,2087,0.5416238307952881,0.8203125
6,2088,0.4424195885658264,0.828125
6,2089,0.3504495322704315,0.8671875
6,2090,0.48780810832977295,0.796875
6,2091,0.48311537504196167,0.84375
6,2092,0.6094699501991272,0.796875
6,2093,0.40066808462142944,0.859375
6,2094,0.5389296412467957,0.796875
6,2095,0.43965664505958557,0.859375
6,2096,0.4648766815662384,0.84375
6,2097,0.5278587937355042,0.8359375
6,2098,0.4889131188392639,0.84375
6,2099,0.36321473121643066,0.875
6,2100,0.34628570079803467,0.859375
6,2101,0.5047527551651001,0.828125
6,2102,0.3909074068069458,0.875
6,2103,0.33080005645751953,0.8828125
6,2104,0.4164315164089203,0.875
6,2105,0.5347253680229187,0.8203125
6,2106,0.5325878262519836,0.8203125
6,2107,0.42890340089797974,0.859375
6,2108,0.5955874919891357,0.8125
6,2109,0.4279474914073944,0.8125
6,2110,0.3962567150592804,0.8359375
6,2111,0.36140310764312744,0.8984375
6,2112,0.4440626800060272,0.8359375
6,2113,0.43460971117019653,0.84375
6,2114,0.5580614805221558,0.828125
6,2115,0.32619738578796387,0.890625
6,2116,0.5381375551223755,0.8515625
6,2117,0.44654399156570435,0.8515625
6,2118,0.5234720706939697,0.84375
6,2119,0.4256051182746887,0.8515625
6,2120,0.4170483648777008,0.859375
6,2121,0.5630250573158264,0.8125
6,2122,0.4089691638946533,0.8203125
6,2123,0.41664642095565796,0.8671875
6,2124,0.5274713635444641,0.828125
6,2125,0.3747267425060272,0.8515625
6,2126,0.42502227425575256,0.84375
6,2127,0.5436561107635498,0.8203125
6,2128,0.4876770079135895,0.84375
6,2129,0.40983182191848755,0.859375
6,2130,0.4343457520008087,0.875
6,2131,0.4507286548614502,0.859375
6,2132,0.5062358975410461,0.8671875
6,2133,0.4039860963821411,0.8671875
6,2134,0.5470234155654907,0.796875
6,2135,0.4453943073749542,0.8671875
6,2136,0.4473533630371094,0.8515625
6,2137,0.38092541694641113,0.8828125
6,2138,0.4826236367225647,0.8046875
6,2139,0.30209237337112427,0.890625
6,2140,0.41567564010620117,0.8671875
6,2141,0.5476371049880981,0.796875
6,2142,0.47778016328811646,0.84375
6,2143,0.3796082139015198,0.890625
6,2144,0.4045206308364868,0.84375
6,2145,0.24958893656730652,0.9140625
6,2146,0.372880220413208,0.8828125
6,2147,0.4703497290611267,0.8359375
6,2148,0.4487108588218689,0.8359375
6,2149,0.23998725414276123,0.921875
6,2150,0.38278746604919434,0.8828125
6,2151,0.41703805327415466,0.8515625
6,2152,0.266070157289505,0.8984375
6,2153,0.46743395924568176,0.84375
6,2154,0.4645124077796936,0.828125
6,2155,0.4488474726676941,0.84375
6,2156,0.3724784851074219,0.8828125
6,2157,0.48806530237197876,0.8515625
6,2158,0.5324652194976807,0.8046875
6,2159,0.4303726553916931,0.8671875
6,2160,0.3681918978691101,0.875
6,2161,0.5586272478103638,0.796875
6,2162,0.5476066470146179,0.7890625
6,2163,0.5671001672744751,0.8046875
6,2164,0.37038666009902954,0.859375
6,2165,0.4700259864330292,0.8828125
6,2166,0.34335190057754517,0.875
6,2167,0.3731343448162079,0.8671875
6,2168,0.425507128238678,0.8515625
6,2169,0.6389754414558411,0.8046875
6,2170,0.5316787958145142,0.8046875
6,2171,0.38157808780670166,0.859375
6,2172,0.47393614053726196,0.84375
6,2173,0.41500481963157654,0.828125
6,2174,0.451730877161026,0.8203125
6,2175,0.38097232580184937,0.859375
6,2176,0.31287693977355957,0.890625
6,2177,0.44425928592681885,0.8359375
6,2178,0.5772292017936707,0.7734375
6,2179,0.3781324028968811,0.890625
6,2180,0.5744684934616089,0.78125
6,2181,0.34484216570854187,0.90625
6,2182,0.3582005500793457,0.8671875
6,2183,0.4285609722137451,0.8515625
6,2184,0.4257972538471222,0.8515625
6,2185,0.5213025212287903,0.828125
6,2186,0.3795838952064514,0.8828125
6,2187,0.5722251534461975,0.8046875
6,2188,0.547147810459137,0.828125
6,2189,0.4743399918079376,0.828125
6,2190,0.3155660927295685,0.890625
6,2191,0.3152582049369812,0.890625
6,2192,0.4796793758869171,0.859375
6,2193,0.3885080814361572,0.8671875
6,2194,0.586550235748291,0.7578125
6,2195,0.3893572688102722,0.859375
6,2196,0.4475440979003906,0.859375
6,2197,0.6029684543609619,0.78125
6,2198,0.3880099654197693,0.8671875
6,2199,0.4517046809196472,0.8125
6,2200,0.4416505694389343,0.8203125
6,2201,0.5522971749305725,0.796875
6,2202,0.3919689655303955,0.8671875
6,2203,0.4616115689277649,0.84375
6,2204,0.6238560676574707,0.78125
6,2205,0.43152517080307007,0.8515625
6,2206,0.35834071040153503,0.90625
6,2207,0.5374610424041748,0.8203125
6,2208,0.3823041319847107,0.859375
6,2209,0.3635248839855194,0.8515625
6,2210,0.42481160163879395,0.8515625
6,2211,0.3926546573638916,0.8828125
6,2212,0.39635908603668213,0.84375
6,2213,0.42097291350364685,0.8828125
6,2214,0.5256065130233765,0.8125
6,2215,0.5061089992523193,0.8359375
6,2216,0.46843937039375305,0.8359375
6,2217,0.47106578946113586,0.8359375
6,2218,0.40735119581222534,0.8515625
6,2219,0.40425318479537964,0.84375
6,2220,0.5651769042015076,0.7890625
6,2221,0.461500346660614,0.8125
6,2222,0.40865957736968994,0.8359375
6,2223,0.5193474888801575,0.8203125
6,2224,0.3085748255252838,0.859375
6,2225,0.4943191409111023,0.796875
6,2226,0.44034507870674133,0.84375
6,2227,0.3476962149143219,0.859375
6,2228,0.7518123388290405,0.7578125
6,2229,0.2860104441642761,0.9140625
6,2230,0.3036242127418518,0.8828125
6,2231,0.4931609332561493,0.8125
6,2232,0.48820504546165466,0.8203125
6,2233,0.4051891267299652,0.859375
6,2234,0.43493300676345825,0.8359375
6,2235,0.3931991457939148,0.859375
6,2236,0.44865381717681885,0.8515625
6,2237,0.3405565619468689,0.859375
6,2238,0.3180161714553833,0.890625
6,2239,0.4445493221282959,0.8515625
6,2240,0.44031238555908203,0.8359375
6,2241,0.5624037981033325,0.796875
6,2242,0.48201313614845276,0.8125
6,2243,0.27886003255844116,0.9296875
6,2244,0.43618518114089966,0.8203125
6,2245,0.5097988843917847,0.8515625
6,2246,0.4509733319282532,0.8125
6,2247,0.4892894923686981,0.828125
6,2248,0.5057642459869385,0.84375
6,2249,0.42209184169769287,0.8671875
6,2250,0.42997997999191284,0.8671875
6,2251,0.3946254253387451,0.8671875
6,2252,0.41300249099731445,0.875
6,2253,0.3919574022293091,0.859375
6,2254,0.36211538314819336,0.8671875
6,2255,0.45822685956954956,0.8515625
6,2256,0.42556577920913696,0.875
6,2257,0.42568111419677734,0.875
6,2258,0.43836572766304016,0.8671875
6,2259,0.43569082021713257,0.8671875
6,2260,0.3826553523540497,0.859375
6,2261,0.45747482776641846,0.8125
6,2262,0.4121789336204529,0.8515625
6,2263,0.3438454866409302,0.8828125
6,2264,0.3677646517753601,0.890625
6,2265,0.42306557297706604,0.8515625
6,2266,0.47852158546447754,0.84375
6,2267,0.4204753041267395,0.859375
6,2268,0.4385388195514679,0.859375
6,2269,0.34545624256134033,0.90625
6,2270,0.43371501564979553,0.875
6,2271,0.4924655854701996,0.84375
6,2272,0.43941840529441833,0.84375
6,2273,0.5060107707977295,0.828125
6,2274,0.3700200915336609,0.8671875
6,2275,0.33041754364967346,0.90625
6,2276,0.41873899102211,0.875
6,2277,0.3775401711463928,0.859375
6,2278,0.35827529430389404,0.8984375
6,2279,0.4234877824783325,0.859375
6,2280,0.4390992522239685,0.8671875
6,2281,0.5156472325325012,0.84375
6,2282,0.4721056818962097,0.8515625
6,2283,0.3532336950302124,0.875
6,2284,0.3328965902328491,0.890625
6,2285,0.46493756771087646,0.828125
6,2286,0.33031660318374634,0.8984375
6,2287,0.5582500100135803,0.8359375
6,2288,0.4819125235080719,0.8203125
6,2289,0.5017305612564087,0.8203125
6,2290,0.5110463500022888,0.8359375
6,2291,0.3204743564128876,0.8828125
6,2292,0.4437294006347656,0.8515625
6,2293,0.42098069190979004,0.8671875
6,2294,0.3170192837715149,0.890625
6,2295,0.36506548523902893,0.875
6,2296,0.38210684061050415,0.875
6,2297,0.4197428524494171,0.8671875
6,2298,0.4984431564807892,0.859375
6,2299,0.36556923389434814,0.875
6,2300,0.5488887429237366,0.8125
6,2301,0.516949474811554,0.828125
6,2302,0.4144640564918518,0.8203125
6,2303,0.358413428068161,0.8828125
6,2304,0.37275534868240356,0.8671875
6,2305,0.4195121228694916,0.8515625
6,2306,0.3724949061870575,0.84375
6,2307,0.6259349584579468,0.7890625
6,2308,0.5686119794845581,0.859375
6,2309,0.5041114091873169,0.8359375
6,2310,0.3523726463317871,0.890625
6,2311,0.45979487895965576,0.828125
6,2312,0.4212014079093933,0.859375
6,2313,0.30178388953208923,0.875
6,2314,0.37885212898254395,0.875
6,2315,0.4069129228591919,0.84375
6,2316,0.3042479157447815,0.8828125
6,2317,0.4456599950790405,0.84375
6,2318,0.30810898542404175,0.8984375
6,2319,0.40562379360198975,0.8828125
6,2320,0.4654981791973114,0.828125
6,2321,0.5227963924407959,0.8203125
6,2322,0.4350144863128662,0.84375
6,2323,0.41429466009140015,0.859375
6,2324,0.48003172874450684,0.7890625
6,2325,0.48343053460121155,0.828125
6,2326,0.39601972699165344,0.8828125
6,2327,0.45121490955352783,0.8671875
6,2328,0.41915541887283325,0.8671875
6,2329,0.5555003881454468,0.8515625
6,2330,0.49220094084739685,0.8203125
6,2331,0.3160151243209839,0.8828125
6,2332,0.41127336025238037,0.84375
6,2333,0.4140302538871765,0.875
6,2334,0.39669734239578247,0.890625
6,2335,0.8020909428596497,0.703125
6,2336,0.34183135628700256,0.890625
6,2337,0.4149947166442871,0.859375
6,2338,0.37981709837913513,0.8828125
6,2339,0.5088425874710083,0.8046875
6,2340,0.39784157276153564,0.8515625
7,2341,0.31481021642684937,0.8984375
7,2342,0.30313926935195923,0.8828125
7,2343,0.35806530714035034,0.8984375
7,2344,0.29526287317276,0.875
7,2345,0.3892694413661957,0.8671875
7,2346,0.37321144342422485,0.875
7,2347,0.4525641202926636,0.875
7,2348,0.3892194628715515,0.8828125
7,2349,0.5048258304595947,0.8203125
7,2350,0.4573866128921509,0.8125
7,2351,0.29902052879333496,0.890625
7,2352,0.4192279577255249,0.8515625
7,2353,0.382269024848938,0.8359375
7,2354,0.29179930686950684,0.8984375
7,2355,0.3219958543777466,0.8828125
7,2356,0.4336106777191162,0.8359375
7,2357,0.3503413796424866,0.8984375
7,2358,0.4132581055164337,0.84375
7,2359,0.4066217541694641,0.859375
7,2360,0.36535102128982544,0.8671875
7,2361,0.5552770495414734,0.8046875
7,2362,0.3225667476654053,0.875
7,2363,0.2832106649875641,0.90625
7,2364,0.4490596652030945,0.828125
7,2365,0.4773891270160675,0.875
7,2366,0.35853129625320435,0.8671875
7,2367,0.4232560098171234,0.8515625
7,2368,0.33323776721954346,0.9140625
7,2369,0.4608750343322754,0.8671875
7,2370,0.41849780082702637,0.875
7,2371,0.3957659900188446,0.84375
7,2372,0.3447299599647522,0.890625
7,2373,0.2931082248687744,0.8984375
7,2374,0.5438010692596436,0.8125
7,2375,0.24921146035194397,0.8828125
7,2376,0.5011536478996277,0.8125
7,2377,0.3629136085510254,0.8984375
7,2378,0.4143078029155731,0.8828125
7,2379,0.37995046377182007,0.8984375
7,2380,0.34109145402908325,0.8984375
7,2381,0.45411330461502075,0.8203125
7,2382,0.3446580171585083,0.859375
7,2383,0.47674405574798584,0.8203125
7,2384,0.3424859046936035,0.875
7,2385,0.49278849363327026,0.8203125
7,2386,0.5202454924583435,0.828125
7,2387,0.3245912194252014,0.9140625
7,2388,0.3471495509147644,0.8984375
7,2389,0.37620627880096436,0.890625
7,2390,0.4766487777233124,0.828125
7,2391,0.39280372858047485,0.875
7,2392,0.39640092849731445,0.8515625
7,2393,0.34805625677108765,0.8984375
7,2394,0.36735111474990845,0.8984375
7,2395,0.5587742328643799,0.78125
7,2396,0.249658465385437,0.9140625
7,2397,0.3694947063922882,0.8671875
7,2398,0.2840125560760498,0.890625
7,2399,0.346907377243042,0.84375
7,2400,0.43438446521759033,0.859375
7,2401,0.46507900953292847,0.8359375
7,2402,0.4581618905067444,0.859375
7,2403,0.4054960608482361,0.875
7,2404,0.4047885835170746,0.828125
7,2405,0.4860149025917053,0.8359375
7,2406,0.632724404335022,0.75
7,2407,0.45695456862449646,0.84375
7,2408,0.347057580947876,0.8828125
7,2409,0.555189311504364,0.8046875
7,2410,0.46516305208206177,0.796875
7,2411,0.3084205389022827,0.9296875
7,2412,0.30531203746795654,0.8984375
7,2413,0.3103674054145813,0.8828125
7,2414,0.44005081057548523,0.859375
7,2415,0.443838894367218,0.8046875
7,2416,0.46525055170059204,0.8515625
7,2417,0.5381298065185547,0.8203125
7,2418,0.29790425300598145,0.9140625
7,2419,0.3447396159172058,0.875
7,2420,0.3966471254825592,0.859375
7,2421,0.32527223229408264,0.8984375
7,2422,0.3908660411834717,0.8828125
7,2423,0.38920819759368896,0.875
7,2424,0.38306087255477905,0.859375
7,2425,0.31479430198669434,0.90625
7,2426,0.47248920798301697,0.8515625
7,2427,0.48214781284332275,0.8125
7,2428,0.5049363970756531,0.8125
7,2429,0.3400000333786011,0.8515625
7,2430,0.2723182141780853,0.875
7,2431,0.3155195415019989,0.8828125
7,2432,0.3413386940956116,0.875
7,2433,0.32006847858428955,0.875
7,2434,0.389163076877594,0.8671875
7,2435,0.3834742307662964,0.8515625
7,2436,0.3767692446708679,0.8828125
7,2437,0.3942277729511261,0.84375
7,2438,0.47481441497802734,0.828125
7,2439,0.43941783905029297,0.8515625
7,2440,0.31678223609924316,0.8671875
7,2441,0.3756345510482788,0.875
7,2442,0.4369800090789795,0.890625
7,2443,0.3933814764022827,0.8671875
7,2444,0.42480534315109253,0.859375
7,2445,0.3177260160446167,0.8828125
7,2446,0.3636094331741333,0.8828125
7,2447,0.5490074157714844,0.8203125
7,2448,0.39102035760879517,0.875
7,2449,0.36296355724334717,0.8828125
7,2450,0.49553871154785156,0.8515625
7,2451,0.5532712340354919,0.859375
7,2452,0.42280057072639465,0.8203125
7,2453,0.3599854111671448,0.8671875
7,2454,0.3647039830684662,0.8984375
7,2455,0.4247657060623169,0.8359375
7,2456,0.4218583106994629,0.875
7,2457,0.29917338490486145,0.921875
7,2458,0.5073111057281494,0.828125
7,2459,0.3578326106071472,0.890625
7,2460,0.3804556131362915,0.890625
7,2461,0.4934208393096924,0.828125
7,2462,0.49860912561416626,0.828125
7,2463,0.4126448631286621,0.84375
7,2464,0.31795424222946167,0.859375
7,2465,0.510046660900116,0.84375
7,2466,0.2668774724006653,0.9296875
7,2467,0.2949208617210388,0.890625
7,2468,0.5038763880729675,0.828125
7,2469,0.4241574704647064,0.875
7,2470,0.3790872097015381,0.8671875
7,2471,0.48310667276382446,0.8203125
7,2472,0.4418948292732239,0.8203125
7,2473,0.35643917322158813,0.8828125
7,2474,0.39162492752075195,0.8671875
7,2475,0.354756623506546,0.859375
7,2476,0.3916085362434387,0.859375
7,2477,0.4605492651462555,0.859375
7,2478,0.44749289751052856,0.828125
7,2479,0.5608455538749695,0.8046875
7,2480,0.21122705936431885,0.9296875
7,2481,0.35352593660354614,0.875
7,2482,0.49373796582221985,0.8125
7,2483,0.5463926792144775,0.828125
7,2484,0.5033426880836487,0.8125
7,2485,0.32535645365715027,0.8671875
7,2486,0.4736878275871277,0.8046875
7,2487,0.37469160556793213,0.8671875
7,2488,0.43702417612075806,0.859375
7,2489,0.6831077337265015,0.7734375
7,2490,0.26604360342025757,0.921875
7,2491,0.4292949140071869,0.8203125
7,2492,0.3264874815940857,0.8671875
7,2493,0.39093831181526184,0.8671875
7,2494,0.520243763923645,0.7890625
7,2495,0.411530077457428,0.84375
7,2496,0.5135963559150696,0.8359375
7,2497,0.5284117460250854,0.828125
7,2498,0.3959891200065613,0.859375
7,2499,0.49576082825660706,0.859375
7,2500,0.29059290885925293,0.890625
7,2501,0.4059064984321594,0.8515625
7,2502,0.3462200462818146,0.875
7,2503,0.3566153645515442,0.875
7,2504,0.3510116636753082,0.8671875
7,2505,0.5410957336425781,0.8515625
7,2506,0.30814889073371887,0.890625
7,2507,0.2587948143482208,0.953125
7,2508,0.2663702368736267,0.8984375
7,2509,0.4365867078304291,0.828125
7,2510,0.3674180507659912,0.859375
7,2511,0.2733919024467468,0.9140625
7,2512,0.4449206590652466,0.84375
7,2513,0.3481651544570923,0.8984375
7,2514,0.43136078119277954,0.84375
7,2515,0.510911762714386,0.828125
7,2516,0.47341641783714294,0.8515625
7,2517,0.4517276883125305,0.8515625
7,2518,0.2448255717754364,0.8984375
7,2519,0.43842196464538574,0.84375
7,2520,0.5241894125938416,0.828125
7,2521,0.3261190354824066,0.8828125
7,2522,0.32448670268058777,0.859375
7,2523,0.3129016160964966,0.8984375
7,2524,0.39390337467193604,0.8359375
7,2525,0.49375343322753906,0.8359375
7,2526,0.38579249382019043,0.875
7,2527,0.3244946599006653,0.8828125
7,2528,0.3573700487613678,0.875
7,2529,0.47108006477355957,0.8671875
7,2530,0.4822251498699188,0.7734375
7,2531,0.5007461905479431,0.8125
7,2532,0.4654216766357422,0.84375
7,2533,0.40395283699035645,0.859375
7,2534,0.3925688862800598,0.8515625
7,2535,0.38067805767059326,0.84375
7,2536,0.3699062764644623,0.8671875
7,2537,0.31381499767303467,0.90625
7,2538,0.42554545402526855,0.875
7,2539,0.45047688484191895,0.796875
7,2540,0.5641151666641235,0.8203125
7,2541,0.3382321000099182,0.875
7,2542,0.3852626085281372,0.875
7,2543,0.29167044162750244,0.8984375
7,2544,0.4818054437637329,0.8359375
7,2545,0.4712781310081482,0.8203125
7,2546,0.37843695282936096,0.8828125
7,2547,0.35874056816101074,0.875
7,2548,0.45839011669158936,0.8359375
7,2549,0.4619216322898865,0.875
7,2550,0.342943012714386,0.875
7,2551,0.6097581386566162,0.765625
7,2552,0.4728431701660156,0.859375
7,2553,0.41111481189727783,0.875
7,2554,0.24367886781692505,0.8984375
7,2555,0.3355342745780945,0.8984375
7,2556,0.595613420009613,0.8125
7,2557,0.47752586007118225,0.8359375
7,2558,0.3678375482559204,0.875
7,2559,0.3416310250759125,0.8671875
7,2560,0.3507373631000519,0.8828125
7,2561,0.26798009872436523,0.921875
7,2562,0.5188764929771423,0.8203125
7,2563,0.3269016742706299,0.9140625
7,2564,0.3757268786430359,0.8515625
7,2565,0.3356889486312866,0.890625
7,2566,0.3804541826248169,0.875
7,2567,0.34624016284942627,0.8828125
7,2568,0.3414040803909302,0.8671875
7,2569,0.5064893960952759,0.8359375
7,2570,0.3913664221763611,0.875
7,2571,0.315968781709671,0.8984375
7,2572,0.43908223509788513,0.8359375
7,2573,0.41457998752593994,0.8359375
7,2574,0.2454790472984314,0.9140625
7,2575,0.46608465909957886,0.859375
7,2576,0.4934159517288208,0.828125
7,2577,0.42775335907936096,0.8125
7,2578,0.42535391449928284,0.8515625
7,2579,0.40591251850128174,0.859375
7,2580,0.4618176817893982,0.7890625
7,2581,0.5161188244819641,0.8046875
7,2582,0.39720281958580017,0.875
7,2583,0.2695482075214386,0.8984375
7,2584,0.3737182021141052,0.859375
7,2585,0.5120117664337158,0.8984375
7,2586,0.3749168813228607,0.84375
7,2587,0.3181493282318115,0.890625
7,2588,0.43912237882614136,0.8125
7,2589,0.3658825755119324,0.875
7,2590,0.296138197183609,0.90625
7,2591,0.49722766876220703,0.828125
7,2592,0.3702687621116638,0.859375
7,2593,0.387165904045105,0.8828125
7,2594,0.45777833461761475,0.84375
7,2595,0.25568443536758423,0.90625
7,2596,0.40551212430000305,0.828125
7,2597,0.3773948550224304,0.859375
7,2598,0.5065973401069641,0.8359375
7,2599,0.5061510801315308,0.8203125
7,2600,0.4623519480228424,0.8125
7,2601,0.26308566331863403,0.9296875
7,2602,0.49460119009017944,0.8203125
7,2603,0.4698396623134613,0.84375
7,2604,0.329022616147995,0.875
7,2605,0.3982524573802948,0.859375
7,2606,0.3893904387950897,0.8671875
7,2607,0.6003099083900452,0.8046875
7,2608,0.43680351972579956,0.859375
7,2609,0.4009650647640228,0.8984375
7,2610,0.4128333330154419,0.8671875
7,2611,0.4228504002094269,0.859375
7,2612,0.4063549339771271,0.8671875
7,2613,0.3508700132369995,0.875
7,2614,0.452303409576416,0.84375
7,2615,0.3995118737220764,0.8671875
7,2616,0.501916766166687,0.8046875
7,2617,0.44170570373535156,0.8515625
7,2618,0.5018426775932312,0.8203125
7,2619,0.4870303273200989,0.828125
7,2620,0.4176858365535736,0.8671875
7,2621,0.3164495527744293,0.9296875
7,2622,0.4183374047279358,0.8359375
7,2623,0.5170313119888306,0.8125
7,2624,0.39611876010894775,0.8515625
7,2625,0.346701979637146,0.875
7,2626,0.3602645695209503,0.8828125
7,2627,0.3136206269264221,0.890625
7,2628,0.32182082533836365,0.875
7,2629,0.4632207155227661,0.8203125
7,2630,0.3795369863510132,0.8671875
7,2631,0.4632451832294464,0.8671875
7,2632,0.404988169670105,0.859375
7,2633,0.4751569926738739,0.84375
7,2634,0.48213309049606323,0.8203125
7,2635,0.4007073938846588,0.8515625
7,2636,0.4611987769603729,0.796875
7,2637,0.3715047836303711,0.875
7,2638,0.3919919729232788,0.8359375
7,2639,0.5796151757240295,0.8046875
7,2640,0.31571298837661743,0.9140625
7,2641,0.44117236137390137,0.84375
7,2642,0.4240230321884155,0.8671875
7,2643,0.35784459114074707,0.890625
7,2644,0.40247297286987305,0.859375
7,2645,0.348650187253952,0.890625
7,2646,0.2867918014526367,0.9296875
7,2647,0.3292262554168701,0.8828125
7,2648,0.4032191038131714,0.828125
7,2649,0.39066413044929504,0.8828125
7,2650,0.3926229476928711,0.8359375
7,2651,0.3694416880607605,0.859375
7,2652,0.3570374548435211,0.859375
7,2653,0.3193495273590088,0.9140625
7,2654,0.3750646114349365,0.8671875
7,2655,0.34064075350761414,0.8828125
7,2656,0.2842460870742798,0.921875
7,2657,0.4303121864795685,0.84375
7,2658,0.5368434190750122,0.796875
7,2659,0.4294145703315735,0.8984375
7,2660,0.42319148778915405,0.8359375
7,2661,0.49656370282173157,0.875
7,2662,0.3453077971935272,0.875
7,2663,0.4023303985595703,0.875
7,2664,0.44038665294647217,0.890625
7,2665,0.4255351424217224,0.8671875
7,2666,0.41792768239974976,0.8515625
7,2667,0.499017596244812,0.828125
7,2668,0.4103490710258484,0.8671875
7,2669,0.3038870096206665,0.890625
7,2670,0.369235634803772,0.859375
7,2671,0.4911162257194519,0.796875
7,2672,0.5381749868392944,0.796875
7,2673,0.5231083631515503,0.8125
7,2674,0.6510144472122192,0.7734375
7,2675,0.41292604804039,0.859375
7,2676,0.35338079929351807,0.875
7,2677,0.36181241273880005,0.8828125
7,2678,0.34318047761917114,0.8828125
7,2679,0.32534927129745483,0.8671875
7,2680,0.4060118794441223,0.8515625
7,2681,0.3736734390258789,0.8828125
7,2682,0.3554295301437378,0.859375
7,2683,0.546246349811554,0.828125
7,2684,0.4797230362892151,0.8671875
7,2685,0.37507522106170654,0.859375
7,2686,0.34091463685035706,0.90625
7,2687,0.32166150212287903,0.8828125
7,2688,0.3628882169723511,0.8828125
7,2689,0.32462337613105774,0.890625
7,2690,0.4093531668186188,0.84375
7,2691,0.3853752017021179,0.8671875
7,2692,0.4251083731651306,0.8515625
7,2693,0.41543155908584595,0.890625
7,2694,0.34694671630859375,0.890625
7,2695,0.4379873275756836,0.875
7,2696,0.48770254850387573,0.8203125
7,2697,0.351001113653183,0.890625
7,2698,0.4251110851764679,0.859375
7,2699,0.35853472352027893,0.890625
7,2700,0.3468955457210541,0.875
7,2701,0.38396164774894714,0.8359375
7,2702,0.48961585760116577,0.8359375
7,2703,0.41493719816207886,0.84375
7,2704,0.32974886894226074,0.8984375
7,2705,0.40810757875442505,0.8671875
7,2706,0.40547919273376465,0.8203125
7,2707,0.28522300720214844,0.90625
7,2708,0.44345593452453613,0.8359375
7,2709,0.5529911518096924,0.8046875
7,2710,0.4043292999267578,0.8515625
7,2711,0.3832840323448181,0.8359375
7,2712,0.35925769805908203,0.875
7,2713,0.38651227951049805,0.859375
7,2714,0.5554988980293274,0.796875
7,2715,0.246310293674469,0.90625
7,2716,0.2976081967353821,0.875
7,2717,0.35949957370758057,0.859375
7,2718,0.38556522130966187,0.8359375
7,2719,0.4519466161727905,0.859375
7,2720,0.35501736402511597,0.890625
7,2721,0.41036635637283325,0.8515625
7,2722,0.3064737319946289,0.8828125
7,2723,0.4015052914619446,0.84375
7,2724,0.39836907386779785,0.875
7,2725,0.36417776346206665,0.890625
7,2726,0.3026575446128845,0.890625
7,2727,0.3584243953227997,0.8515625
7,2728,0.3941894769668579,0.875
7,2729,0.4655056297779083,0.8828125
7,2730,0.4885631501674652,0.8125
8,2731,0.37070780992507935,0.8515625
8,2732,0.4450489580631256,0.84375
8,2733,0.30669933557510376,0.8984375
8,2734,0.4688320755958557,0.8359375
8,2735,0.5512810945510864,0.8203125
8,2736,0.33990973234176636,0.875
8,2737,0.40518879890441895,0.8828125
8,2738,0.36617496609687805,0.8828125
8,2739,0.40167462825775146,0.859375
8,2740,0.4066873788833618,0.84375
8,2741,0.3309425413608551,0.9140625
8,2742,0.45262259244918823,0.8828125
8,2743,0.24863150715827942,0.8984375
8,2744,0.42235296964645386,0.8671875
8,2745,0.27712616324424744,0.890625
8,2746,0.42515841126441956,0.875
8,2747,0.2665630578994751,0.9140625
8,2748,0.3674963712692261,0.8515625
8,2749,0.4451940655708313,0.859375
8,2750,0.33241796493530273,0.859375
8,2751,0.25840961933135986,0.921875
8,2752,0.28229987621307373,0.8828125
8,2753,0.30329006910324097,0.8984375
8,2754,0.38813257217407227,0.859375
8,2755,0.4785492420196533,0.828125
8,2756,0.4770756661891937,0.8125
8,2757,0.24749597907066345,0.9453125
8,2758,0.3177688717842102,0.921875
8,2759,0.3537669777870178,0.890625
8,2760,0.2980155646800995,0.8828125
8,2761,0.3705255091190338,0.8671875
8,2762,0.21377241611480713,0.90625
8,2763,0.45261669158935547,0.8515625
8,2764,0.3113130033016205,0.8984375
8,2765,0.36934182047843933,0.875
8,2766,0.25001129508018494,0.90625
8,2767,0.36797264218330383,0.8671875
8,2768,0.40489432215690613,0.8671875
8,2769,0.33184725046157837,0.8984375
8,2770,0.4928170442581177,0.8359375
8,2771,0.3873034119606018,0.8828125
8,2772,0.3389126658439636,0.859375
8,2773,0.38543257117271423,0.84375
8,2774,0.49113577604293823,0.8203125
8,2775,0.30879396200180054,0.90625
8,2776,0.44847020506858826,0.8359375
8,2777,0.39284491539001465,0.859375
8,2778,0.4235095977783203,0.828125
8,2779,0.24606625735759735,0.9375
8,2780,0.3462897539138794,0.8828125
8,2781,0.4352955222129822,0.8515625
8,2782,0.4569551348686218,0.8203125
8,2783,0.40086790919303894,0.8515625
8,2784,0.2933143973350525,0.90625
8,2785,0.36747413873672485,0.8515625
8,2786,0.2568850517272949,0.9140625
8,2787,0.3938353359699249,0.8671875
8,2788,0.34543099999427795,0.8671875
8,2789,0.2951497435569763,0.9375
8,2790,0.5968208312988281,0.796875
8,2791,0.4100031852722168,0.8828125
8,2792,0.23634184896945953,0.8984375
8,2793,0.42059326171875,0.8671875
8,2794,0.3626158833503723,0.84375
8,2795,0.29440996050834656,0.875
8,2796,0.311453640460968,0.8828125
8,2797,0.3848857283592224,0.890625
8,2798,0.3492356240749359,0.875
8,2799,0.2584746479988098,0.8984375
8,2800,0.3787444829940796,0.8828125
8,2801,0.2678599953651428,0.9140625
8,2802,0.36300817131996155,0.875
8,2803,0.4289725422859192,0.8515625
8,2804,0.2945953607559204,0.9140625
8,2805,0.3143380284309387,0.8828125
8,2806,0.40250611305236816,0.875
8,2807,0.2616094946861267,0.9296875
8,2808,0.3288930058479309,0.890625
8,2809,0.2910471260547638,0.9140625
8,2810,0.286683589220047,0.90625
8,2811,0.31336158514022827,0.9140625
8,2812,0.2981823682785034,0.890625
8,2813,0.29362571239471436,0.890625
8,2814,0.3813876211643219,0.8984375
8,2815,0.3548649847507477,0.8515625
8,2816,0.4458911418914795,0.8359375
8,2817,0.37165236473083496,0.890625
8,2818,0.37907594442367554,0.8984375
8,2819,0.3156033754348755,0.8828125
8,2820,0.3017491102218628,0.90625
8,2821,0.42907190322875977,0.8515625
8,2822,0.25578978657722473,0.890625
8,2823,0.29962223768234253,0.875
8,2824,0.40100163221359253,0.84375
8,2825,0.3412012457847595,0.859375
8,2826,0.34189942479133606,0.8828125
8,2827,0.35872936248779297,0.8671875
8,2828,0.300324410200119,0.8828125
8,2829,0.46207982301712036,0.875
8,2830,0.44793808460235596,0.8671875
8,2831,0.4052571654319763,0.875
8,2832,0.2322481870651245,0.9453125
8,2833,0.2954917848110199,0.8984375
8,2834,0.5061933994293213,0.8515625
8,2835,0.36144909262657166,0.90625
8,2836,0.3450210392475128,0.90625
8,2837,0.49704205989837646,0.8125
8,2838,0.3756619691848755,0.84375
8,2839,0.31419479846954346,0.8984375
8,2840,0.28296059370040894,0.90625
8,2841,0.31019455194473267,0.921875
8,2842,0.46022939682006836,0.8359375
8,2843,0.4137279689311981,0.8671875
8,2844,0.2537684738636017,0.9375
8,2845,0.26584723591804504,0.9140625
8,2846,0.28919851779937744,0.8984375
8,2847,0.3960493803024292,0.84375
8,2848,0.48439931869506836,0.8125
8,2849,0.2772366404533386,0.8984375
8,2850,0.49193549156188965,0.84375
8,2851,0.2586803436279297,0.90625
8,2852,0.35949552059173584,0.8671875
8,2853,0.4228571057319641,0.859375
8,2854,0.47517889738082886,0.8515625
8,2855,0.38175511360168457,0.8828125
8,2856,0.30230751633644104,0.8984375
8,2857,0.5299761295318604,0.84375
8,2858,0.2524060010910034,0.90625
8,2859,0.39217284321784973,0.859375
8,2860,0.5302610397338867,0.8359375
8,2861,0.33346933126449585,0.8828125
8,2862,0.31808650493621826,0.8828125
8,2863,0.30127111077308655,0.8984375
8,2864,0.26396605372428894,0.8984375
8,2865,0.3907085061073303,0.859375
8,2866,0.32242047786712646,0.921875
8,2867,0.3814527988433838,0.8515625
8,2868,0.3529423475265503,0.8671875
8,2869,0.4159660339355469,0.84375
8,2870,0.2787478268146515,0.890625
8,2871,0.38565513491630554,0.8515625
8,2872,0.30271071195602417,0.890625
8,2873,0.4560159146785736,0.8671875
8,2874,0.2873581349849701,0.9140625
8,2875,0.348879873752594,0.875
8,2876,0.34012269973754883,0.90625
8,2877,0.3398802876472473,0.875
8,2878,0.4293510913848877,0.8125
8,2879,0.3051411211490631,0.8984375
8,2880,0.5608630180358887,0.8046875
8,2881,0.41749149560928345,0.8515625
8,2882,0.37691932916641235,0.859375
8,2883,0.5592002868652344,0.8046875
8,2884,0.29042744636535645,0.90625
8,2885,0.425020694732666,0.8671875
8,2886,0.4850117564201355,0.8125
8,2887,0.30970871448516846,0.90625
8,2888,0.37208425998687744,0.875
8,2889,0.41907110810279846,0.8515625
8,2890,0.33957380056381226,0.8828125
8,2891,0.4001849293708801,0.8125
8,2892,0.33601224422454834,0.875
8,2893,0.4212842881679535,0.875
8,2894,0.3502129316329956,0.828125
8,2895,0.33868321776390076,0.9140625
8,2896,0.38713935017585754,0.875
8,2897,0.3133627474308014,0.9140625
8,2898,0.349794864654541,0.8828125
8,2899,0.36396706104278564,0.8671875
8,2900,0.4738045930862427,0.890625
8,2901,0.34228044748306274,0.8828125
8,2902,0.38836461305618286,0.8828125
8,2903,0.32328271865844727,0.875
8,2904,0.5363559722900391,0.8203125
8,2905,0.2723442316055298,0.921875
8,2906,0.37996959686279297,0.84375
8,2907,0.3757103681564331,0.875
8,2908,0.35715335607528687,0.8515625
8,2909,0.32105332612991333,0.90625
8,2910,0.3589305281639099,0.859375
8,2911,0.427617609500885,0.8515625
8,2912,0.2963005304336548,0.90625
8,2913,0.437341570854187,0.8515625
8,2914,0.33655858039855957,0.875
8,2915,0.440812885761261,0.8515625
8,2916,0.3878304958343506,0.875
8,2917,0.27193260192871094,0.890625
8,2918,0.30172568559646606,0.8984375
8,2919,0.30984777212142944,0.8984375
8,2920,0.2462197244167328,0.90625
8,2921,0.5534783601760864,0.84375
8,2922,0.40393495559692383,0.8671875
8,2923,0.3390235900878906,0.875
8,2924,0.47160977125167847,0.84375
8,2925,0.39580056071281433,0.859375
8,2926,0.23411257565021515,0.8984375
8,2927,0.4198879599571228,0.84375
8,2928,0.3502570390701294,0.8984375
8,2929,0.38685035705566406,0.875
8,2930,0.288016140460968,0.8984375
8,2931,0.42887091636657715,0.828125
8,2932,0.24387037754058838,0.9296875
8,2933,0.3662646412849426,0.8828125
8,2934,0.4245304465293884,0.84375
8,2935,0.47589701414108276,0.8046875
8,2936,0.416253924369812,0.8515625
8,2937,0.4711061120033264,0.828125
8,2938,0.2813257575035095,0.90625
8,2939,0.48582723736763,0.8359375
8,2940,0.27392297983169556,0.90625
8,2941,0.3853389024734497,0.875
8,2942,0.3521207869052887,0.8984375
8,2943,0.39985132217407227,0.8828125
8,2944,0.35071510076522827,0.8984375
8,2945,0.3546764850616455,0.8671875
8,2946,0.2843293249607086,0.90625
8,2947,0.41049709916114807,0.8515625
8,2948,0.2280377894639969,0.9140625
8,2949,0.2626034915447235,0.90625
8,2950,0.400096595287323,0.8671875
8,2951,0.277241587638855,0.8984375
8,2952,0.3339957594871521,0.8984375
8,2953,0.2939119040966034,0.90625
8,2954,0.14280965924263,0.96875
8,2955,0.34621548652648926,0.84375
8,2956,0.3412756621837616,0.8828125
8,2957,0.2751445770263672,0.8984375
8,2958,0.33176499605178833,0.890625
8,2959,0.37874001264572144,0.8828125
8,2960,0.24688929319381714,0.921875
8,2961,0.4075394868850708,0.859375
8,2962,0.2976418733596802,0.8984375
8,2963,0.4011535048484802,0.8984375
8,2964,0.3575873374938965,0.875
8,2965,0.5548264980316162,0.7890625
8,2966,0.34273189306259155,0.921875
8,2967,0.3044804036617279,0.90625
8,2968,0.3591214418411255,0.8671875
8,2969,0.3990691304206848,0.8671875
8,2970,0.4050571918487549,0.8515625
8,2971,0.40328162908554077,0.8671875
8,2972,0.3478491008281708,0.8515625
8,2973,0.42198145389556885,0.84375
8,2974,0.38510480523109436,0.875
8,2975,0.3693285882472992,0.8984375
8,2976,0.3416186571121216,0.8828125
8,2977,0.3107072114944458,0.90625
8,2978,0.35398173332214355,0.90625
8,2979,0.5439051985740662,0.7734375
8,2980,0.34335795044898987,0.8671875
8,2981,0.3219160735607147,0.890625
8,2982,0.5279542803764343,0.8203125
8,2983,0.40786027908325195,0.8671875
8,2984,0.24116411805152893,0.90625
8,2985,0.32964831590652466,0.90625
8,2986,0.3794463276863098,0.875
8,2987,0.28406625986099243,0.921875
8,2988,0.41391462087631226,0.8515625
8,2989,0.3365522623062134,0.8828125
8,2990,0.35548466444015503,0.8984375
8,2991,0.4210008382797241,0.8515625
8,2992,0.3165281414985657,0.8984375
8,2993,0.29155659675598145,0.875
8,2994,0.473529577255249,0.8359375
8,2995,0.4127157926559448,0.875
8,2996,0.27186083793640137,0.90625
8,2997,0.31552302837371826,0.90625
8,2998,0.5751657485961914,0.8046875
8,2999,0.3615458011627197,0.890625
8,3000,0.27664482593536377,0.921875
8,3001,0.3531026244163513,0.875
8,3002,0.3274909555912018,0.890625
8,3003,0.3894571363925934,0.859375
8,3004,0.3706452548503876,0.8828125
8,3005,0.458292692899704,0.875
8,3006,0.3856733739376068,0.859375
8,3007,0.38933271169662476,0.8515625
8,3008,0.4002791941165924,0.8828125
8,3009,0.4372369349002838,0.84375
8,3010,0.3386695981025696,0.890625
8,3011,0.43558210134506226,0.8515625
8,3012,0.43084388971328735,0.8515625
8,3013,0.4847264289855957,0.8671875
8,3014,0.35991397500038147,0.8671875
8,3015,0.31365811824798584,0.859375
8,3016,0.35748499631881714,0.875
8,3017,0.4593123197555542,0.8671875
8,3018,0.5242050886154175,0.8203125
8,3019,0.35081273317337036,0.8828125
8,3020,0.3892539143562317,0.875
8,3021,0.4131426215171814,0.8828125
8,3022,0.3947739899158478,0.890625
8,3023,0.48255231976509094,0.828125
8,3024,0.39692169427871704,0.859375
8,3025,0.35266008973121643,0.8828125
8,3026,0.4006865620613098,0.8671875
8,3027,0.37403005361557007,0.859375
8,3028,0.34339407086372375,0.8671875
8,3029,0.43352988362312317,0.859375
8,3030,0.4003146290779114,0.875
8,3031,0.4410729706287384,0.828125
8,3032,0.2909245789051056,0.890625
8,3033,0.3036065995693207,0.90625
8,3034,0.22618478536605835,0.9453125
8,3035,0.3483703136444092,0.875
8,3036,0.3225253224372864,0.8984375
8,3037,0.42542386054992676,0.84375
8,3038,0.30374252796173096,0.8984375
8,3039,0.4784180521965027,0.859375
8,3040,0.32807421684265137,0.875
8,3041,0.38206589221954346,0.8828125
8,3042,0.3272784352302551,0.8671875
8,3043,0.4648776650428772,0.8359375
8,3044,0.402706116437912,0.890625
8,3045,0.4089043140411377,0.84375
8,3046,0.2940099835395813,0.90625
8,3047,0.47293728590011597,0.8515625
8,3048,0.27961719036102295,0.9140625
8,3049,0.46978282928466797,0.8203125
8,3050,0.46740856766700745,0.8671875
8,3051,0.32095015048980713,0.890625
8,3052,0.31298771500587463,0.8828125
8,3053,0.28327563405036926,0.9140625
8,3054,0.2578730285167694,0.921875
8,3055,0.30774804949760437,0.9140625
8,3056,0.2865062355995178,0.921875
8,3057,0.3409632444381714,0.875
8,3058,0.3859860301017761,0.84375
8,3059,0.3510882258415222,0.890625
8,3060,0.47189861536026,0.8671875
8,3061,0.2776080071926117,0.9140625
8,3062,0.3999907076358795,0.8671875
8,3063,0.330663800239563,0.8515625
8,3064,0.2785821855068207,0.890625
8,3065,0.4086664021015167,0.875
8,3066,0.3680168390274048,0.875
8,3067,0.3515726327896118,0.9140625
8,3068,0.36287280917167664,0.8671875
8,3069,0.3901402950286865,0.859375
8,3070,0.4080433249473572,0.84375
8,3071,0.27761733531951904,0.921875
8,3072,0.4021971821784973,0.828125
8,3073,0.3859405815601349,0.8671875
8,3074,0.4622417986392975,0.8671875
8,3075,0.35328590869903564,0.8828125
8,3076,0.2906928062438965,0.8984375
8,3077,0.3376652002334595,0.8984375
8,3078,0.31409430503845215,0.8671875
8,3079,0.29481834173202515,0.90625
8,3080,0.3006945252418518,0.8984375
8,3081,0.4726685583591461,0.859375
8,3082,0.26334112882614136,0.9140625
8,3083,0.4072079062461853,0.8515625
8,3084,0.2539026439189911,0.90625
8,3085,0.46412694454193115,0.8203125
8,3086,0.3402072787284851,0.90625
8,3087,0.2987951338291168,0.890625
8,3088,0.2637184262275696,0.9296875
8,3089,0.4580410122871399,0.828125
8,3090,0.5747132301330566,0.8125
8,3091,0.507961630821228,0.828125
8,3092,0.39461925625801086,0.8828125
8,3093,0.34419527649879456,0.8671875
8,3094,0.28572964668273926,0.9140625
8,3095,0.2919905185699463,0.8671875
8,3096,0.31454265117645264,0.890625
8,3097,0.5459294319152832,0.8203125
8,3098,0.5470908880233765,0.8046875
8,3099,0.1898573487997055,0.90625
8,3100,0.3077657222747803,0.8828125
8,3101,0.33373886346817017,0.8828125
8,3102,0.3255668878555298,0.890625
8,3103,0.3501873016357422,0.890625
8,3104,0.2703608274459839,0.8828125
8,3105,0.42191678285598755,0.8359375
8,3106,0.2962713837623596,0.9140625
8,3107,0.3964878022670746,0.8359375
8,3108,0.4379911422729492,0.8203125
8,3109,0.4179101288318634,0.84375
8,3110,0.3031250834465027,0.890625
8,3111,0.38211411237716675,0.859375
8,3112,0.3040003776550293,0.875
8,3113,0.46109962463378906,0.828125
8,3114,0.4236446022987366,0.875
8,3115,0.3239418864250183,0.8828125
8,3116,0.3343389332294464,0.859375
8,3117,0.3920479416847229,0.875
8,3118,0.36847567558288574,0.8671875
8,3119,0.2628883719444275,0.90625
8,3120,0.2260456085205078,0.9296875
9,3121,0.4108738899230957,0.859375
9,3122,0.5643293857574463,0.7890625
9,3123,0.351627916097641,0.8515625
9,3124,0.3061051368713379,0.9140625
9,3125,0.3313799202442169,0.8671875
9,3126,0.29567766189575195,0.875
9,3127,0.3856201171875,0.8671875
9,3128,0.30272558331489563,0.9140625
9,3129,0.21329723298549652,0.921875
9,3130,0.38174140453338623,0.8671875
9,3131,0.3263821601867676,0.90625
9,3132,0.3002563714981079,0.8828125
9,3133,0.2932727336883545,0.8984375
9,3134,0.27542662620544434,0.890625
9,3135,0.2069915235042572,0.9296875
9,3136,0.3179340362548828,0.90625
9,3137,0.25825950503349304,0.9140625
9,3138,0.3198210299015045,0.890625
9,3139,0.26442092657089233,0.9296875
9,3140,0.33363354206085205,0.84375
9,3141,0.2985793650150299,0.859375
9,3142,0.3576412498950958,0.8828125
9,3143,0.3894696533679962,0.8515625
9,3144,0.33609819412231445,0.890625
9,3145,0.32174912095069885,0.8515625
9,3146,0.2686922550201416,0.890625
9,3147,0.3406730592250824,0.8671875
9,3148,0.3245335817337036,0.8984375
9,3149,0.23746925592422485,0.9140625
9,3150,0.28451991081237793,0.90625
9,3151,0.265236496925354,0.9140625
9,3152,0.34313130378723145,0.90625
9,3153,0.224307119846344,0.9296875
9,3154,0.3421752452850342,0.875
9,3155,0.3315952718257904,0.8671875
9,3156,0.3319914937019348,0.859375
9,3157,0.17885641753673553,0.9453125
9,3158,0.3741547167301178,0.875
9,3159,0.34814873337745667,0.8515625
9,3160,0.29710614681243896,0.90625
9,3161,0.37066853046417236,0.8671875
9,3162,0.14881843328475952,0.9609375
9,3163,0.35665464401245117,0.875
9,3164,0.3092641830444336,0.875
9,3165,0.32296961545944214,0.875
9,3166,0.21852099895477295,0.9296875
9,3167,0.32815849781036377,0.890625
9,3168,0.24415430426597595,0.9296875
9,3169,0.45202839374542236,0.8515625
9,3170,0.33985435962677,0.875
9,3171,0.22733286023139954,0.890625
9,3172,0.3334406018257141,0.875
9,3173,0.34535831212997437,0.890625
9,3174,0.40147465467453003,0.859375
9,3175,0.4121686518192291,0.875
9,3176,0.480893075466156,0.8203125
9,3177,0.27971798181533813,0.8828125
9,3178,0.4018682837486267,0.84375
9,3179,0.2925182580947876,0.890625
9,3180,0.37710148096084595,0.8359375
9,3181,0.4930817484855652,0.8359375
9,3182,0.2987007200717926,0.890625
9,3183,0.3002527058124542,0.890625
9,3184,0.304639607667923,0.8984375
9,3185,0.30538803339004517,0.890625
9,3186,0.35639292001724243,0.8828125
9,3187,0.20436930656433105,0.9453125
9,3188,0.5346437096595764,0.8046875
9,3189,0.26627516746520996,0.9296875
9,3190,0.36919254064559937,0.8828125
9,3191,0.29070648550987244,0.890625
9,3192,0.24778231978416443,0.9296875
9,3193,0.3716036081314087,0.8828125
9,3194,0.2233993113040924,0.921875
9,3195,0.28309929370880127,0.921875
9,3196,0.2684921622276306,0.921875
9,3197,0.29284512996673584,0.9140625
9,3198,0.3795565962791443,0.859375
9,3199,0.3167578876018524,0.890625
9,3200,0.33513373136520386,0.8984375
9,3201,0.2779483199119568,0.8984375
9,3202,0.22830934822559357,0.9296875
9,3203,0.29412806034088135,0.8828125
9,3204,0.2926494777202606,0.8671875
9,3205,0.225044846534729,0.9453125
9,3206,0.32855916023254395,0.859375
9,3207,0.20566222071647644,0.9375
9,3208,0.27996036410331726,0.921875
9,3209,0.25334370136260986,0.890625
9,3210,0.2649194300174713,0.890625
9,3211,0.23591753840446472,0.9296875
9,3212,0.250873327255249,0.8828125
9,3213,0.26947394013404846,0.921875
9,3214,0.3921910524368286,0.875
9,3215,0.45375052094459534,0.8515625
9,3216,0.4108584523200989,0.8828125
9,3217,0.37921929359436035,0.890625
9,3218,0.22593456506729126,0.9296875
9,3219,0.3040151596069336,0.8671875
9,3220,0.36397695541381836,0.8671875
9,3221,0.4340657889842987,0.84375
9,3222,0.23408278822898865,0.9140625
9,3223,0.2557251453399658,0.9140625
9,3224,0.28653204441070557,0.90625
9,3225,0.274183452129364,0.8828125
9,3226,0.44792670011520386,0.8203125
9,3227,0.39100438356399536,0.8984375
9,3228,0.2778802812099457,0.90625
9,3229,0.25956109166145325,0.921875
9,3230,0.30126988887786865,0.9296875
9,3231,0.48735812306404114,0.796875
9,3232,0.35955318808555603,0.8984375
9,3233,0.438570111989975,0.8984375
9,3234,0.2600933611392975,0.9296875
9,3235,0.509577751159668,0.8359375
9,3236,0.36727917194366455,0.875
9,3237,0.2871352434158325,0.8984375
9,3238,0.35175177454948425,0.8515625
9,3239,0.3171323835849762,0.8828125
9,3240,0.4074997901916504,0.828125
9,3241,0.39278119802474976,0.84375
9,3242,0.2640833854675293,0.90625
9,3243,0.31652146577835083,0.8828125
9,3244,0.311287522315979,0.8984375
9,3245,0.3288213610649109,0.890625
9,3246,0.23809273540973663,0.921875
9,3247,0.2700628638267517,0.90625
9,3248,0.3198292851448059,0.8828125
9,3249,0.3890988230705261,0.890625
9,3250,0.22357818484306335,0.921875
9,3251,0.26520293951034546,0.8984375
9,3252,0.3883635997772217,0.84375
9,3253,0.3237020671367645,0.875
9,3254,0.38861387968063354,0.890625
9,3255,0.3089345693588257,0.8828125
9,3256,0.385539174079895,0.875
9,3257,0.3682596683502197,0.8515625
9,3258,0.478281170129776,0.84375
9,3259,0.3061884939670563,0.90625
9,3260,0.4349679946899414,0.8125
9,3261,0.20577344298362732,0.953125
9,3262,0.29490023851394653,0.8984375
9,3263,0.29609447717666626,0.890625
9,3264,0.4210340976715088,0.8671875
9,3265,0.30595844984054565,0.890625
9,3266,0.47411975264549255,0.8203125
9,3267,0.34378519654273987,0.875
9,3268,0.46720707416534424,0.8125
9,3269,0.30025655031204224,0.8828125
9,3270,0.3269957900047302,0.859375
9,3271,0.3708156943321228,0.859375
9,3272,0.3236507773399353,0.8671875
9,3273,0.25570160150527954,0.90625
9,3274,0.3205033540725708,0.890625
9,3275,0.39978158473968506,0.859375
9,3276,0.3457508683204651,0.90625
9,3277,0.4368319809436798,0.875
9,3278,0.31497716903686523,0.921875
9,3279,0.4198768734931946,0.8515625
9,3280,0.3013475835323334,0.8984375
9,3281,0.27750861644744873,0.8984375
9,3282,0.3747170567512512,0.8984375
9,3283,0.322292298078537,0.8984375
9,3284,0.4261174201965332,0.828125
9,3285,0.2851361632347107,0.8984375
9,3286,0.43500638008117676,0.8359375
9,3287,0.2942664623260498,0.8984375
9,3288,0.3702549934387207,0.8828125
9,3289,0.34420207142829895,0.90625
9,3290,0.22493864595890045,0.9296875
9,3291,0.3286043405532837,0.921875
9,3292,0.27451270818710327,0.9140625
9,3293,0.2350638061761856,0.90625
9,3294,0.2451533079147339,0.875
9,3295,0.40675610303878784,0.828125
9,3296,0.32628461718559265,0.8515625
9,3297,0.27547407150268555,0.90625
9,3298,0.22940325736999512,0.9140625
9,3299,0.26560840010643005,0.8984375
9,3300,0.265177458524704,0.90625
9,3301,0.33928900957107544,0.890625
9,3302,0.23084817826747894,0.9140625
9,3303,0.3696940541267395,0.8359375
9,3304,0.4177212119102478,0.859375
9,3305,0.42467039823532104,0.875
9,3306,0.2968558669090271,0.8828125
9,3307,0.30297383666038513,0.90625
9,3308,0.29262763261795044,0.890625
9,3309,0.2899101972579956,0.890625
9,3310,0.24480794370174408,0.90625
9,3311,0.33902472257614136,0.859375
9,3312,0.2526916563510895,0.9375
9,3313,0.39920127391815186,0.890625
9,3314,0.3812527656555176,0.8671875
9,3315,0.2962208092212677,0.890625
9,3316,0.33066239953041077,0.84375
9,3317,0.3480747640132904,0.890625
9,3318,0.35452884435653687,0.90625
9,3319,0.2556385397911072,0.890625
9,3320,0.31004220247268677,0.890625
9,3321,0.338346004486084,0.8984375
9,3322,0.2800964117050171,0.90625
9,3323,0.22494670748710632,0.90625
9,3324,0.2050270438194275,0.9296875
9,3325,0.35759633779525757,0.8671875
9,3326,0.39509063959121704,0.859375
9,3327,0.35266298055648804,0.890625
9,3328,0.39781320095062256,0.8671875
9,3329,0.4090052545070648,0.8359375
9,3330,0.3397023677825928,0.8515625
9,3331,0.5399575233459473,0.828125
9,3332,0.28994977474212646,0.8828125
9,3333,0.5341323018074036,0.8203125
9,3334,0.33592602610588074,0.8515625
9,3335,0.3576280176639557,0.8984375
9,3336,0.2971905469894409,0.875
9,3337,0.22453173995018005,0.9296875
9,3338,0.2962508201599121,0.890625
9,3339,0.1858275830745697,0.9375
9,3340,0.27459031343460083,0.90625
9,3341,0.3281450569629669,0.890625
9,3342,0.3231635093688965,0.8984375
9,3343,0.31284815073013306,0.859375
9,3344,0.32126811146736145,0.90625
9,3345,0.3739781379699707,0.890625
9,3346,0.17010898888111115,0.953125
9,3347,0.4122590124607086,0.859375
9,3348,0.3520711660385132,0.859375
9,3349,0.26445603370666504,0.921875
9,3350,0.3180346190929413,0.90625
9,3351,0.3634774386882782,0.890625
9,3352,0.4006969928741455,0.8828125
9,3353,0.4852796196937561,0.8125
9,3354,0.38831275701522827,0.8671875
9,3355,0.2764345705509186,0.890625
9,3356,0.4695962071418762,0.8359375
9,3357,0.3350737690925598,0.875
9,3358,0.30828773975372314,0.8984375
9,3359,0.28809916973114014,0.9140625
9,3360,0.26845550537109375,0.8984375
9,3361,0.36829105019569397,0.8984375
9,3362,0.42102253437042236,0.8515625
9,3363,0.2564893960952759,0.9140625
9,3364,0.3016294240951538,0.9140625
9,3365,0.355837881565094,0.90625
9,3366,0.3381979465484619,0.8984375
9,3367,0.3280218839645386,0.921875
9,3368,0.3632437586784363,0.859375
9,3369,0.33944520354270935,0.890625
9,3370,0.25120478868484497,0.8984375
9,3371,0.24734468758106232,0.90625
9,3372,0.23982539772987366,0.921875
9,3373,0.3066157102584839,0.8984375
9,3374,0.2574577033519745,0.8984375
9,3375,0.4113037586212158,0.875
9,3376,0.3414812386035919,0.8828125
9,3377,0.2600425183773041,0.9140625
9,3378,0.4307789206504822,0.828125
9,3379,0.37409138679504395,0.890625
9,3380,0.291343092918396,0.9140625
9,3381,0.41414761543273926,0.8828125
9,3382,0.398188054561615,0.859375
9,3383,0.2702138423919678,0.8984375
9,3384,0.3119244873523712,0.8984375
9,3385,0.2431022822856903,0.921875
9,3386,0.3705819249153137,0.859375
9,3387,0.44118088483810425,0.8359375
9,3388,0.3396665155887604,0.8671875
9,3389,0.24611756205558777,0.921875
9,3390,0.3118298053741455,0.890625
9,3391,0.38089701533317566,0.859375
9,3392,0.28450140357017517,0.90625
9,3393,0.2798044979572296,0.8984375
9,3394,0.3222959339618683,0.8984375
9,3395,0.24373853206634521,0.921875
9,3396,0.24629119038581848,0.9140625
9,3397,0.5272270441055298,0.8203125
9,3398,0.29274481534957886,0.890625
9,3399,0.3819355070590973,0.859375
9,3400,0.3096890151500702,0.890625
9,3401,0.36009925603866577,0.8671875
9,3402,0.2622031271457672,0.90625
9,3403,0.27233269810676575,0.890625
9,3404,0.26881229877471924,0.90625
9,3405,0.3816242814064026,0.875
9,3406,0.3237546682357788,0.9140625
9,3407,0.28899502754211426,0.890625
9,3408,0.36442098021507263,0.8828125
9,3409,0.3374454379081726,0.890625
9,3410,0.41537952423095703,0.8671875
9,3411,0.4328985810279846,0.828125
9,3412,0.26636427640914917,0.8984375
9,3413,0.43197041749954224,0.84375
9,3414,0.2682618498802185,0.9140625
9,3415,0.30512967705726624,0.875
9,3416,0.3441174626350403,0.90625
9,3417,0.42861950397491455,0.8515625
9,3418,0.29180318117141724,0.90625
9,3419,0.2823147177696228,0.90625
9,3420,0.4975398778915405,0.84375
9,3421,0.36183351278305054,0.890625
9,3422,0.30667924880981445,0.90625
9,3423,0.29662156105041504,0.8984375
9,3424,0.46409937739372253,0.84375
9,3425,0.3118554353713989,0.8828125
9,3426,0.34310948848724365,0.875
9,3427,0.4523999094963074,0.84375
9,3428,0.44717541337013245,0.859375
9,3429,0.3844272196292877,0.859375
9,3430,0.39352715015411377,0.875
9,3431,0.49365442991256714,0.8203125
9,3432,0.3818579614162445,0.859375
9,3433,0.4093831777572632,0.890625
9,3434,0.4640160799026489,0.84375
9,3435,0.3022584915161133,0.921875
9,3436,0.24160169064998627,0.8984375
9,3437,0.35794392228126526,0.875
9,3438,0.3893721401691437,0.84375
9,3439,0.39390087127685547,0.8828125
9,3440,0.2955089211463928,0.875
9,3441,0.27746912837028503,0.890625
9,3442,0.2631080150604248,0.9140625
9,3443,0.26088523864746094,0.9296875
9,3444,0.20991413295269012,0.9140625
9,3445,0.3515363037586212,0.875
9,3446,0.33636972308158875,0.8359375
9,3447,0.4388737082481384,0.8125
9,3448,0.22419077157974243,0.890625
9,3449,0.34172531962394714,0.859375
9,3450,0.254427433013916,0.90625
9,3451,0.4363326132297516,0.8359375
9,3452,0.34293311834335327,0.875
9,3453,0.385662317276001,0.890625
9,3454,0.2509814500808716,0.921875
9,3455,0.26729172468185425,0.8984375
9,3456,0.316279798746109,0.890625
9,3457,0.3816472291946411,0.8671875
9,3458,0.3717479705810547,0.890625
9,3459,0.2669532895088196,0.8984375
9,3460,0.49706166982650757,0.8203125
9,3461,0.44576719403266907,0.8359375
9,3462,0.3526526093482971,0.859375
9,3463,0.2795187830924988,0.9296875
9,3464,0.27202141284942627,0.8828125
9,3465,0.29702889919281006,0.8828125
9,3466,0.4229455590248108,0.84375
9,3467,0.34429675340652466,0.8671875
9,3468,0.3017768859863281,0.90625
9,3469,0.3556607663631439,0.875
9,3470,0.3738049268722534,0.8828125
9,3471,0.3516433835029602,0.875
9,3472,0.3206788897514343,0.9140625
9,3473,0.35134357213974,0.8828125
9,3474,0.3460215628147125,0.8984375
9,3475,0.38981738686561584,0.859375
9,3476,0.30674731731414795,0.8984375
9,3477,0.3068785071372986,0.8984375
9,3478,0.3986692428588867,0.8359375
9,3479,0.4463130533695221,0.8359375
9,3480,0.28089338541030884,0.90625
9,3481,0.393090158700943,0.828125
9,3482,0.461018443107605,0.8359375
9,3483,0.295725554227829,0.8984375
9,3484,0.3128960132598877,0.921875
9,3485,0.3546506464481354,0.8984375
9,3486,0.23045364022254944,0.90625
9,3487,0.3543440103530884,0.875
9,3488,0.2920283079147339,0.8828125
9,3489,0.41390329599380493,0.8671875
9,3490,0.23075400292873383,0.90625
9,3491,0.34654784202575684,0.859375
9,3492,0.2621781527996063,0.890625
9,3493,0.2976197600364685,0.8984375
9,3494,0.3289427161216736,0.8828125
9,3495,0.3208008110523224,0.8828125
9,3496,0.36077332496643066,0.9140625
9,3497,0.46421581506729126,0.8359375
9,3498,0.2910004258155823,0.8671875
9,3499,0.22962462902069092,0.9140625
9,3500,0.42717722058296204,0.8671875
9,3501,0.41687503457069397,0.859375
9,3502,0.4726350009441376,0.8515625
9,3503,0.35460734367370605,0.8671875
9,3504,0.2691183090209961,0.9140625
9,3505,0.41173553466796875,0.8359375
9,3506,0.2752645015716553,0.90625
9,3507,0.39933711290359497,0.8515625
9,3508,0.27194494009017944,0.890625
9,3509,0.3043575584888458,0.8828125
9,3510,0.30050015449523926,0.859375
10,3511,0.31222766637802124,0.875
10,3512,0.3206098675727844,0.8984375
10,3513,0.3145419955253601,0.8984375
10,3514,0.36532220244407654,0.84375
10,3515,0.42954501509666443,0.875
10,3516,0.3551117777824402,0.8828125
10,3517,0.3349307179450989,0.8984375
10,3518,0.2756099998950958,0.90625
10,3519,0.27339208126068115,0.921875
10,3520,0.26771029829978943,0.9140625
10,3521,0.3354012370109558,0.875
10,3522,0.3153138756752014,0.890625
10,3523,0.38261091709136963,0.859375
10,3524,0.2636537551879883,0.8828125
10,3525,0.2900882363319397,0.8984375
10,3526,0.21921159327030182,0.9140625
10,3527,0.22606854140758514,0.921875
10,3528,0.3034849166870117,0.9140625
10,3529,0.19376257061958313,0.9296875
10,3530,0.2150125354528427,0.8984375
10,3531,0.17635366320610046,0.953125
10,3532,0.2967676520347595,0.8828125
10,3533,0.3838385343551636,0.8671875
10,3534,0.22220484912395477,0.9296875
10,3535,0.30086567997932434,0.875
10,3536,0.2794871926307678,0.90625
10,3537,0.16877007484436035,0.921875
10,3538,0.187520831823349,0.9140625
10,3539,0.30399197340011597,0.921875
10,3540,0.3230662941932678,0.875
10,3541,0.3596779704093933,0.8671875
10,3542,0.3420948088169098,0.8671875
10,3543,0.35519421100616455,0.890625
10,3544,0.3047257661819458,0.8984375
10,3545,0.32562223076820374,0.8671875
10,3546,0.2640894949436188,0.9140625
10,3547,0.1448555737733841,0.9609375
10,3548,0.33514171838760376,0.8671875
10,3549,0.3846050202846527,0.8515625
10,3550,0.29598134756088257,0.8671875
10,3551,0.37254804372787476,0.84375
10,3552,0.22218278050422668,0.9140625
10,3553,0.3087179660797119,0.8515625
10,3554,0.21696390211582184,0.921875
10,3555,0.4267263114452362,0.859375
10,3556,0.283282071352005,0.8828125
10,3557,0.22319449484348297,0.9375
10,3558,0.31081902980804443,0.8828125
10,3559,0.3096821904182434,0.8671875
10,3560,0.3404110074043274,0.890625
10,3561,0.3261818289756775,0.8984375
10,3562,0.4054969251155853,0.8515625
10,3563,0.3825262188911438,0.8671875
10,3564,0.32151031494140625,0.8984375
10,3565,0.20068469643592834,0.9296875
10,3566,0.33417755365371704,0.875
10,3567,0.2877086400985718,0.9375
10,3568,0.3586229383945465,0.875
10,3569,0.28807008266448975,0.9140625
10,3570,0.3174962103366852,0.8984375
10,3571,0.4355190396308899,0.8515625
10,3572,0.24086731672286987,0.90625
10,3573,0.3552592098712921,0.8515625
10,3574,0.20308278501033783,0.9453125
10,3575,0.45996907353401184,0.8671875
10,3576,0.30392006039619446,0.8828125
10,3577,0.24505698680877686,0.90625
10,3578,0.37423163652420044,0.90625
10,3579,0.28375008702278137,0.9296875
10,3580,0.19153250753879547,0.921875
10,3581,0.21481820940971375,0.9140625
10,3582,0.2655301094055176,0.90625
10,3583,0.34090930223464966,0.8671875
10,3584,0.35237380862236023,0.8828125
10,3585,0.20079678297042847,0.9375
10,3586,0.30763497948646545,0.875
10,3587,0.19739603996276855,0.921875
10,3588,0.3052079379558563,0.9140625
10,3589,0.24230557680130005,0.9140625
10,3590,0.2934494614601135,0.890625
10,3591,0.3855997920036316,0.84375
10,3592,0.26702243089675903,0.9375
10,3593,0.2350553572177887,0.9296875
10,3594,0.22371730208396912,0.9140625
10,3595,0.21182209253311157,0.921875
10,3596,0.36166146397590637,0.875
10,3597,0.3020473122596741,0.875
10,3598,0.2761093080043793,0.8984375
10,3599,0.40195852518081665,0.8515625
10,3600,0.3399941921234131,0.8984375
10,3601,0.2574692368507385,0.90625
10,3602,0.29338398575782776,0.8984375
10,3603,0.2563616931438446,0.8984375
10,3604,0.2844541668891907,0.8984375
10,3605,0.21687784790992737,0.9296875
10,3606,0.2542226016521454,0.90625
10,3607,0.2271108776330948,0.890625
10,3608,0.19018608331680298,0.9375
10,3609,0.27398234605789185,0.921875
10,3610,0.22246451675891876,0.9140625
10,3611,0.22884917259216309,0.921875
10,3612,0.3374415636062622,0.8515625
10,3613,0.2454090714454651,0.9296875
10,3614,0.218539297580719,0.9140625
10,3615,0.2584143579006195,0.8984375
10,3616,0.29207515716552734,0.8984375
10,3617,0.22626039385795593,0.9140625
10,3618,0.18337681889533997,0.921875
10,3619,0.3901497721672058,0.9140625
10,3620,0.32894760370254517,0.8828125
10,3621,0.41712963581085205,0.84375
10,3622,0.49337267875671387,0.8203125
10,3623,0.28145912289619446,0.8984375
10,3624,0.17470434308052063,0.9375
10,3625,0.35738304257392883,0.9140625
10,3626,0.40562230348587036,0.875
10,3627,0.4081713855266571,0.8828125
10,3628,0.2177407443523407,0.921875
10,3629,0.3114162087440491,0.890625
10,3630,0.397331565618515,0.8671875
10,3631,0.29726770520210266,0.90625
10,3632,0.2560177147388458,0.921875
10,3633,0.2772762179374695,0.90625
10,3634,0.3887888789176941,0.8515625
10,3635,0.2869054675102234,0.890625
10,3636,0.2266283631324768,0.921875
10,3637,0.3735858201980591,0.875
10,3638,0.20904116332530975,0.921875
10,3639,0.3785213530063629,0.8828125
10,3640,0.452334463596344,0.84375
10,3641,0.35972830653190613,0.875
10,3642,0.28970634937286377,0.8984375
10,3643,0.3197818994522095,0.8828125
10,3644,0.31782546639442444,0.875
10,3645,0.43950849771499634,0.8515625
10,3646,0.3793928325176239,0.8828125
10,3647,0.31568634510040283,0.8984375
10,3648,0.3258490562438965,0.859375
10,3649,0.3296152353286743,0.8828125
10,3650,0.18842828273773193,0.9453125
10,3651,0.3417014479637146,0.8828125
10,3652,0.3015138506889343,0.90625
10,3653,0.3216138184070587,0.8828125
10,3654,0.38154634833335876,0.8984375
10,3655,0.20637911558151245,0.9296875
10,3656,0.3048962950706482,0.890625
10,3657,0.31528717279434204,0.8984375
10,3658,0.35296815633773804,0.890625
10,3659,0.31105804443359375,0.890625
10,3660,0.2750815153121948,0.890625
10,3661,0.40322157740592957,0.875
10,3662,0.18391647934913635,0.9375
10,3663,0.29537662863731384,0.875
10,3664,0.2572709918022156,0.9296875
10,3665,0.285506010055542,0.9140625
10,3666,0.23194268345832825,0.90625
10,3667,0.32974839210510254,0.890625
10,3668,0.28660279512405396,0.8828125
10,3669,0.4549696445465088,0.8671875
10,3670,0.22608377039432526,0.9296875
10,3671,0.21846167743206024,0.9296875
10,3672,0.3740004301071167,0.8671875
10,3673,0.29896360635757446,0.8984375
10,3674,0.34561094641685486,0.875
10,3675,0.398551344871521,0.8359375
10,3676,0.4969879388809204,0.8046875
10,3677,0.313798725605011,0.9140625
10,3678,0.29215481877326965,0.9140625
10,3679,0.14578497409820557,0.9609375
10,3680,0.2738417983055115,0.90625
10,3681,0.3129383325576782,0.8828125
10,3682,0.30322861671447754,0.8984375
10,3683,0.38436359167099,0.8984375
10,3684,0.2804224491119385,0.9140625
10,3685,0.25782033801078796,0.890625
10,3686,0.36473339796066284,0.90625
10,3687,0.31472188234329224,0.8671875
10,3688,0.2633205056190491,0.921875
10,3689,0.30086183547973633,0.8984375
10,3690,0.36313802003860474,0.859375
10,3691,0.2685723304748535,0.8984375
10,3692,0.3322201073169708,0.890625
10,3693,0.26657289266586304,0.8984375
10,3694,0.25420406460762024,0.8984375
10,3695,0.34386783838272095,0.875
10,3696,0.3955763578414917,0.875
10,3697,0.23647837340831757,0.9140625
10,3698,0.44119367003440857,0.84375
10,3699,0.427856981754303,0.859375
10,3700,0.3566487431526184,0.875
10,3701,0.3033120632171631,0.875
10,3702,0.31501996517181396,0.875
10,3703,0.20821639895439148,0.921875
10,3704,0.40734028816223145,0.8515625
10,3705,0.40576183795928955,0.84375
10,3706,0.21319910883903503,0.9296875
10,3707,0.24198800325393677,0.90625
10,3708,0.42707306146621704,0.84375
10,3709,0.311409056186676,0.890625
10,3710,0.19687151908874512,0.9453125
10,3711,0.31985896825790405,0.8671875
10,3712,0.27686697244644165,0.90625
10,3713,0.2969117760658264,0.8828125
10,3714,0.3628195524215698,0.890625
10,3715,0.5006791353225708,0.828125
10,3716,0.27743592858314514,0.90625
10,3717,0.3971874713897705,0.8828125
10,3718,0.3576969504356384,0.875
10,3719,0.2640325725078583,0.9296875
10,3720,0.4195837676525116,0.8671875
10,3721,0.293813556432724,0.921875
10,3722,0.3701847791671753,0.8828125
10,3723,0.18000361323356628,0.9375
10,3724,0.3577542304992676,0.890625
10,3725,0.291801780462265,0.9140625
10,3726,0.3821256160736084,0.890625
10,3727,0.2534993290901184,0.90625
10,3728,0.4216732084751129,0.8515625
10,3729,0.18568390607833862,0.953125
10,3730,0.20494483411312103,0.9375
10,3731,0.31638315320014954,0.8984375
10,3732,0.447369247674942,0.8359375
10,3733,0.19246917963027954,0.9296875
10,3734,0.23580379784107208,0.9453125
10,3735,0.3611975312232971,0.84375
10,3736,0.36471912264823914,0.890625
10,3737,0.46178221702575684,0.859375
10,3738,0.3798568844795227,0.8984375
10,3739,0.3770899176597595,0.859375
10,3740,0.3238118290901184,0.8515625
10,3741,0.24990594387054443,0.890625
10,3742,0.3051476776599884,0.890625
10,3743,0.35436686873435974,0.875
10,3744,0.2537999153137207,0.9140625
10,3745,0.3741098642349243,0.890625
10,3746,0.25848904252052307,0.8984375
10,3747,0.33801156282424927,0.890625
10,3748,0.16303610801696777,0.953125
10,3749,0.3311215937137604,0.875
10,3750,0.33814674615859985,0.8671875
10,3751,0.33504974842071533,0.8828125
10,3752,0.24454399943351746,0.921875
10,3753,0.4255942106246948,0.875
10,3754,0.3473593294620514,0.8828125
10,3755,0.26771271228790283,0.8984375
10,3756,0.2701246738433838,0.9296875
10,3757,0.1920005977153778,0.9296875
10,3758,0.28673818707466125,0.9140625
10,3759,0.4633210599422455,0.859375
10,3760,0.22765187919139862,0.9296875
10,3761,0.4704029858112335,0.84375
10,3762,0.3300677537918091,0.875
10,3763,0.2936374545097351,0.890625
10,3764,0.3721463978290558,0.8515625
10,3765,0.3522728681564331,0.8671875
10,3766,0.18302324414253235,0.9375
10,3767,0.3434521555900574,0.890625
10,3768,0.29617199301719666,0.90625
10,3769,0.3119235038757324,0.8671875
10,3770,0.2642831802368164,0.9140625
10,3771,0.34210625290870667,0.890625
10,3772,0.3562442660331726,0.8828125
10,3773,0.2550394535064697,0.9140625
10,3774,0.2602968215942383,0.9140625
10,3775,0.2725984752178192,0.90625
10,3776,0.3021102845668793,0.8828125
10,3777,0.2544240951538086,0.921875
10,3778,0.2501256763935089,0.9140625
10,3779,0.27973848581314087,0.9140625
10,3780,0.25067371129989624,0.8984375
10,3781,0.31345388293266296,0.921875
10,3782,0.3153354227542877,0.890625
10,3783,0.3081132769584656,0.9140625
10,3784,0.2629402279853821,0.8984375
10,3785,0.23701944947242737,0.9375
10,3786,0.3434506058692932,0.8984375
10,3787,0.35184407234191895,0.875
10,3788,0.387748658657074,0.84375
10,3789,0.3134569525718689,0.8828125
10,3790,0.37137919664382935,0.8828125
10,3791,0.34377989172935486,0.84375
10,3792,0.23007884621620178,0.9375
10,3793,0.364894300699234,0.875
10,3794,0.3066854774951935,0.8828125
10,3795,0.20194421708583832,0.9609375
10,3796,0.27193382382392883,0.890625
10,3797,0.26952019333839417,0.8984375
10,3798,0.30276477336883545,0.8984375
10,3799,0.3973158001899719,0.890625
10,3800,0.45941784977912903,0.859375
10,3801,0.34124183654785156,0.8671875
10,3802,0.3663276433944702,0.859375
10,3803,0.4080464839935303,0.859375
10,3804,0.2199564427137375,0.921875
10,3805,0.38426855206489563,0.859375
10,3806,0.32234546542167664,0.875
10,3807,0.30813437700271606,0.8984375
10,3808,0.35591357946395874,0.8984375
10,3809,0.2257244735956192,0.921875
10,3810,0.39256295561790466,0.8671875
10,3811,0.18055838346481323,0.9296875
10,3812,0.2543395757675171,0.9296875
10,3813,0.40841954946517944,0.8671875
10,3814,0.3276790678501129,0.875
10,3815,0.17967358231544495,0.9453125
10,3816,0.44611531496047974,0.8359375
10,3817,0.3294602930545807,0.921875
10,3818,0.32073453068733215,0.875
10,3819,0.3126041293144226,0.9140625
10,3820,0.2609848976135254,0.9140625
10,3821,0.35407936573028564,0.90625
10,3822,0.41957589983940125,0.84375
10,3823,0.27577751874923706,0.9140625
10,3824,0.32628607749938965,0.8828125
10,3825,0.19759491086006165,0.9296875
10,3826,0.23838753998279572,0.890625
10,3827,0.28766053915023804,0.8828125
10,3828,0.2305106818675995,0.9375
10,3829,0.3001064658164978,0.90625
10,3830,0.16356724500656128,0.953125
10,3831,0.2217559516429901,0.90625
10,3832,0.3908800482749939,0.8671875
10,3833,0.29821962118148804,0.875
10,3834,0.43478041887283325,0.859375
10,3835,0.18437427282333374,0.9453125
10,3836,0.30567407608032227,0.890625
10,3837,0.37773409485816956,0.890625
10,3838,0.2772846519947052,0.8984375
10,3839,0.2905217707157135,0.9140625
10,3840,0.4192107319831848,0.90625
10,3841,0.32489120960235596,0.875
10,3842,0.27415698766708374,0.90625
10,3843,0.19147971272468567,0.9453125
10,3844,0.20829425752162933,0.9453125
10,3845,0.3563739061355591,0.875
10,3846,0.3503659963607788,0.875
10,3847,0.28175783157348633,0.90625
10,3848,0.3492250442504883,0.875
10,3849,0.315398633480072,0.8828125
10,3850,0.5000821352005005,0.859375
10,3851,0.3431299328804016,0.8984375
10,3852,0.30582523345947266,0.875
10,3853,0.23182854056358337,0.9375
10,3854,0.3167603015899658,0.8671875
10,3855,0.3756701946258545,0.875
10,3856,0.2432289570569992,0.9296875
10,3857,0.2931227684020996,0.9140625
10,3858,0.31278783082962036,0.8984375
10,3859,0.3770589530467987,0.859375
10,3860,0.3937584161758423,0.890625
10,3861,0.253449410200119,0.90625
10,3862,0.3649258613586426,0.8515625
10,3863,0.3072483539581299,0.875
10,3864,0.24367095530033112,0.9296875
10,3865,0.45710375905036926,0.828125
10,3866,0.27594226598739624,0.90625
10,3867,0.2429468333721161,0.9296875
10,3868,0.3271692395210266,0.8984375
10,3869,0.29776835441589355,0.8984375
10,3870,0.25467172265052795,0.921875
10,3871,0.26842421293258667,0.921875
10,3872,0.27484458684921265,0.90625
10,3873,0.36098340153694153,0.890625
10,3874,0.2367641031742096,0.890625
10,3875,0.33376598358154297,0.8984375
10,3876,0.34298813343048096,0.859375
10,3877,0.2873550057411194,0.921875
10,3878,0.3085419535636902,0.875
10,3879,0.23010775446891785,0.90625
10,3880,0.3336412012577057,0.875
10,3881,0.21416468918323517,0.9296875
10,3882,0.3911866545677185,0.859375
10,3883,0.16304045915603638,0.9609375
10,3884,0.2530181407928467,0.921875
10,3885,0.37766826152801514,0.8671875
10,3886,0.19311103224754333,0.9296875
10,3887,0.1934579312801361,0.9140625
10,3888,0.325970858335495,0.890625
10,3889,0.4291890859603882,0.859375
10,3890,0.21971654891967773,0.921875
10,3891,0.2847804129123688,0.8828125
10,3892,0.21978773176670074,0.9296875
10,3893,0.30407509207725525,0.90625
10,3894,0.22592192888259888,0.921875
10,3895,0.27826201915740967,0.8984375
10,3896,0.25010114908218384,0.9140625
10,3897,0.2551574110984802,0.890625
10,3898,0.35601943731307983,0.875
10,3899,0.18954691290855408,0.9140625
10,3900,0.19164372980594635,0.9375
