epoch,step,loss
1,1,5.485556125640869
1,2,5.048382759094238
1,3,4.677277088165283
1,4,4.494641304016113
1,5,4.36699104309082
1,6,4.317127704620361
1,7,4.258378982543945
1,8,4.154177665710449
1,9,4.124277114868164
1,10,4.106757164001465
1,11,4.065016746520996
1,12,4.049220085144043
1,13,4.075648307800293
1,14,4.032256603240967
1,15,4.038141250610352
1,16,4.046552658081055
1,17,4.030605316162109
1,18,3.9599738121032715
1,19,3.9855947494506836
1,20,3.9988937377929688
1,21,3.9570441246032715
1,22,3.9620652198791504
1,23,3.9737870693206787
1,24,3.93788743019104
1,25,3.9539804458618164
1,26,3.946655511856079
1,27,3.9461121559143066
1,28,3.9180855751037598
1,29,3.923109531402588
1,30,3.897428035736084
1,31,3.918487787246704
1,32,3.8806731700897217
1,33,3.906651020050049
1,34,3.899937391281128
1,35,3.882370710372925
1,36,3.8915603160858154
1,37,3.873382091522217
1,38,3.8717174530029297
1,39,3.8621459007263184
1,40,3.861875534057617
1,41,3.8530073165893555
1,42,3.85307240486145
1,43,3.826625347137451
1,44,3.8296961784362793
1,45,3.8241209983825684
1,46,3.8423469066619873
1,47,3.8282413482666016
1,48,3.8285670280456543
1,49,3.805342674255371
1,50,3.7975566387176514
1,51,3.791749954223633
1,52,3.804428815841675
1,53,3.806008815765381
1,54,3.783228874206543
1,55,3.802861213684082
1,56,3.7877447605133057
1,57,3.8112471103668213
1,58,3.783299207687378
1,59,3.821415424346924
1,60,3.7891335487365723
1,61,3.802338123321533
1,62,3.7876172065734863
1,63,3.7745249271392822
1,64,3.766664981842041
1,65,3.7844038009643555
1,66,3.774524211883545
1,67,3.7576985359191895
1,68,3.766340494155884
1,69,3.764204502105713
1,70,3.7595314979553223
1,71,3.750802516937256
1,72,3.7577335834503174
1,73,3.7660083770751953
1,74,3.746518611907959
1,75,3.7445900440216064
1,76,3.743187189102173
1,77,3.7472376823425293
1,78,3.756985902786255
1,79,3.754403591156006
1,80,3.7490384578704834
1,81,3.740424394607544
1,82,3.7314422130584717
1,83,3.753145694732666
1,84,3.7297606468200684
1,85,3.755009174346924
1,86,3.7491323947906494
1,87,3.7328104972839355
1,88,3.7328271865844727
1,89,3.739149808883667
1,90,3.7314581871032715
1,91,3.7440237998962402
1,92,3.746922731399536
1,93,3.7197909355163574
1,94,3.7303426265716553
1,95,3.7505555152893066
1,96,3.7332262992858887
1,97,3.737567901611328
1,98,3.749467372894287
1,99,3.743969440460205
1,100,3.7373387813568115
1,101,3.715169906616211
1,102,3.725618600845337
1,103,3.7181389331817627
1,104,3.7352497577667236
1,105,3.737485885620117
1,106,3.72817325592041
1,107,3.73874831199646
1,108,3.728827476501465
1,109,3.7379918098449707
1,110,3.722898006439209
1,111,3.7189249992370605
1,112,3.72879695892334
1,113,3.7083404064178467
1,114,3.734344720840454
1,115,3.731877326965332
1,116,3.7238075733184814
1,117,3.7027158737182617
1,118,3.7250986099243164
1,119,3.7380127906799316
1,120,3.725067138671875
1,121,3.7137386798858643
1,122,3.711381196975708
1,123,3.704481601715088
1,124,3.7040841579437256
1,125,3.702159881591797
1,126,3.7032618522644043
1,127,3.698688507080078
1,128,3.700890302658081
1,129,3.709235668182373
1,130,3.7021288871765137
1,131,3.695753812789917
1,132,3.6888301372528076
1,133,3.6908369064331055
1,134,3.688828468322754
1,135,3.704329013824463
1,136,3.699693441390991
1,137,3.6990299224853516
1,138,3.7053427696228027
1,139,3.697908639907837
1,140,3.698540687561035
1,141,3.7019286155700684
1,142,3.7093307971954346
1,143,3.6919031143188477
1,144,3.7111215591430664
1,145,3.6903135776519775
1,146,3.7044944763183594
1,147,3.701559543609619
1,148,3.7059381008148193
1,149,3.729931354522705
1,150,3.7006146907806396
1,151,3.6857457160949707
1,152,3.691598653793335
1,153,3.7040045261383057
1,154,3.709618330001831
1,155,3.708049774169922
1,156,3.6983680725097656
1,157,3.7078182697296143
1,158,3.7011444568634033
1,159,3.6885275840759277
1,160,3.6986539363861084
1,161,3.7024731636047363
1,162,3.707846164703369
1,163,3.6903727054595947
1,164,3.690269947052002
1,165,3.7037458419799805
1,166,3.697479724884033
1,167,3.699824333190918
1,168,3.699106216430664
1,169,3.6935131549835205
1,170,3.6874237060546875
1,171,3.700819492340088
1,172,3.700829029083252
1,173,3.689411163330078
1,174,3.7110376358032227
1,175,3.6985151767730713
1,176,3.6944103240966797
1,177,3.6852312088012695
1,178,3.7019529342651367
1,179,3.7117185592651367
1,180,3.699413299560547
1,181,3.6966447830200195
1,182,3.69315505027771
1,183,3.691432237625122
1,184,3.686387538909912
1,185,3.6851086616516113
1,186,3.685556411743164
1,187,3.6855998039245605
1,188,3.6755409240722656
1,189,3.6931259632110596
1,190,3.683941125869751
1,191,3.6921067237854004
1,192,3.709778308868408
1,193,3.6754226684570312
1,194,3.685854196548462
1,195,3.678149700164795
1,196,3.6753220558166504
1,197,3.6849169731140137
1,198,3.6812357902526855
1,199,3.696866989135742
1,200,3.690645694732666
1,201,3.692166805267334
1,202,3.7047793865203857
1,203,3.6757113933563232
1,204,3.677762985229492
1,205,3.6793432235717773
1,206,3.6842520236968994
1,207,3.6791367530822754
1,208,3.673610210418701
1,209,3.687302350997925
1,210,3.6787109375
1,211,3.6838817596435547
1,212,3.6781506538391113
1,213,3.6871979236602783
1,214,3.67875337600708
1,215,3.6693313121795654
1,216,3.6710493564605713
1,217,3.6715118885040283
1,218,3.6726200580596924
1,219,3.6654186248779297
1,220,3.675597906112671
1,221,3.6776883602142334
1,222,3.679083824157715
1,223,3.668760299682617
1,224,3.6665122509002686
1,225,3.6764469146728516
1,226,3.6762943267822266
1,227,3.6677613258361816
1,228,3.6884469985961914
1,229,3.6762304306030273
1,230,3.6740493774414062
1,231,3.673753261566162
1,232,3.665017604827881
1,233,3.6698384284973145
1,234,3.6835641860961914
1,235,3.6609573364257812
1,236,3.6612319946289062
1,237,3.6897125244140625
1,238,3.684370279312134
1,239,3.668797731399536
1,240,3.684075355529785
1,241,3.6713647842407227
1,242,3.69096302986145
1,243,3.692452907562256
1,244,3.6757874488830566
1,245,3.6770544052124023
1,246,3.683551788330078
1,247,3.676957368850708
1,248,3.6830804347991943
1,249,3.6765384674072266
1,250,3.66837215423584
1,251,3.6907191276550293
1,252,3.6659700870513916
1,253,3.6632003784179688
1,254,3.671772003173828
1,255,3.6728076934814453
1,256,3.6807775497436523
1,257,3.6645312309265137
1,258,3.6640868186950684
1,259,3.6704020500183105
1,260,3.670421600341797
1,261,3.6608662605285645
1,262,3.666874885559082
1,263,3.664076328277588
1,264,3.660393238067627
1,265,3.6667611598968506
1,266,3.6687636375427246
1,267,3.6638143062591553
1,268,3.675250291824341
1,269,3.6691455841064453
1,270,3.672229051589966
1,271,3.667081832885742
1,272,3.6637637615203857
1,273,3.6706929206848145
1,274,3.6750986576080322
1,275,3.6735377311706543
1,276,3.6636576652526855
1,277,3.682720899581909
1,278,3.6718292236328125
1,279,3.6662044525146484
1,280,3.670743465423584
1,281,3.6805219650268555
1,282,3.6736984252929688
1,283,3.658087730407715
1,284,3.6668167114257812
1,285,3.663144826889038
1,286,3.6662018299102783
1,287,3.6822805404663086
1,288,3.667076826095581
1,289,3.675349712371826
1,290,3.6505069732666016
1,291,3.6599156856536865
1,292,3.657787322998047
1,293,3.665417194366455
1,294,3.658857583999634
1,295,3.6496686935424805
1,296,3.664644241333008
1,297,3.6598525047302246
1,298,3.673888683319092
1,299,3.6586084365844727
1,300,3.664356231689453
1,301,3.672412872314453
1,302,3.6729354858398438
1,303,3.667198896408081
1,304,3.6680641174316406
1,305,3.680502414703369
1,306,3.6712424755096436
1,307,3.677380323410034
1,308,3.6685519218444824
1,309,3.673900604248047
1,310,3.679227113723755
1,311,3.657867670059204
1,312,3.67299747467041
1,313,3.6583948135375977
1,314,3.6679646968841553
1,315,3.670555591583252
1,316,3.6711978912353516
1,317,3.666919231414795
1,318,3.662053346633911
1,319,3.657876491546631
1,320,3.6485342979431152
1,321,3.6630072593688965
1,322,3.6652297973632812
1,323,3.6740708351135254
1,324,3.6781506538391113
1,325,3.6754813194274902
1,326,3.663815498352051
1,327,3.668488025665283
1,328,3.669616460800171
1,329,3.6828784942626953
1,330,3.676266670227051
1,331,3.6682186126708984
1,332,3.6750621795654297
1,333,3.665074348449707
1,334,3.669790744781494
1,335,3.682793140411377
1,336,3.66682505607605
1,337,3.677353858947754
1,338,3.673409938812256
1,339,3.6640520095825195
1,340,3.670227527618408
1,341,3.6725244522094727
1,342,3.673820734024048
1,343,3.6606340408325195
1,344,3.6605379581451416
1,345,3.6553919315338135
1,346,3.6690404415130615
1,347,3.663485527038574
1,348,3.653740167617798
1,349,3.6610941886901855
1,350,3.6661949157714844
1,351,3.672731399536133
1,352,3.674704074859619
1,353,3.6607165336608887
1,354,3.6611568927764893
1,355,3.6495182514190674
1,356,3.6619715690612793
1,357,3.6633729934692383
1,358,3.674330472946167
1,359,3.661365509033203
1,360,3.6544508934020996
1,361,3.663792610168457
1,362,3.653864860534668
1,363,3.6622467041015625
1,364,3.6591923236846924
1,365,3.6633458137512207
1,366,3.674327850341797
1,367,3.6737749576568604
1,368,3.6760754585266113
1,369,3.6589889526367188
1,370,3.6588218212127686
1,371,3.66929292678833
1,372,3.662595272064209
1,373,3.663083076477051
1,374,3.6740665435791016
1,375,3.667074203491211
1,376,3.6702871322631836
1,377,3.673522472381592
1,378,3.6525814533233643
1,379,3.648758888244629
1,380,3.670114040374756
1,381,3.6503705978393555
1,382,3.663191080093384
1,383,3.6615424156188965
1,384,3.657416343688965
1,385,3.679110527038574
1,386,3.652331590652466
1,387,3.656965732574463
1,388,3.670685291290283
1,389,3.6572859287261963
1,390,3.663832664489746
2,391,3.6707615852355957
2,392,3.6680686473846436
2,393,3.6585817337036133
2,394,3.657867670059204
2,395,3.665754556655884
2,396,3.6811649799346924
2,397,3.6623740196228027
2,398,3.6691226959228516
2,399,3.664402484893799
2,400,3.6749632358551025
2,401,3.664860248565674
2,402,3.655074119567871
2,403,3.650404453277588
2,404,3.6558730602264404
2,405,3.6738553047180176
2,406,3.6722640991210938
2,407,3.660270929336548
2,408,3.6592607498168945
2,409,3.65205979347229
2,410,3.659755229949951
2,411,3.6626241207122803
2,412,3.666053295135498
2,413,3.6673197746276855
2,414,3.6728901863098145
2,415,3.6707632541656494
2,416,3.6593143939971924
2,417,3.6747498512268066
2,418,3.674358367919922
2,419,3.658403158187866
2,420,3.6692848205566406
2,421,3.656822681427002
2,422,3.662297487258911
2,423,3.645723342895508
2,424,3.649271011352539
2,425,3.679460048675537
2,426,3.657296657562256
2,427,3.650893449783325
2,428,3.656013250350952
2,429,3.650240421295166
2,430,3.6593847274780273
2,431,3.649290084838867
2,432,3.652137279510498
2,433,3.647843837738037
2,434,3.666271686553955
2,435,3.658980369567871
2,436,3.650348663330078
2,437,3.655057907104492
2,438,3.666754722595215
2,439,3.6560752391815186
2,440,3.6634860038757324
2,441,3.648014783859253
2,442,3.6641690731048584
2,443,3.646324872970581
2,444,3.6579456329345703
2,445,3.656151056289673
2,446,3.6696767807006836
2,447,3.6574559211730957
2,448,3.6582140922546387
2,449,3.6580605506896973
2,450,3.6508376598358154
2,451,3.64963436126709
2,452,3.651157855987549
2,453,3.6553173065185547
2,454,3.6490464210510254
2,455,3.648261547088623
2,456,3.6474204063415527
2,457,3.6484053134918213
2,458,3.6536865234375
2,459,3.6449732780456543
2,460,3.6537013053894043
2,461,3.6472859382629395
2,462,3.6498494148254395
2,463,3.655133008956909
2,464,3.655597686767578
2,465,3.657524347305298
2,466,3.65226674079895
2,467,3.6575264930725098
2,468,3.651806354522705
2,469,3.6558165550231934
2,470,3.6541056632995605
2,471,3.654475688934326
2,472,3.6539087295532227
2,473,3.6556496620178223
2,474,3.647052526473999
2,475,3.657632827758789
2,476,3.6528825759887695
2,477,3.6567511558532715
2,478,3.6619162559509277
2,479,3.6509366035461426
2,480,3.647624969482422
2,481,3.652555465698242
2,482,3.6558172702789307
2,483,3.6583237648010254
2,484,3.658663511276245
2,485,3.6486988067626953
2,486,3.6604344844818115
2,487,3.6579713821411133
2,488,3.6517107486724854
2,489,3.6645994186401367
2,490,3.6473031044006348
2,491,3.6579041481018066
2,492,3.6759109497070312
2,493,3.664041519165039
2,494,3.6491599082946777
2,495,3.6488196849823
2,496,3.6527507305145264
2,497,3.6486568450927734
2,498,3.667579412460327
2,499,3.654148817062378
2,500,3.658076524734497
2,501,3.6652040481567383
2,502,3.6633243560791016
2,503,3.658634901046753
2,504,3.66605806350708
2,505,3.6651227474212646
2,506,3.649770736694336
2,507,3.652024745941162
2,508,3.655747890472412
2,509,3.6523852348327637
2,510,3.6614990234375
2,511,3.650535821914673
2,512,3.66367769241333
2,513,3.657790184020996
2,514,3.658723831176758
2,515,3.66080641746521
2,516,3.658442258834839
2,517,3.6741116046905518
2,518,3.65956449508667
2,519,3.656094551086426
2,520,3.6519570350646973
2,521,3.650831937789917
2,522,3.6585299968719482
2,523,3.656266212463379
2,524,3.66068696975708
2,525,3.6540303230285645
2,526,3.647238254547119
2,527,3.6568877696990967
2,528,3.65993070602417
2,529,3.6568961143493652
2,530,3.651528835296631
2,531,3.6431691646575928
2,532,3.6496527194976807
2,533,3.661011219024658
2,534,3.654860496520996
2,535,3.643075942993164
2,536,3.6490602493286133
2,537,3.6551599502563477
2,538,3.654812812805176
2,539,3.6523802280426025
2,540,3.6512441635131836
2,541,3.645087957382202
2,542,3.647740602493286
2,543,3.6459550857543945
2,544,3.644977569580078
2,545,3.6493141651153564
2,546,3.6493444442749023
2,547,3.6449246406555176
2,548,3.645176887512207
2,549,3.6460156440734863
2,550,3.644888401031494
2,551,3.651200771331787
2,552,3.659646511077881
2,553,3.652205228805542
2,554,3.6622774600982666
2,555,3.6373677253723145
2,556,3.6609349250793457
2,557,3.654653549194336
2,558,3.6460063457489014
2,559,3.6563456058502197
2,560,3.6524908542633057
2,561,3.6410045623779297
2,562,3.6462130546569824
2,563,3.638207197189331
2,564,3.6507625579833984
2,565,3.659620761871338
2,566,3.6625936031341553
2,567,3.6505379676818848
2,568,3.647570848464966
2,569,3.6538641452789307
2,570,3.6509127616882324
2,571,3.649585723876953
2,572,3.6526436805725098
2,573,3.664311647415161
2,574,3.651778221130371
2,575,3.6604340076446533
2,576,3.6523139476776123
2,577,3.6484410762786865
2,578,3.6567041873931885
2,579,3.6410884857177734
2,580,3.6449012756347656
2,581,3.6455800533294678
2,582,3.6480445861816406
2,583,3.645052671432495
2,584,3.646375894546509
2,585,3.64481258392334
2,586,3.655869483947754
2,587,3.6487231254577637
2,588,3.659597396850586
2,589,3.657909870147705
2,590,3.6512949466705322
2,591,3.6540791988372803
2,592,3.650871515274048
2,593,3.6559271812438965
2,594,3.6436150074005127
2,595,3.65675950050354
2,596,3.651416778564453
2,597,3.6460635662078857
2,598,3.6488289833068848
2,599,3.6536335945129395
2,600,3.6570611000061035
2,601,3.6597061157226562
2,602,3.6432337760925293
2,603,3.6482224464416504
2,604,3.648017406463623
2,605,3.6539626121520996
2,606,3.6496076583862305
2,607,3.661044120788574
2,608,3.65531849861145
2,609,3.6459145545959473
2,610,3.649141550064087
2,611,3.658322811126709
2,612,3.658060073852539
2,613,3.646336555480957
2,614,3.653224468231201
2,615,3.655581474304199
2,616,3.65738844871521
2,617,3.6599321365356445
2,618,3.644947052001953
2,619,3.656886100769043
2,620,3.6487855911254883
2,621,3.650282144546509
2,622,3.656874418258667
2,623,3.6624960899353027
2,624,3.6560163497924805
2,625,3.644533157348633
2,626,3.642361640930176
2,627,3.6507320404052734
2,628,3.6501951217651367
2,629,3.6453371047973633
2,630,3.650059223175049
2,631,3.664452314376831
2,632,3.664179801940918
2,633,3.6528310775756836
2,634,3.6483354568481445
2,635,3.6415839195251465
2,636,3.6640031337738037
2,637,3.6589207649230957
2,638,3.6426806449890137
2,639,3.6455349922180176
2,640,3.6504573822021484
2,641,3.653247117996216
2,642,3.646088123321533
2,643,3.649325370788574
2,644,3.6456398963928223
2,645,3.6484832763671875
2,646,3.6462273597717285
2,647,3.645549774169922
2,648,3.6510651111602783
2,649,3.6412949562072754
2,650,3.64705228805542
2,651,3.653765916824341
2,652,3.6627182960510254
2,653,3.642702341079712
2,654,3.6400249004364014
2,655,3.6433396339416504
2,656,3.642242431640625
2,657,3.6484360694885254
2,658,3.6391615867614746
2,659,3.6451048851013184
2,660,3.6409554481506348
2,661,3.6551597118377686
2,662,3.656377077102661
2,663,3.654364585876465
2,664,3.6528024673461914
2,665,3.645212411880493
2,666,3.6474106311798096
2,667,3.663215160369873
2,668,3.651498556137085
2,669,3.660813808441162
2,670,3.639793872833252
2,671,3.644411563873291
2,672,3.6463847160339355
2,673,3.6400277614593506
2,674,3.6393299102783203
2,675,3.648296356201172
2,676,3.641411066055298
2,677,3.6466662883758545
2,678,3.6550965309143066
2,679,3.6498618125915527
2,680,3.657505750656128
2,681,3.6638264656066895
2,682,3.650019645690918
2,683,3.6543917655944824
2,684,3.649089813232422
2,685,3.6428911685943604
2,686,3.640087604522705
2,687,3.6364409923553467
2,688,3.648036003112793
2,689,3.6480937004089355
2,690,3.641228199005127
2,691,3.6418442726135254
2,692,3.6444854736328125
2,693,3.650053024291992
2,694,3.6449947357177734
2,695,3.652432441711426
2,696,3.6503043174743652
2,697,3.646798610687256
2,698,3.6437809467315674
2,699,3.6552388668060303
2,700,3.6542420387268066
2,701,3.660672664642334
2,702,3.6603798866271973
2,703,3.6576740741729736
2,704,3.6522140502929688
2,705,3.6477909088134766
2,706,3.648265838623047
2,707,3.653240919113159
2,708,3.64979887008667
2,709,3.647617816925049
2,710,3.6544995307922363
2,711,3.6428050994873047
2,712,3.6505703926086426
2,713,3.655003309249878
2,714,3.6529464721679688
2,715,3.64321231842041
2,716,3.6574153900146484
2,717,3.6504592895507812
2,718,3.65630841255188
2,719,3.646541118621826
2,720,3.641012668609619
2,721,3.657240390777588
2,722,3.6549229621887207
2,723,3.647073268890381
2,724,3.6464881896972656
2,725,3.6447906494140625
2,726,3.6561472415924072
2,727,3.661933422088623
2,728,3.64202880859375
2,729,3.6522696018218994
2,730,3.6378350257873535
2,731,3.632472515106201
2,732,3.6648428440093994
2,733,3.6508870124816895
2,734,3.639866352081299
2,735,3.640084743499756
2,736,3.6397852897644043
2,737,3.6516666412353516
2,738,3.6586873531341553
2,739,3.6516919136047363
2,740,3.6525166034698486
2,741,3.6437485218048096
2,742,3.6508755683898926
2,743,3.6509556770324707
2,744,3.6526591777801514
2,745,3.6506266593933105
2,746,3.64959979057312
2,747,3.6578209400177
2,748,3.6485977172851562
2,749,3.649406909942627
2,750,3.650123119354248
2,751,3.643216371536255
2,752,3.6409754753112793
2,753,3.6340057849884033
2,754,3.652557849884033
2,755,3.6374435424804688
2,756,3.6593756675720215
2,757,3.646589756011963
2,758,3.6472651958465576
2,759,3.649106502532959
2,760,3.6459953784942627
2,761,3.6467652320861816
2,762,3.6552529335021973
2,763,3.646171808242798
2,764,3.6543025970458984
2,765,3.6437265872955322
2,766,3.6475813388824463
2,767,3.643148422241211
2,768,3.65446138381958
2,769,3.6397600173950195
2,770,3.6496708393096924
2,771,3.6577987670898438
2,772,3.6492271423339844
2,773,3.635321617126465
2,774,3.6466596126556396
2,775,3.6488399505615234
2,776,3.6481335163116455
2,777,3.6406750679016113
2,778,3.6518216133117676
2,779,3.646028757095337
2,780,3.644670009613037
3,781,3.6418585777282715
3,782,3.6477956771850586
3,783,3.6538264751434326
3,784,3.64353609085083
3,785,3.642639636993408
3,786,3.6421022415161133
3,787,3.646182060241699
3,788,3.638767719268799
3,789,3.647167205810547
3,790,3.6435232162475586
3,791,3.6448721885681152
3,792,3.6441640853881836
3,793,3.6400256156921387
3,794,3.649404525756836
3,795,3.643359661102295
3,796,3.6455438137054443
3,797,3.6387786865234375
3,798,3.640831708908081
3,799,3.6355414390563965
3,800,3.6446027755737305
3,801,3.655407428741455
3,802,3.6325972080230713
3,803,3.635307788848877
3,804,3.6437716484069824
3,805,3.6483378410339355
3,806,3.6455941200256348
3,807,3.642634153366089
3,808,3.6481168270111084
3,809,3.6326303482055664
3,810,3.6559884548187256
3,811,3.6522560119628906
3,812,3.647373914718628
3,813,3.6436357498168945
3,814,3.6506927013397217
3,815,3.656580924987793
3,816,3.6497349739074707
3,817,3.6448421478271484
3,818,3.649534225463867
3,819,3.6499063968658447
3,820,3.6361172199249268
3,821,3.6496996879577637
3,822,3.66611385345459
3,823,3.645467519760132
3,824,3.6473512649536133
3,825,3.643066644668579
3,826,3.647373914718628
3,827,3.6537997722625732
3,828,3.6533496379852295
3,829,3.6516776084899902
3,830,3.659930944442749
3,831,3.642274856567383
3,832,3.64642333984375
3,833,3.642090082168579
3,834,3.6568045616149902
3,835,3.651930093765259
3,836,3.6613473892211914
3,837,3.6408252716064453
3,838,3.6359760761260986
3,839,3.6439762115478516
3,840,3.6405887603759766
3,841,3.647704601287842
3,842,3.6490039825439453
3,843,3.640711784362793
3,844,3.637397050857544
3,845,3.6404974460601807
3,846,3.642483711242676
3,847,3.6474733352661133
3,848,3.637359142303467
3,849,3.6424670219421387
3,850,3.640125274658203
3,851,3.650252342224121
3,852,3.6478092670440674
3,853,3.6491904258728027
3,854,3.645254611968994
3,855,3.6518735885620117
3,856,3.638695478439331
3,857,3.6471915245056152
3,858,3.6545042991638184
3,859,3.637640953063965
3,860,3.648000478744507
3,861,3.6360673904418945
3,862,3.636718273162842
3,863,3.6521201133728027
3,864,3.6539711952209473
3,865,3.6389575004577637
3,866,3.6473731994628906
3,867,3.6432230472564697
3,868,3.6403393745422363
3,869,3.6561756134033203
3,870,3.6387035846710205
3,871,3.6415157318115234
3,872,3.6389639377593994
3,873,3.6477904319763184
3,874,3.6386559009552
3,875,3.6400671005249023
3,876,3.642979383468628
3,877,3.660212278366089
3,878,3.6578073501586914
3,879,3.648766040802002
3,880,3.643253803253174
3,881,3.639477491378784
3,882,3.651798725128174
3,883,3.6490726470947266
3,884,3.6402602195739746
3,885,3.6565842628479004
3,886,3.6392364501953125
3,887,3.6445038318634033
3,888,3.6451613903045654
3,889,3.6454267501831055
3,890,3.6419193744659424
3,891,3.6411359310150146
3,892,3.6403026580810547
3,893,3.6437370777130127
3,894,3.642235040664673
3,895,3.6430399417877197
3,896,3.643226146697998
3,897,3.659128427505493
3,898,3.6494739055633545
3,899,3.6441290378570557
3,900,3.6469950675964355
3,901,3.6405842304229736
3,902,3.649202823638916
3,903,3.6376888751983643
3,904,3.6444311141967773
3,905,3.642538547515869
3,906,3.6457252502441406
3,907,3.645648956298828
3,908,3.6408040523529053
3,909,3.6430416107177734
3,910,3.639153003692627
3,911,3.6627488136291504
3,912,3.6485114097595215
3,913,3.6349234580993652
3,914,3.639770269393921
3,915,3.640160083770752
3,916,3.6496431827545166
3,917,3.6575441360473633
3,918,3.6465537548065186
3,919,3.63602614402771
3,920,3.6406846046447754
3,921,3.657259941101074
3,922,3.6527581214904785
3,923,3.649355888366699
3,924,3.6545352935791016
3,925,3.6488795280456543
3,926,3.6443142890930176
3,927,3.6690220832824707
3,928,3.648622512817383
3,929,3.643341064453125
3,930,3.636713981628418
3,931,3.6568243503570557
3,932,3.6462771892547607
3,933,3.642080545425415
3,934,3.652228832244873
3,935,3.6417627334594727
3,936,3.6482558250427246
3,937,3.6556639671325684
3,938,3.652611494064331
3,939,3.643423557281494
3,940,3.6598644256591797
3,941,3.6547374725341797
3,942,3.6414403915405273
3,943,3.6542816162109375
3,944,3.634646415710449
3,945,3.645498752593994
3,946,3.6473937034606934
3,947,3.6558241844177246
3,948,3.6533291339874268
3,949,3.6480133533477783
3,950,3.650211811065674
3,951,3.644324779510498
3,952,3.6465487480163574
3,953,3.645908832550049
3,954,3.6521949768066406
3,955,3.6404519081115723
3,956,3.664058208465576
3,957,3.6421539783477783
3,958,3.6454977989196777
3,959,3.6480519771575928
3,960,3.635618209838867
3,961,3.654634475708008
3,962,3.6467509269714355
3,963,3.6547093391418457
3,964,3.654644250869751
3,965,3.650839328765869
3,966,3.6436588764190674
3,967,3.6545865535736084
3,968,3.6536097526550293
3,969,3.6479804515838623
3,970,3.6457254886627197
3,971,3.6529741287231445
3,972,3.641335964202881
3,973,3.6546878814697266
3,974,3.648310422897339
3,975,3.6505980491638184
3,976,3.6440606117248535
3,977,3.643144130706787
3,978,3.650081157684326
3,979,3.644904375076294
3,980,3.6414132118225098
3,981,3.640960693359375
3,982,3.637636661529541
3,983,3.6502740383148193
3,984,3.6484315395355225
3,985,3.6352596282958984
3,986,3.650480270385742
3,987,3.6460273265838623
3,988,3.6479673385620117
3,989,3.650026321411133
3,990,3.6573081016540527
3,991,3.650733470916748
3,992,3.641245126724243
3,993,3.6482348442077637
3,994,3.631403923034668
3,995,3.640894889831543
3,996,3.6368162631988525
3,997,3.653359889984131
3,998,3.648585319519043
3,999,3.6435327529907227
3,1000,3.642930269241333
3,1001,3.656031847000122
3,1002,3.6424615383148193
3,1003,3.647434711456299
3,1004,3.64259934425354
3,1005,3.6447830200195312
3,1006,3.6434147357940674
3,1007,3.6404428482055664
3,1008,3.642672061920166
3,1009,3.652082920074463
3,1010,3.6412174701690674
3,1011,3.645810127258301
3,1012,3.636842727661133
3,1013,3.6450891494750977
3,1014,3.634413003921509
3,1015,3.6487789154052734
3,1016,3.6377599239349365
3,1017,3.652261257171631
3,1018,3.6490509510040283
3,1019,3.6498568058013916
3,1020,3.639620780944824
3,1021,3.6400909423828125
3,1022,3.6466064453125
3,1023,3.6449432373046875
3,1024,3.6400399208068848
3,1025,3.633759021759033
3,1026,3.636301040649414
3,1027,3.646171808242798
3,1028,3.6355741024017334
3,1029,3.636110782623291
3,1030,3.630816698074341
3,1031,3.6407434940338135
3,1032,3.6437361240386963
3,1033,3.6471686363220215
3,1034,3.6454782485961914
3,1035,3.6420929431915283
3,1036,3.645463466644287
3,1037,3.6522791385650635
3,1038,3.640345811843872
3,1039,3.6375889778137207
3,1040,3.637070417404175
3,1041,3.6391263008117676
3,1042,3.6432271003723145
3,1043,3.6378173828125
3,1044,3.648665428161621
3,1045,3.6447670459747314
3,1046,3.6527576446533203
3,1047,3.652167797088623
3,1048,3.640671491622925
3,1049,3.6378531455993652
3,1050,3.6493115425109863
3,1051,3.634263277053833
3,1052,3.6444945335388184
3,1053,3.6262269020080566
3,1054,3.6435656547546387
3,1055,3.6401453018188477
3,1056,3.6458230018615723
3,1057,3.6464343070983887
3,1058,3.648984432220459
3,1059,3.6471221446990967
3,1060,3.6429362297058105
3,1061,3.637803554534912
3,1062,3.6495327949523926
3,1063,3.644618511199951
3,1064,3.636277198791504
3,1065,3.6358203887939453
3,1066,3.649385929107666
3,1067,3.655425786972046
3,1068,3.644378185272217
3,1069,3.6437830924987793
3,1070,3.6446750164031982
3,1071,3.648587942123413
3,1072,3.6456730365753174
3,1073,3.649750232696533
3,1074,3.6469497680664062
3,1075,3.657634735107422
3,1076,3.6397104263305664
3,1077,3.647352695465088
3,1078,3.641397476196289
3,1079,3.6448566913604736
3,1080,3.646294116973877
3,1081,3.6543853282928467
3,1082,3.651488780975342
3,1083,3.6467411518096924
3,1084,3.644216775894165
3,1085,3.6367785930633545
3,1086,3.6564548015594482
3,1087,3.6400973796844482
3,1088,3.6490278244018555
3,1089,3.6410460472106934
3,1090,3.643564462661743
3,1091,3.656252384185791
3,1092,3.650026321411133
3,1093,3.6434218883514404
3,1094,3.645409107208252
3,1095,3.6496269702911377
3,1096,3.643613338470459
3,1097,3.6461620330810547
3,1098,3.6480636596679688
3,1099,3.6419456005096436
3,1100,3.647581100463867
3,1101,3.64505672454834
3,1102,3.640641689300537
3,1103,3.643185615539551
3,1104,3.6416709423065186
3,1105,3.641979217529297
3,1106,3.6247715950012207
3,1107,3.649078369140625
3,1108,3.648000955581665
3,1109,3.6438205242156982
3,1110,3.639413595199585
3,1111,3.6258909702301025
3,1112,3.629812717437744
3,1113,3.6584110260009766
3,1114,3.640162944793701
3,1115,3.641207456588745
3,1116,3.640963554382324
3,1117,3.642383098602295
3,1118,3.638303756713867
3,1119,3.642838478088379
3,1120,3.65022611618042
3,1121,3.644411087036133
3,1122,3.637885332107544
3,1123,3.6409997940063477
3,1124,3.638327121734619
3,1125,3.639967918395996
3,1126,3.64271879196167
3,1127,3.6395020484924316
3,1128,3.638455867767334
3,1129,3.638674259185791
3,1130,3.6427862644195557
3,1131,3.6346936225891113
3,1132,3.64910888671875
3,1133,3.6391706466674805
3,1134,3.6361045837402344
3,1135,3.628640651702881
3,1136,3.6455800533294678
3,1137,3.6430740356445312
3,1138,3.6329102516174316
3,1139,3.6379201412200928
3,1140,3.6389570236206055
3,1141,3.6402788162231445
3,1142,3.6466925144195557
3,1143,3.625311851501465
3,1144,3.654101848602295
3,1145,3.639841079711914
3,1146,3.649289846420288
3,1147,3.648960590362549
3,1148,3.6389517784118652
3,1149,3.6338510513305664
3,1150,3.6390678882598877
3,1151,3.651667594909668
3,1152,3.6441080570220947
3,1153,3.6357333660125732
3,1154,3.631150007247925
3,1155,3.643481731414795
3,1156,3.64432954788208
3,1157,3.650949001312256
3,1158,3.6457581520080566
3,1159,3.6473116874694824
3,1160,3.6343283653259277
3,1161,3.6393513679504395
3,1162,3.637401580810547
3,1163,3.636110544204712
3,1164,3.6525042057037354
3,1165,3.63914155960083
3,1166,3.643761157989502
3,1167,3.6474037170410156
3,1168,3.6394078731536865
3,1169,3.6428232192993164
3,1170,3.6407158374786377
4,1171,3.643770217895508
4,1172,3.6391677856445312
4,1173,3.6408655643463135
4,1174,3.648500919342041
4,1175,3.653865337371826
4,1176,3.6342058181762695
4,1177,3.652646541595459
4,1178,3.6430532932281494
4,1179,3.648324489593506
4,1180,3.6471405029296875
4,1181,3.6479318141937256
4,1182,3.640512466430664
4,1183,3.6451163291931152
4,1184,3.6480307579040527
4,1185,3.629462957382202
4,1186,3.6389923095703125
4,1187,3.642457962036133
4,1188,3.6420512199401855
4,1189,3.6458277702331543
4,1190,3.6462061405181885
4,1191,3.6427879333496094
4,1192,3.647071599960327
4,1193,3.6389989852905273
4,1194,3.641632556915283
4,1195,3.6503963470458984
4,1196,3.6332569122314453
4,1197,3.6410560607910156
4,1198,3.641523838043213
4,1199,3.6402587890625
4,1200,3.641772985458374
4,1201,3.6403231620788574
4,1202,3.6555724143981934
4,1203,3.6488230228424072
4,1204,3.6452951431274414
4,1205,3.63677978515625
4,1206,3.648940324783325
4,1207,3.6350295543670654
4,1208,3.64072322845459
4,1209,3.638674259185791
4,1210,3.644529342651367
4,1211,3.6392245292663574
4,1212,3.649681568145752
4,1213,3.6496987342834473
4,1214,3.6423492431640625
4,1215,3.6360745429992676
4,1216,3.640779972076416
4,1217,3.6416425704956055
4,1218,3.6418564319610596
4,1219,3.6450674533843994
4,1220,3.6420681476593018
4,1221,3.6388001441955566
4,1222,3.639939546585083
4,1223,3.65403413772583
4,1224,3.6431663036346436
4,1225,3.6466760635375977
4,1226,3.6502325534820557
4,1227,3.631195545196533
4,1228,3.638399839401245
4,1229,3.635021448135376
4,1230,3.6388309001922607
4,1231,3.63749623298645
4,1232,3.6442785263061523
4,1233,3.6397526264190674
4,1234,3.6382224559783936
4,1235,3.6304304599761963
4,1236,3.6454975605010986
4,1237,3.6400504112243652
4,1238,3.635991096496582
4,1239,3.6432743072509766
4,1240,3.642024040222168
4,1241,3.6406970024108887
4,1242,3.643174171447754
4,1243,3.6432690620422363
4,1244,3.6341800689697266
4,1245,3.642787456512451
4,1246,3.6320314407348633
4,1247,3.655071258544922
4,1248,3.6464836597442627
4,1249,3.64500093460083
4,1250,3.641080379486084
4,1251,3.6438403129577637
4,1252,3.6401655673980713
4,1253,3.636380910873413
4,1254,3.649117946624756
4,1255,3.6408166885375977
4,1256,3.634359121322632
4,1257,3.635941505432129
4,1258,3.6317238807678223
4,1259,3.640159845352173
4,1260,3.6425395011901855
4,1261,3.646883964538574
4,1262,3.636028289794922
4,1263,3.6506295204162598
4,1264,3.6358795166015625
4,1265,3.638824462890625
4,1266,3.6392059326171875
4,1267,3.6349596977233887
4,1268,3.6552062034606934
4,1269,3.6311635971069336
4,1270,3.6432044506073
4,1271,3.642714023590088
4,1272,3.6438515186309814
4,1273,3.640284538269043
4,1274,3.638423204421997
4,1275,3.6476337909698486
4,1276,3.633890151977539
4,1277,3.6344850063323975
4,1278,3.648176670074463
4,1279,3.646090269088745
4,1280,3.6412928104400635
4,1281,3.6376852989196777
4,1282,3.637920379638672
4,1283,3.635357618331909
4,1284,3.638063430786133
4,1285,3.644932746887207
4,1286,3.6411805152893066
4,1287,3.638192892074585
4,1288,3.6421637535095215
4,1289,3.634809970855713
4,1290,3.6479434967041016
4,1291,3.6353392601013184
4,1292,3.6382369995117188
4,1293,3.6457033157348633
4,1294,3.638892650604248
4,1295,3.647512912750244
4,1296,3.647460460662842
4,1297,3.6343367099761963
4,1298,3.6417622566223145
4,1299,3.6385371685028076
4,1300,3.6523690223693848
4,1301,3.640228271484375
4,1302,3.6363744735717773
4,1303,3.6319637298583984
4,1304,3.642826557159424
4,1305,3.6448020935058594
4,1306,3.652559280395508
4,1307,3.642333507537842
4,1308,3.6427364349365234
4,1309,3.6473817825317383
4,1310,3.638489246368408
4,1311,3.6399238109588623
4,1312,3.64613676071167
4,1313,3.6358072757720947
4,1314,3.6382298469543457
4,1315,3.643519878387451
4,1316,3.6410117149353027
4,1317,3.6419589519500732
4,1318,3.6421446800231934
4,1319,3.631143569946289
4,1320,3.6450862884521484
4,1321,3.6385719776153564
4,1322,3.6449990272521973
4,1323,3.637673854827881
4,1324,3.6445465087890625
4,1325,3.638770580291748
4,1326,3.655042886734009
4,1327,3.6442103385925293
4,1328,3.6379640102386475
4,1329,3.6356425285339355
4,1330,3.6404309272766113
4,1331,3.6421051025390625
4,1332,3.6541802883148193
4,1333,3.6431870460510254
4,1334,3.639723300933838
4,1335,3.631256103515625
4,1336,3.652250289916992
4,1337,3.6541924476623535
4,1338,3.641408681869507
4,1339,3.639646530151367
4,1340,3.638183116912842
4,1341,3.6400632858276367
4,1342,3.6431336402893066
4,1343,3.6429669857025146
4,1344,3.6428792476654053
4,1345,3.640255928039551
4,1346,3.6354687213897705
4,1347,3.6321167945861816
4,1348,3.6490108966827393
4,1349,3.645021438598633
4,1350,3.635815143585205
4,1351,3.6510510444641113
4,1352,3.6532535552978516
4,1353,3.6444618701934814
4,1354,3.640376091003418
4,1355,3.6347455978393555
4,1356,3.650752067565918
4,1357,3.6356778144836426
4,1358,3.642624855041504
4,1359,3.6418299674987793
4,1360,3.64271879196167
4,1361,3.6428380012512207
4,1362,3.6411385536193848
4,1363,3.6407415866851807
4,1364,3.638725519180298
4,1365,3.635824203491211
4,1366,3.629978895187378
4,1367,3.642214775085449
4,1368,3.6371474266052246
4,1369,3.6435272693634033
4,1370,3.639575242996216
4,1371,3.633981227874756
4,1372,3.645390510559082
4,1373,3.645132064819336
4,1374,3.644646406173706
4,1375,3.637986660003662
4,1376,3.63067626953125
4,1377,3.637019157409668
4,1378,3.628870964050293
4,1379,3.632875919342041
4,1380,3.64970326423645
4,1381,3.647839069366455
4,1382,3.6378910541534424
4,1383,3.6473793983459473
4,1384,3.6399312019348145
4,1385,3.646331310272217
4,1386,3.657383918762207
4,1387,3.6376686096191406
4,1388,3.6488513946533203
4,1389,3.6498188972473145
4,1390,3.6404316425323486
4,1391,3.6422219276428223
4,1392,3.649423122406006
4,1393,3.657519817352295
4,1394,3.6502037048339844
4,1395,3.6523494720458984
4,1396,3.660710334777832
4,1397,3.6468234062194824
4,1398,3.6478357315063477
4,1399,3.6514029502868652
4,1400,3.645345449447632
4,1401,3.6562366485595703
4,1402,3.650510787963867
4,1403,3.6437342166900635
4,1404,3.654486656188965
4,1405,3.638500690460205
4,1406,3.6541318893432617
4,1407,3.65618896484375
4,1408,3.657210111618042
4,1409,3.640705108642578
4,1410,3.6405029296875
4,1411,3.64650821685791
4,1412,3.6411046981811523
4,1413,3.64277982711792
4,1414,3.6420228481292725
4,1415,3.6470818519592285
4,1416,3.639542818069458
4,1417,3.6483469009399414
4,1418,3.63908314704895
4,1419,3.6418967247009277
4,1420,3.6377735137939453
4,1421,3.6441686153411865
4,1422,3.6323657035827637
4,1423,3.6313085556030273
4,1424,3.64009952545166
4,1425,3.6326231956481934
4,1426,3.6445112228393555
4,1427,3.645144462585449
4,1428,3.6387386322021484
4,1429,3.6383938789367676
4,1430,3.648533344268799
4,1431,3.6410884857177734
4,1432,3.6398606300354004
4,1433,3.629495859146118
4,1434,3.6380534172058105
4,1435,3.634112596511841
4,1436,3.6473639011383057
4,1437,3.6563973426818848
4,1438,3.639469623565674
4,1439,3.639760971069336
4,1440,3.634028911590576
4,1441,3.64258074760437
4,1442,3.6457905769348145
4,1443,3.62642240524292
4,1444,3.6340298652648926
4,1445,3.642723321914673
4,1446,3.6383070945739746
4,1447,3.637526035308838
4,1448,3.6446826457977295
4,1449,3.6327404975891113
4,1450,3.6341230869293213
4,1451,3.6550915241241455
4,1452,3.6338138580322266
4,1453,3.6443238258361816
4,1454,3.631192684173584
4,1455,3.63958477973938
4,1456,3.640115261077881
4,1457,3.6504428386688232
4,1458,3.6312754154205322
4,1459,3.6386656761169434
4,1460,3.6544413566589355
4,1461,3.636662483215332
4,1462,3.646669864654541
4,1463,3.6403565406799316
4,1464,3.6396844387054443
4,1465,3.642981767654419
4,1466,3.6427769660949707
4,1467,3.6389048099517822
4,1468,3.644066333770752
4,1469,3.638197183609009
4,1470,3.6469311714172363
4,1471,3.6393210887908936
4,1472,3.628756046295166
4,1473,3.6382064819335938
4,1474,3.6375937461853027
4,1475,3.6428332328796387
4,1476,3.6366333961486816
4,1477,3.6464011669158936
4,1478,3.6434154510498047
4,1479,3.6416921615600586
4,1480,3.641845226287842
4,1481,3.6336517333984375
4,1482,3.63681697845459
4,1483,3.642237424850464
4,1484,3.6596970558166504
4,1485,3.643458366394043
4,1486,3.6458091735839844
4,1487,3.661480665206909
4,1488,3.6555843353271484
4,1489,3.6432862281799316
4,1490,3.645702838897705
4,1491,3.6448512077331543
4,1492,3.6438698768615723
4,1493,3.657069444656372
4,1494,3.6516261100769043
4,1495,3.628279209136963
4,1496,3.6499505043029785
4,1497,3.6435327529907227
4,1498,3.6359496116638184
4,1499,3.653887987136841
4,1500,3.6439006328582764
4,1501,3.6404967308044434
4,1502,3.6505956649780273
4,1503,3.6422176361083984
4,1504,3.6340231895446777
4,1505,3.6401681900024414
4,1506,3.6450421810150146
4,1507,3.6446545124053955
4,1508,3.642439365386963
4,1509,3.6452956199645996
4,1510,3.643791675567627
4,1511,3.640385627746582
4,1512,3.6459953784942627
4,1513,3.650538921356201
4,1514,3.635033130645752
4,1515,3.638981342315674
4,1516,3.6447174549102783
4,1517,3.6502208709716797
4,1518,3.6454570293426514
4,1519,3.652575969696045
4,1520,3.642582416534424
4,1521,3.638589859008789
4,1522,3.6381850242614746
4,1523,3.63718318939209
4,1524,3.648378372192383
4,1525,3.63254451751709
4,1526,3.635838508605957
4,1527,3.6412858963012695
4,1528,3.646336555480957
4,1529,3.640871524810791
4,1530,3.6410138607025146
4,1531,3.6475002765655518
4,1532,3.6356475353240967
4,1533,3.638500452041626
4,1534,3.6325345039367676
4,1535,3.638735294342041
4,1536,3.6334805488586426
4,1537,3.640357732772827
4,1538,3.6466383934020996
4,1539,3.6384003162384033
4,1540,3.6301815509796143
4,1541,3.6342034339904785
4,1542,3.63948655128479
4,1543,3.632443428039551
4,1544,3.6390483379364014
4,1545,3.6278672218322754
4,1546,3.6382410526275635
4,1547,3.6394429206848145
4,1548,3.63761830329895
4,1549,3.633167028427124
4,1550,3.6288557052612305
4,1551,3.629429817199707
4,1552,3.6344809532165527
4,1553,3.6297943592071533
4,1554,3.631517171859741
4,1555,3.630510091781616
4,1556,3.6242218017578125
4,1557,3.6533925533294678
4,1558,3.6353564262390137
4,1559,3.636493682861328
4,1560,3.6504271030426025
5,1561,3.6449999809265137
5,1562,3.6322154998779297
5,1563,3.63631534576416
5,1564,3.632352590560913
5,1565,3.6362578868865967
5,1566,3.634272575378418
5,1567,3.6355860233306885
5,1568,3.6464099884033203
5,1569,3.6395559310913086
5,1570,3.6458802223205566
5,1571,3.62758731842041
5,1572,3.631160020828247
5,1573,3.6184191703796387
5,1574,3.6324985027313232
5,1575,3.63905930519104
5,1576,3.6323013305664062
5,1577,3.6352787017822266
5,1578,3.6316142082214355
5,1579,3.6318840980529785
5,1580,3.6296420097351074
5,1581,3.6410059928894043
5,1582,3.639190196990967
5,1583,3.6299972534179688
5,1584,3.6327056884765625
5,1585,3.639298439025879
5,1586,3.637485980987549
5,1587,3.63185453414917
5,1588,3.6341171264648438
5,1589,3.6331915855407715
5,1590,3.6318769454956055
5,1591,3.646024227142334
5,1592,3.6468167304992676
5,1593,3.6353211402893066
5,1594,3.645541191101074
5,1595,3.646087646484375
5,1596,3.6408653259277344
5,1597,3.636146068572998
5,1598,3.6478395462036133
5,1599,3.63881516456604
5,1600,3.648986577987671
5,1601,3.640902519226074
5,1602,3.6462414264678955
5,1603,3.640324115753174
5,1604,3.642300605773926
5,1605,3.643685817718506
5,1606,3.648530960083008
5,1607,3.652383804321289
5,1608,3.6289525032043457
5,1609,3.6361021995544434
5,1610,3.6403870582580566
5,1611,3.631740093231201
5,1612,3.6432430744171143
5,1613,3.6368699073791504
5,1614,3.638291120529175
5,1615,3.6424076557159424
5,1616,3.6371750831604004
5,1617,3.6419596672058105
5,1618,3.6403071880340576
5,1619,3.630645990371704
5,1620,3.638906478881836
5,1621,3.630427360534668
5,1622,3.6354575157165527
5,1623,3.6271915435791016
5,1624,3.636573076248169
5,1625,3.635209083557129
5,1626,3.6342830657958984
5,1627,3.6377389430999756
5,1628,3.628608226776123
5,1629,3.63551664352417
5,1630,3.626107931137085
5,1631,3.6301157474517822
5,1632,3.63960862159729
5,1633,3.638589382171631
5,1634,3.639970541000366
5,1635,3.6385889053344727
5,1636,3.636828899383545
5,1637,3.64776611328125
5,1638,3.633723258972168
5,1639,3.6410796642303467
5,1640,3.642735004425049
5,1641,3.634434938430786
5,1642,3.650489091873169
5,1643,3.644634246826172
5,1644,3.635246753692627
5,1645,3.6393871307373047
5,1646,3.6421732902526855
5,1647,3.6342835426330566
5,1648,3.647948741912842
5,1649,3.642514228820801
5,1650,3.645158529281616
5,1651,3.6308035850524902
5,1652,3.6449856758117676
5,1653,3.6412715911865234
5,1654,3.6394505500793457
5,1655,3.6330888271331787
5,1656,3.6382369995117188
5,1657,3.6445653438568115
5,1658,3.6354665756225586
5,1659,3.6460070610046387
5,1660,3.6384029388427734
5,1661,3.642786979675293
5,1662,3.6405036449432373
5,1663,3.6441898345947266
5,1664,3.6398143768310547
5,1665,3.6293821334838867
5,1666,3.6350488662719727
5,1667,3.646524429321289
5,1668,3.6354787349700928
5,1669,3.639948606491089
5,1670,3.645709276199341
5,1671,3.6410367488861084
5,1672,3.6381635665893555
5,1673,3.646257162094116
5,1674,3.640472412109375
5,1675,3.6427905559539795
5,1676,3.6419620513916016
5,1677,3.63432240486145
5,1678,3.6288225650787354
5,1679,3.6344070434570312
5,1680,3.650754451751709
5,1681,3.6408162117004395
5,1682,3.6284778118133545
5,1683,3.631478786468506
5,1684,3.6334993839263916
5,1685,3.639925003051758
5,1686,3.642244815826416
5,1687,3.6308987140655518
5,1688,3.632413864135742
5,1689,3.6364269256591797
5,1690,3.6341001987457275
5,1691,3.627458333969116
5,1692,3.636348009109497
5,1693,3.6264307498931885
5,1694,3.6437292098999023
5,1695,3.626753568649292
5,1696,3.626403331756592
5,1697,3.62758731842041
5,1698,3.6356868743896484
5,1699,3.6344261169433594
5,1700,3.6304378509521484
5,1701,3.6308298110961914
5,1702,3.6401925086975098
5,1703,3.633086919784546
5,1704,3.6338329315185547
5,1705,3.620584011077881
5,1706,3.6437149047851562
5,1707,3.6362740993499756
5,1708,3.6355297565460205
5,1709,3.624210834503174
5,1710,3.643505573272705
5,1711,3.635167121887207
5,1712,3.6354756355285645
5,1713,3.6278886795043945
5,1714,3.631249189376831
5,1715,3.6312527656555176
5,1716,3.6417641639709473
5,1717,3.62695050239563
5,1718,3.632380723953247
5,1719,3.6332895755767822
5,1720,3.631653070449829
5,1721,3.6356539726257324
5,1722,3.6346287727355957
5,1723,3.6379294395446777
5,1724,3.629824638366699
5,1725,3.628706455230713
5,1726,3.6390020847320557
5,1727,3.636699676513672
5,1728,3.6377553939819336
5,1729,3.6334388256073
5,1730,3.6387696266174316
5,1731,3.6304519176483154
5,1732,3.6439688205718994
5,1733,3.6353440284729004
5,1734,3.6440300941467285
5,1735,3.636061906814575
5,1736,3.6374871730804443
5,1737,3.634059429168701
5,1738,3.6286799907684326
5,1739,3.6278676986694336
5,1740,3.6397972106933594
5,1741,3.6451046466827393
5,1742,3.6422832012176514
5,1743,3.641364097595215
5,1744,3.629176378250122
5,1745,3.6440396308898926
5,1746,3.647361993789673
5,1747,3.634019613265991
5,1748,3.6377129554748535
5,1749,3.624541759490967
5,1750,3.628164291381836
5,1751,3.645353317260742
5,1752,3.6357004642486572
5,1753,3.6343226432800293
5,1754,3.6378347873687744
5,1755,3.637932300567627
5,1756,3.6402599811553955
5,1757,3.6341590881347656
5,1758,3.639216184616089
5,1759,3.6378519535064697
5,1760,3.6311192512512207
5,1761,3.628204584121704
5,1762,3.6374666690826416
5,1763,3.639932155609131
5,1764,3.6400012969970703
5,1765,3.6288955211639404
5,1766,3.6394035816192627
5,1767,3.6495132446289062
5,1768,3.6338653564453125
5,1769,3.650181531906128
5,1770,3.647110939025879
5,1771,3.639314889907837
5,1772,3.6403493881225586
5,1773,3.639345407485962
5,1774,3.64990496635437
5,1775,3.6275100708007812
5,1776,3.6411983966827393
5,1777,3.648671865463257
5,1778,3.6395254135131836
5,1779,3.6382460594177246
5,1780,3.6398143768310547
5,1781,3.640106439590454
5,1782,3.646423816680908
5,1783,3.6501455307006836
5,1784,3.6441855430603027
5,1785,3.642880439758301
5,1786,3.639728546142578
5,1787,3.6381332874298096
5,1788,3.6309523582458496
5,1789,3.6381235122680664
5,1790,3.6398673057556152
5,1791,3.6395153999328613
5,1792,3.6394171714782715
5,1793,3.6373701095581055
5,1794,3.6369400024414062
5,1795,3.646348237991333
5,1796,3.6389193534851074
5,1797,3.6316380500793457
5,1798,3.6348676681518555
5,1799,3.633908271789551
5,1800,3.626707077026367
5,1801,3.6278274059295654
5,1802,3.6395933628082275
5,1803,3.634441375732422
5,1804,3.6407811641693115
5,1805,3.6358590126037598
5,1806,3.6367342472076416
5,1807,3.634254217147827
5,1808,3.6449317932128906
5,1809,3.6332716941833496
5,1810,3.6346092224121094
5,1811,3.6322221755981445
5,1812,3.648388624191284
5,1813,3.6317901611328125
5,1814,3.645801305770874
5,1815,3.6337544918060303
5,1816,3.643077850341797
5,1817,3.6349034309387207
5,1818,3.642066478729248
5,1819,3.6335525512695312
5,1820,3.631157398223877
5,1821,3.639500617980957
5,1822,3.6433000564575195
5,1823,3.6375207901000977
5,1824,3.6444127559661865
5,1825,3.645153522491455
5,1826,3.630131721496582
5,1827,3.639113426208496
5,1828,3.648426055908203
5,1829,3.633181571960449
5,1830,3.6389260292053223
5,1831,3.6450204849243164
5,1832,3.6456024646759033
5,1833,3.6370487213134766
5,1834,3.6361794471740723
5,1835,3.6344408988952637
5,1836,3.6373238563537598
5,1837,3.6362111568450928
5,1838,3.631662368774414
5,1839,3.6388370990753174
5,1840,3.644871950149536
5,1841,3.650084972381592
5,1842,3.639556884765625
5,1843,3.6383895874023438
5,1844,3.637676239013672
5,1845,3.642322301864624
5,1846,3.640918016433716
5,1847,3.63275408744812
5,1848,3.6399545669555664
5,1849,3.641018867492676
5,1850,3.651374340057373
5,1851,3.645314931869507
5,1852,3.640872001647949
5,1853,3.6392316818237305
5,1854,3.6344053745269775
5,1855,3.6343536376953125
5,1856,3.6443614959716797
5,1857,3.637054443359375
5,1858,3.6308279037475586
5,1859,3.635819435119629
5,1860,3.631296396255493
5,1861,3.6328210830688477
5,1862,3.6269760131835938
5,1863,3.6329052448272705
5,1864,3.6375842094421387
5,1865,3.6359853744506836
5,1866,3.6416525840759277
5,1867,3.6356441974639893
5,1868,3.637195587158203
5,1869,3.645596742630005
5,1870,3.6370432376861572
5,1871,3.629427433013916
5,1872,3.637618064880371
5,1873,3.6437363624572754
5,1874,3.643340826034546
5,1875,3.635876417160034
5,1876,3.635958194732666
5,1877,3.6391396522521973
5,1878,3.6371207237243652
5,1879,3.6349453926086426
5,1880,3.643767833709717
5,1881,3.631281614303589
5,1882,3.6480984687805176
5,1883,3.632817029953003
5,1884,3.644343614578247
5,1885,3.636589288711548
5,1886,3.6284823417663574
5,1887,3.6424732208251953
5,1888,3.646913766860962
5,1889,3.6341662406921387
5,1890,3.6366302967071533
5,1891,3.637576103210449
5,1892,3.6540307998657227
5,1893,3.6299846172332764
5,1894,3.642025947570801
5,1895,3.63700008392334
5,1896,3.635359764099121
5,1897,3.6474151611328125
5,1898,3.634204387664795
5,1899,3.643601179122925
5,1900,3.6330573558807373
5,1901,3.644456386566162
5,1902,3.6424975395202637
5,1903,3.641321897506714
5,1904,3.63486385345459
5,1905,3.6355886459350586
5,1906,3.637042284011841
5,1907,3.635066032409668
5,1908,3.636251449584961
5,1909,3.6384096145629883
5,1910,3.6363255977630615
5,1911,3.641002655029297
5,1912,3.638643503189087
5,1913,3.631561279296875
5,1914,3.6330668926239014
5,1915,3.634291648864746
5,1916,3.650691270828247
5,1917,3.6383402347564697
5,1918,3.6322898864746094
5,1919,3.6331839561462402
5,1920,3.641267776489258
5,1921,3.637007474899292
5,1922,3.6315460205078125
5,1923,3.62306809425354
5,1924,3.637256145477295
5,1925,3.6347780227661133
5,1926,3.6323115825653076
5,1927,3.6382365226745605
5,1928,3.636430263519287
5,1929,3.637514591217041
5,1930,3.631476879119873
5,1931,3.644902229309082
5,1932,3.6284782886505127
5,1933,3.6415581703186035
5,1934,3.639418840408325
5,1935,3.635920286178589
5,1936,3.629397392272949
5,1937,3.6386964321136475
5,1938,3.628376007080078
5,1939,3.6534414291381836
5,1940,3.6418533325195312
5,1941,3.6394870281219482
5,1942,3.64098858833313
5,1943,3.6364622116088867
5,1944,3.6398656368255615
5,1945,3.636948823928833
5,1946,3.6322102546691895
5,1947,3.641719341278076
5,1948,3.6419074535369873
5,1949,3.627382278442383
5,1950,3.6372933387756348
6,1951,3.642965316772461
6,1952,3.6489267349243164
6,1953,3.633415699005127
6,1954,3.6337594985961914
6,1955,3.634263515472412
6,1956,3.6443803310394287
6,1957,3.6398110389709473
6,1958,3.6420340538024902
6,1959,3.6454906463623047
6,1960,3.6405038833618164
6,1961,3.642904281616211
6,1962,3.6248297691345215
6,1963,3.6388440132141113
6,1964,3.630073070526123
6,1965,3.648179531097412
6,1966,3.627120018005371
6,1967,3.629868507385254
6,1968,3.6365582942962646
6,1969,3.6531918048858643
6,1970,3.6341800689697266
6,1971,3.636800527572632
6,1972,3.6453447341918945
6,1973,3.638139247894287
6,1974,3.6370081901550293
6,1975,3.641191005706787
6,1976,3.639115571975708
6,1977,3.633596658706665
6,1978,3.6407296657562256
6,1979,3.6448445320129395
6,1980,3.64633846282959
6,1981,3.639991283416748
6,1982,3.6415512561798096
6,1983,3.63438081741333
6,1984,3.6373815536499023
6,1985,3.6438984870910645
6,1986,3.6423535346984863
6,1987,3.625988245010376
6,1988,3.629967212677002
6,1989,3.634338617324829
6,1990,3.632765293121338
6,1991,3.6305975914001465
6,1992,3.6303350925445557
6,1993,3.6310629844665527
6,1994,3.625047206878662
6,1995,3.6289196014404297
6,1996,3.6347861289978027
6,1997,3.6351397037506104
6,1998,3.6317079067230225
6,1999,3.6397390365600586
6,2000,3.629744529724121
6,2001,3.6325790882110596
6,2002,3.625429153442383
6,2003,3.6348254680633545
6,2004,3.6212759017944336
6,2005,3.6290464401245117
6,2006,3.6294970512390137
6,2007,3.6298413276672363
6,2008,3.6359951496124268
6,2009,3.6444311141967773
6,2010,3.638493061065674
6,2011,3.622642755508423
6,2012,3.6356256008148193
6,2013,3.642660617828369
6,2014,3.636563539505005
6,2015,3.633868455886841
6,2016,3.6360743045806885
6,2017,3.630553722381592
6,2018,3.6346397399902344
6,2019,3.6373801231384277
6,2020,3.6359357833862305
6,2021,3.638307809829712
6,2022,3.6429948806762695
6,2023,3.641340494155884
6,2024,3.63596773147583
6,2025,3.639965534210205
6,2026,3.6328630447387695
6,2027,3.6364402770996094
6,2028,3.6285040378570557
6,2029,3.632741928100586
6,2030,3.6296157836914062
6,2031,3.6379380226135254
6,2032,3.6208884716033936
6,2033,3.637862205505371
6,2034,3.6348395347595215
6,2035,3.631131172180176
6,2036,3.6392300128936768
6,2037,3.626335620880127
6,2038,3.635098934173584
6,2039,3.6329097747802734
6,2040,3.6274163722991943
6,2041,3.6361265182495117
6,2042,3.623331308364868
6,2043,3.636474370956421
6,2044,3.6283180713653564
6,2045,3.642244815826416
6,2046,3.636777400970459
6,2047,3.6263856887817383
6,2048,3.6385152339935303
6,2049,3.6432971954345703
6,2050,3.643888473510742
6,2051,3.637718677520752
6,2052,3.6416549682617188
6,2053,3.632657051086426
6,2054,3.637519359588623
6,2055,3.637397289276123
6,2056,3.6488025188446045
6,2057,3.652533531188965
6,2058,3.636646270751953
6,2059,3.6317217350006104
6,2060,3.634830951690674
6,2061,3.6386559009552
6,2062,3.6349523067474365
6,2063,3.631305456161499
6,2064,3.6426498889923096
6,2065,3.633941411972046
6,2066,3.644759178161621
6,2067,3.6409010887145996
6,2068,3.6373960971832275
6,2069,3.633268356323242
6,2070,3.6475539207458496
6,2071,3.6326820850372314
6,2072,3.646895408630371
6,2073,3.6431732177734375
6,2074,3.636276960372925
6,2075,3.628052234649658
6,2076,3.638293743133545
6,2077,3.627476692199707
6,2078,3.627983808517456
6,2079,3.6316874027252197
6,2080,3.627224922180176
6,2081,3.6381630897521973
6,2082,3.634915590286255
6,2083,3.634225606918335
6,2084,3.631362199783325
6,2085,3.630204677581787
6,2086,3.6394572257995605
6,2087,3.622061252593994
6,2088,3.6359786987304688
6,2089,3.6332802772521973
6,2090,3.636801242828369
6,2091,3.639092445373535
6,2092,3.635258913040161
6,2093,3.64145827293396
6,2094,3.6261024475097656
6,2095,3.636090040206909
6,2096,3.6249115467071533
6,2097,3.632648468017578
6,2098,3.625929832458496
6,2099,3.6436033248901367
6,2100,3.632261276245117
6,2101,3.622457265853882
6,2102,3.6340627670288086
6,2103,3.6270904541015625
6,2104,3.635087490081787
6,2105,3.6338019371032715
6,2106,3.6295647621154785
6,2107,3.632356643676758
6,2108,3.6315360069274902
6,2109,3.628133535385132
6,2110,3.6319169998168945
6,2111,3.6327626705169678
6,2112,3.627971649169922
6,2113,3.642178535461426
6,2114,3.6415181159973145
6,2115,3.6232423782348633
6,2116,3.6248927116394043
6,2117,3.6308822631835938
6,2118,3.6376214027404785
6,2119,3.6351943016052246
6,2120,3.63631272315979
6,2121,3.6319687366485596
6,2122,3.634974718093872
6,2123,3.636776924133301
6,2124,3.629288673400879
6,2125,3.6324944496154785
6,2126,3.629460334777832
6,2127,3.6317267417907715
6,2128,3.6239638328552246
6,2129,3.633816719055176
6,2130,3.6346206665039062
6,2131,3.6364693641662598
6,2132,3.633199691772461
6,2133,3.632239580154419
6,2134,3.6268324851989746
6,2135,3.6245152950286865
6,2136,3.635025978088379
6,2137,3.6343092918395996
6,2138,3.639042854309082
6,2139,3.6213314533233643
6,2140,3.6435163021087646
6,2141,3.629472255706787
6,2142,3.636759042739868
6,2143,3.6412971019744873
6,2144,3.639040470123291
6,2145,3.627814769744873
6,2146,3.6419153213500977
6,2147,3.626009225845337
6,2148,3.641842842102051
6,2149,3.631174087524414
6,2150,3.640054702758789
6,2151,3.624835252761841
6,2152,3.6371171474456787
6,2153,3.636392593383789
6,2154,3.6271872520446777
6,2155,3.636991500854492
6,2156,3.6417388916015625
6,2157,3.6323797702789307
6,2158,3.6299479007720947
6,2159,3.629502058029175
6,2160,3.6356258392333984
6,2161,3.640005111694336
6,2162,3.636841058731079
6,2163,3.638916254043579
6,2164,3.6280083656311035
6,2165,3.634610652923584
6,2166,3.6393990516662598
6,2167,3.6393795013427734
6,2168,3.637977123260498
6,2169,3.6395766735076904
6,2170,3.6352453231811523
6,2171,3.633652687072754
6,2172,3.6291608810424805
6,2173,3.628037452697754
6,2174,3.6401891708374023
6,2175,3.6413962841033936
6,2176,3.62628173828125
6,2177,3.636442184448242
6,2178,3.6320736408233643
6,2179,3.632020950317383
6,2180,3.6400933265686035
6,2181,3.6287899017333984
6,2182,3.635331153869629
6,2183,3.6238348484039307
6,2184,3.6392412185668945
6,2185,3.6342759132385254
6,2186,3.6284866333007812
6,2187,3.624774217605591
6,2188,3.625913143157959
6,2189,3.6176586151123047
6,2190,3.6251707077026367
6,2191,3.626750946044922
6,2192,3.6264026165008545
6,2193,3.6255979537963867
6,2194,3.641347646713257
6,2195,3.630164384841919
6,2196,3.624342203140259
6,2197,3.6352970600128174
6,2198,3.6352992057800293
6,2199,3.626382827758789
6,2200,3.635383129119873
6,2201,3.637260913848877
6,2202,3.6296377182006836
6,2203,3.6310298442840576
6,2204,3.636263370513916
6,2205,3.6249427795410156
6,2206,3.6276237964630127
6,2207,3.6347403526306152
6,2208,3.631016969680786
6,2209,3.6399621963500977
6,2210,3.6338768005371094
6,2211,3.642249584197998
6,2212,3.6307382583618164
6,2213,3.6426374912261963
6,2214,3.6302976608276367
6,2215,3.6271116733551025
6,2216,3.626781463623047
6,2217,3.6255078315734863
6,2218,3.62151837348938
6,2219,3.6303558349609375
6,2220,3.6300997734069824
6,2221,3.6285130977630615
6,2222,3.6378917694091797
6,2223,3.625971794128418
6,2224,3.6276626586914062
6,2225,3.622851610183716
6,2226,3.638378620147705
6,2227,3.6256656646728516
6,2228,3.6365208625793457
6,2229,3.6288270950317383
6,2230,3.6282763481140137
6,2231,3.627012252807617
6,2232,3.6269173622131348
6,2233,3.6302924156188965
6,2234,3.6350107192993164
6,2235,3.6265883445739746
6,2236,3.6305458545684814
6,2237,3.6366090774536133
6,2238,3.633056163787842
6,2239,3.6187801361083984
6,2240,3.6277353763580322
6,2241,3.628115177154541
6,2242,3.628185749053955
6,2243,3.6250922679901123
6,2244,3.6463170051574707
6,2245,3.630373477935791
6,2246,3.6311559677124023
6,2247,3.635239839553833
6,2248,3.6281917095184326
6,2249,3.629326820373535
6,2250,3.626544713973999
6,2251,3.6376328468322754
6,2252,3.6309659481048584
6,2253,3.6204075813293457
6,2254,3.632607936859131
6,2255,3.6319193840026855
6,2256,3.635390281677246
6,2257,3.633582592010498
6,2258,3.63281512260437
6,2259,3.6392149925231934
6,2260,3.6343586444854736
6,2261,3.6235098838806152
6,2262,3.6356213092803955
6,2263,3.6323294639587402
6,2264,3.6267881393432617
6,2265,3.626018524169922
6,2266,3.637340545654297
6,2267,3.6267685890197754
6,2268,3.6293885707855225
6,2269,3.629169225692749
6,2270,3.6276321411132812
6,2271,3.6290283203125
6,2272,3.634976387023926
6,2273,3.6255483627319336
6,2274,3.6299073696136475
6,2275,3.6276140213012695
6,2276,3.63407039642334
6,2277,3.6294803619384766
6,2278,3.63504695892334
6,2279,3.6300063133239746
6,2280,3.626117706298828
6,2281,3.6311209201812744
6,2282,3.6481237411499023
6,2283,3.6263253688812256
6,2284,3.636563539505005
6,2285,3.6423935890197754
6,2286,3.635296106338501
6,2287,3.626187801361084
6,2288,3.632652521133423
6,2289,3.637108087539673
6,2290,3.639512062072754
6,2291,3.6314613819122314
6,2292,3.6405386924743652
6,2293,3.6255111694335938
6,2294,3.6448099613189697
6,2295,3.6517975330352783
6,2296,3.632646322250366
6,2297,3.629901170730591
6,2298,3.630814552307129
6,2299,3.6344919204711914
6,2300,3.631749391555786
6,2301,3.6286778450012207
6,2302,3.636861801147461
6,2303,3.6303915977478027
6,2304,3.631354808807373
6,2305,3.6359634399414062
6,2306,3.6288890838623047
6,2307,3.630091667175293
6,2308,3.6344480514526367
6,2309,3.6298274993896484
6,2310,3.6330833435058594
6,2311,3.628495216369629
6,2312,3.628838062286377
6,2313,3.6392784118652344
6,2314,3.6265692710876465
6,2315,3.619485378265381
6,2316,3.6274073123931885
6,2317,3.624244213104248
6,2318,3.625896692276001
6,2319,3.639395236968994
6,2320,3.6296279430389404
6,2321,3.6354429721832275
6,2322,3.6320810317993164
6,2323,3.6301088333129883
6,2324,3.6276865005493164
6,2325,3.6226143836975098
6,2326,3.6298141479492188
6,2327,3.630157232284546
6,2328,3.61971116065979
6,2329,3.6264700889587402
6,2330,3.621204376220703
6,2331,3.625216007232666
6,2332,3.6151633262634277
6,2333,3.6158266067504883
6,2334,3.629988193511963
6,2335,3.626115560531616
6,2336,3.6309330463409424
6,2337,3.6220717430114746
6,2338,3.6240234375
6,2339,3.6304214000701904
6,2340,3.6235523223876953
7,2341,3.6318960189819336
7,2342,3.6289093494415283
7,2343,3.6368906497955322
7,2344,3.6319022178649902
7,2345,3.6222481727600098
7,2346,3.626028537750244
7,2347,3.6279048919677734
7,2348,3.6224112510681152
7,2349,3.639777898788452
7,2350,3.627321243286133
7,2351,3.631413459777832
7,2352,3.622385025024414
7,2353,3.631038188934326
7,2354,3.6218769550323486
7,2355,3.632993698120117
7,2356,3.634779214859009
7,2357,3.629380226135254
7,2358,3.616971015930176
7,2359,3.6254682540893555
7,2360,3.6313564777374268
7,2361,3.616215705871582
7,2362,3.6313509941101074
7,2363,3.6312851905822754
7,2364,3.631533145904541
7,2365,3.6264257431030273
7,2366,3.6269946098327637
7,2367,3.642524242401123
7,2368,3.624337673187256
7,2369,3.6297738552093506
7,2370,3.6254055500030518
7,2371,3.625082492828369
7,2372,3.6323351860046387
7,2373,3.61995267868042
7,2374,3.6261327266693115
7,2375,3.6290736198425293
7,2376,3.6277313232421875
7,2377,3.633249282836914
7,2378,3.6306560039520264
7,2379,3.632894992828369
7,2380,3.6344475746154785
7,2381,3.6260547637939453
7,2382,3.6389029026031494
7,2383,3.629741668701172
7,2384,3.6306092739105225
7,2385,3.6339921951293945
7,2386,3.6304755210876465
7,2387,3.6312520503997803
7,2388,3.638303756713867
7,2389,3.62565279006958
7,2390,3.634434223175049
7,2391,3.6282472610473633
7,2392,3.6225907802581787
7,2393,3.6277308464050293
7,2394,3.6300175189971924
7,2395,3.615091323852539
7,2396,3.6272664070129395
7,2397,3.63059401512146
7,2398,3.621612071990967
7,2399,3.638171672821045
7,2400,3.625187397003174
7,2401,3.6268510818481445
7,2402,3.6390023231506348
7,2403,3.6395249366760254
7,2404,3.639273166656494
7,2405,3.635282039642334
7,2406,3.6300599575042725
7,2407,3.6276144981384277
7,2408,3.6349024772644043
7,2409,3.6268177032470703
7,2410,3.6335175037384033
7,2411,3.627020835876465
7,2412,3.6232151985168457
7,2413,3.6256635189056396
7,2414,3.6284475326538086
7,2415,3.6431260108947754
7,2416,3.6275458335876465
7,2417,3.62522029876709
7,2418,3.6334409713745117
7,2419,3.633089780807495
7,2420,3.634615421295166
7,2421,3.6247639656066895
7,2422,3.6262383460998535
7,2423,3.6345901489257812
7,2424,3.625575542449951
7,2425,3.623964548110962
7,2426,3.6350128650665283
7,2427,3.6292130947113037
7,2428,3.6323773860931396
7,2429,3.629321336746216
7,2430,3.6298117637634277
7,2431,3.6360602378845215
7,2432,3.6285929679870605
7,2433,3.637307643890381
7,2434,3.624058246612549
7,2435,3.6258292198181152
7,2436,3.6338062286376953
7,2437,3.623286724090576
7,2438,3.6372804641723633
7,2439,3.6312689781188965
7,2440,3.634357213973999
7,2441,3.625957727432251
7,2442,3.629084587097168
7,2443,3.62481951713562
7,2444,3.629077911376953
7,2445,3.6249470710754395
7,2446,3.632075786590576
7,2447,3.636810779571533
7,2448,3.6328725814819336
7,2449,3.6219358444213867
7,2450,3.626573085784912
7,2451,3.632972240447998
7,2452,3.625185012817383
7,2453,3.6377146244049072
7,2454,3.6213066577911377
7,2455,3.6304359436035156
7,2456,3.6253952980041504
7,2457,3.632455825805664
7,2458,3.6236555576324463
7,2459,3.637503147125244
7,2460,3.6353890895843506
7,2461,3.622218370437622
7,2462,3.6279988288879395
7,2463,3.62595796585083
7,2464,3.631119728088379
7,2465,3.6288065910339355
7,2466,3.6341872215270996
7,2467,3.6285934448242188
7,2468,3.6223256587982178
7,2469,3.6176071166992188
7,2470,3.6262476444244385
7,2471,3.629312515258789
7,2472,3.627408742904663
7,2473,3.6284492015838623
7,2474,3.633444309234619
7,2475,3.639479637145996
7,2476,3.626126527786255
7,2477,3.632028102874756
7,2478,3.6220555305480957
7,2479,3.634152412414551
7,2480,3.6239922046661377
7,2481,3.63293194770813
7,2482,3.6198525428771973
7,2483,3.6279685497283936
7,2484,3.624154567718506
7,2485,3.6308398246765137
7,2486,3.630056381225586
7,2487,3.627346992492676
7,2488,3.628899097442627
7,2489,3.6277551651000977
7,2490,3.62969708442688
7,2491,3.6252195835113525
7,2492,3.6238420009613037
7,2493,3.6296958923339844
7,2494,3.6240272521972656
7,2495,3.62392520904541
7,2496,3.636002779006958
7,2497,3.6248536109924316
7,2498,3.6493935585021973
7,2499,3.6343398094177246
7,2500,3.632228136062622
7,2501,3.6253185272216797
7,2502,3.6315207481384277
7,2503,3.643988609313965
7,2504,3.6330742835998535
7,2505,3.6375293731689453
7,2506,3.6329073905944824
7,2507,3.6393282413482666
7,2508,3.6374683380126953
7,2509,3.624953269958496
7,2510,3.6285338401794434
7,2511,3.630145788192749
7,2512,3.6402196884155273
7,2513,3.632883310317993
7,2514,3.6317758560180664
7,2515,3.636229991912842
7,2516,3.638735294342041
7,2517,3.630018472671509
7,2518,3.620548725128174
7,2519,3.6291210651397705
7,2520,3.632371425628662
7,2521,3.6210086345672607
7,2522,3.6341872215270996
7,2523,3.62642240524292
7,2524,3.6259424686431885
7,2525,3.625359535217285
7,2526,3.6256890296936035
7,2527,3.6284613609313965
7,2528,3.618772029876709
7,2529,3.632488250732422
7,2530,3.627993583679199
7,2531,3.6266283988952637
7,2532,3.633657455444336
7,2533,3.6183362007141113
7,2534,3.6258113384246826
7,2535,3.625977039337158
7,2536,3.6331706047058105
7,2537,3.630047559738159
7,2538,3.6243691444396973
7,2539,3.635800838470459
7,2540,3.6250014305114746
7,2541,3.624159097671509
7,2542,3.619387626647949
7,2543,3.633420944213867
7,2544,3.629317283630371
7,2545,3.631053924560547
7,2546,3.631242275238037
7,2547,3.626345157623291
7,2548,3.6283059120178223
7,2549,3.6295599937438965
7,2550,3.633420467376709
7,2551,3.625450849533081
7,2552,3.6233434677124023
7,2553,3.620406150817871
7,2554,3.6191554069519043
7,2555,3.643427848815918
7,2556,3.6209492683410645
7,2557,3.614734172821045
7,2558,3.6297130584716797
7,2559,3.6221141815185547
7,2560,3.6208770275115967
7,2561,3.6202404499053955
7,2562,3.6195061206817627
7,2563,3.626922607421875
7,2564,3.625802755355835
7,2565,3.6191699504852295
7,2566,3.6285324096679688
7,2567,3.6321539878845215
7,2568,3.6210100650787354
7,2569,3.6249265670776367
7,2570,3.623915195465088
7,2571,3.619976043701172
7,2572,3.6188015937805176
7,2573,3.6240437030792236
7,2574,3.627333164215088
7,2575,3.625889301300049
7,2576,3.6260428428649902
7,2577,3.6200737953186035
7,2578,3.6148781776428223
7,2579,3.6247663497924805
7,2580,3.6249847412109375
7,2581,3.6227660179138184
7,2582,3.624904155731201
7,2583,3.6405606269836426
7,2584,3.6305060386657715
7,2585,3.627885580062866
7,2586,3.623955249786377
7,2587,3.6276936531066895
7,2588,3.6354522705078125
7,2589,3.630458354949951
7,2590,3.6240503787994385
7,2591,3.6226634979248047
7,2592,3.632249593734741
7,2593,3.626579761505127
7,2594,3.6311984062194824
7,2595,3.6363258361816406
7,2596,3.6324257850646973
7,2597,3.624051094055176
7,2598,3.6241207122802734
7,2599,3.6256213188171387
7,2600,3.6347081661224365
7,2601,3.632938861846924
7,2602,3.6251211166381836
7,2603,3.6213293075561523
7,2604,3.638467311859131
7,2605,3.630169630050659
7,2606,3.6323599815368652
7,2607,3.629444122314453
7,2608,3.6205084323883057
7,2609,3.6244144439697266
7,2610,3.6246097087860107
7,2611,3.623955249786377
7,2612,3.621551275253296
7,2613,3.6247143745422363
7,2614,3.6258280277252197
7,2615,3.622793197631836
7,2616,3.620222568511963
7,2617,3.639936923980713
7,2618,3.6193642616271973
7,2619,3.632753372192383
7,2620,3.627817392349243
7,2621,3.6308276653289795
7,2622,3.630260944366455
7,2623,3.6258769035339355
7,2624,3.6253366470336914
7,2625,3.629504680633545
7,2626,3.6317572593688965
7,2627,3.6251566410064697
7,2628,3.622702121734619
7,2629,3.626216173171997
7,2630,3.6243786811828613
7,2631,3.628910541534424
7,2632,3.6262688636779785
7,2633,3.6298580169677734
7,2634,3.627060890197754
7,2635,3.6327202320098877
7,2636,3.627380609512329
7,2637,3.62982177734375
7,2638,3.6270627975463867
7,2639,3.6241648197174072
7,2640,3.6330509185791016
7,2641,3.6320366859436035
7,2642,3.6277663707733154
7,2643,3.6294426918029785
7,2644,3.632112979888916
7,2645,3.6215877532958984
7,2646,3.6279103755950928
7,2647,3.6250686645507812
7,2648,3.6265640258789062
7,2649,3.633256435394287
7,2650,3.6199982166290283
7,2651,3.622548818588257
7,2652,3.6266839504241943
7,2653,3.6247639656066895
7,2654,3.6249756813049316
7,2655,3.629971981048584
7,2656,3.624027729034424
7,2657,3.620426893234253
7,2658,3.622282028198242
7,2659,3.628547191619873
7,2660,3.630972146987915
7,2661,3.6373066902160645
7,2662,3.6392807960510254
7,2663,3.622972249984741
7,2664,3.631930351257324
7,2665,3.6271698474884033
7,2666,3.6279098987579346
7,2667,3.627556085586548
7,2668,3.6309995651245117
7,2669,3.626641273498535
7,2670,3.630953788757324
7,2671,3.633571147918701
7,2672,3.623718023300171
7,2673,3.627933979034424
7,2674,3.6292738914489746
7,2675,3.6226391792297363
7,2676,3.631713628768921
7,2677,3.62161922454834
7,2678,3.627218723297119
7,2679,3.62111234664917
7,2680,3.620100259780884
7,2681,3.629493236541748
7,2682,3.6153628826141357
7,2683,3.6214919090270996
7,2684,3.6244869232177734
7,2685,3.630640983581543
7,2686,3.6262269020080566
7,2687,3.6257615089416504
7,2688,3.6342811584472656
7,2689,3.625605583190918
7,2690,3.6282544136047363
7,2691,3.627964973449707
7,2692,3.6252546310424805
7,2693,3.635502815246582
7,2694,3.619767665863037
7,2695,3.6337778568267822
7,2696,3.639434814453125
7,2697,3.6163997650146484
7,2698,3.630496025085449
7,2699,3.6271560192108154
7,2700,3.6257071495056152
7,2701,3.62746000289917
7,2702,3.625413417816162
7,2703,3.627746343612671
7,2704,3.6206743717193604
7,2705,3.630254030227661
7,2706,3.6262595653533936
7,2707,3.621159553527832
7,2708,3.623950242996216
7,2709,3.6342782974243164
7,2710,3.622870922088623
7,2711,3.6318840980529785
7,2712,3.6257777214050293
7,2713,3.623497486114502
7,2714,3.631138324737549
7,2715,3.6216068267822266
7,2716,3.6327478885650635
7,2717,3.631814956665039
7,2718,3.631953239440918
7,2719,3.6271939277648926
7,2720,3.632349967956543
7,2721,3.6349945068359375
7,2722,3.632476806640625
7,2723,3.630563735961914
7,2724,3.629014015197754
7,2725,3.6301825046539307
7,2726,3.6317968368530273
7,2727,3.6307945251464844
7,2728,3.6294312477111816
7,2729,3.6319241523742676
7,2730,3.631350517272949
8,2731,3.638136625289917
8,2732,3.6264524459838867
8,2733,3.625504493713379
8,2734,3.6252143383026123
8,2735,3.630368232727051
8,2736,3.6317272186279297
8,2737,3.635645866394043
8,2738,3.63857102394104
8,2739,3.6281745433807373
8,2740,3.630582809448242
8,2741,3.6219778060913086
8,2742,3.625204563140869
8,2743,3.619863271713257
8,2744,3.623507022857666
8,2745,3.6253585815429688
8,2746,3.6227903366088867
8,2747,3.620804786682129
8,2748,3.6225483417510986
8,2749,3.6219680309295654
8,2750,3.621445894241333
8,2751,3.629690647125244
8,2752,3.621765613555908
8,2753,3.6247482299804688
8,2754,3.6239876747131348
8,2755,3.625305652618408
8,2756,3.637647867202759
8,2757,3.6272599697113037
8,2758,3.633039951324463
8,2759,3.6271586418151855
8,2760,3.6393065452575684
8,2761,3.6222705841064453
8,2762,3.6282918453216553
8,2763,3.6252834796905518
8,2764,3.62221097946167
8,2765,3.6281471252441406
8,2766,3.628358840942383
8,2767,3.624256134033203
8,2768,3.6258325576782227
8,2769,3.6247994899749756
8,2770,3.6266067028045654
8,2771,3.620116710662842
8,2772,3.626493453979492
8,2773,3.6297788619995117
8,2774,3.6278910636901855
8,2775,3.6311659812927246
8,2776,3.618591785430908
8,2777,3.6217849254608154
8,2778,3.624540090560913
8,2779,3.6303670406341553
8,2780,3.6316795349121094
8,2781,3.6289467811584473
8,2782,3.6331000328063965
8,2783,3.6240763664245605
8,2784,3.619290590286255
8,2785,3.6316685676574707
8,2786,3.6209585666656494
8,2787,3.61956787109375
8,2788,3.6342720985412598
8,2789,3.6302385330200195
8,2790,3.6286654472351074
8,2791,3.6254804134368896
8,2792,3.622305393218994
8,2793,3.6135640144348145
8,2794,3.6331591606140137
8,2795,3.627185344696045
8,2796,3.624997615814209
8,2797,3.6299586296081543
8,2798,3.6193299293518066
8,2799,3.617995500564575
8,2800,3.6306004524230957
8,2801,3.6266095638275146
8,2802,3.629317283630371
8,2803,3.626593828201294
8,2804,3.6200449466705322
8,2805,3.6267404556274414
8,2806,3.6277174949645996
8,2807,3.6259522438049316
8,2808,3.6236512660980225
8,2809,3.6308882236480713
8,2810,3.624932289123535
8,2811,3.6303420066833496
8,2812,3.619277000427246
8,2813,3.6289217472076416
8,2814,3.624330997467041
8,2815,3.624107599258423
8,2816,3.624485969543457
8,2817,3.620540142059326
8,2818,3.632584571838379
8,2819,3.6272711753845215
8,2820,3.6238067150115967
8,2821,3.6256160736083984
8,2822,3.6234889030456543
8,2823,3.630995035171509
8,2824,3.6217594146728516
8,2825,3.6251254081726074
8,2826,3.6232411861419678
8,2827,3.621854305267334
8,2828,3.6326067447662354
8,2829,3.625401496887207
8,2830,3.623814821243286
8,2831,3.621582508087158
8,2832,3.6234734058380127
8,2833,3.6279988288879395
8,2834,3.6254396438598633
8,2835,3.6241261959075928
8,2836,3.614198684692383
8,2837,3.6209311485290527
8,2838,3.6177804470062256
8,2839,3.6230711936950684
8,2840,3.6255805492401123
8,2841,3.623737096786499
8,2842,3.6271419525146484
8,2843,3.6205620765686035
8,2844,3.622755289077759
8,2845,3.6178641319274902
8,2846,3.617833137512207
8,2847,3.6163992881774902
8,2848,3.625194549560547
8,2849,3.633737087249756
8,2850,3.618046522140503
8,2851,3.613126277923584
8,2852,3.6215176582336426
8,2853,3.618462324142456
8,2854,3.61877179145813
8,2855,3.620244264602661
8,2856,3.626194477081299
8,2857,3.628181219100952
8,2858,3.626885175704956
8,2859,3.6290042400360107
8,2860,3.6208736896514893
8,2861,3.6204276084899902
8,2862,3.617966651916504
8,2863,3.624655246734619
8,2864,3.6310606002807617
8,2865,3.6273698806762695
8,2866,3.6294753551483154
8,2867,3.617218494415283
8,2868,3.6240992546081543
8,2869,3.6255364418029785
8,2870,3.62750244140625
8,2871,3.6285197734832764
8,2872,3.620319366455078
8,2873,3.6281180381774902
8,2874,3.6348040103912354
8,2875,3.625005006790161
8,2876,3.638422966003418
8,2877,3.622138261795044
8,2878,3.6287829875946045
8,2879,3.6296119689941406
8,2880,3.642003059387207
8,2881,3.627225160598755
8,2882,3.6319427490234375
8,2883,3.635138511657715
8,2884,3.6306076049804688
8,2885,3.624307155609131
8,2886,3.631343126296997
8,2887,3.6200459003448486
8,2888,3.6250247955322266
8,2889,3.6292483806610107
8,2890,3.627448558807373
8,2891,3.636380910873413
8,2892,3.6211531162261963
8,2893,3.6327850818634033
8,2894,3.6218812465667725
8,2895,3.6263957023620605
8,2896,3.630056858062744
8,2897,3.620589256286621
8,2898,3.630758762359619
8,2899,3.6254024505615234
8,2900,3.62689208984375
8,2901,3.6300840377807617
8,2902,3.624661922454834
8,2903,3.6212711334228516
8,2904,3.637507915496826
8,2905,3.6209330558776855
8,2906,3.629605293273926
8,2907,3.6253156661987305
8,2908,3.634035110473633
8,2909,3.62786865234375
8,2910,3.6327502727508545
8,2911,3.626333236694336
8,2912,3.6229429244995117
8,2913,3.6155614852905273
8,2914,3.6203320026397705
8,2915,3.626617908477783
8,2916,3.6225900650024414
8,2917,3.629735231399536
8,2918,3.6240429878234863
8,2919,3.624619960784912
8,2920,3.617457628250122
8,2921,3.6300244331359863
8,2922,3.6233768463134766
8,2923,3.628573417663574
8,2924,3.6224141120910645
8,2925,3.622407913208008
8,2926,3.6291422843933105
8,2927,3.6131417751312256
8,2928,3.6248416900634766
8,2929,3.614246129989624
8,2930,3.6349971294403076
8,2931,3.6234469413757324
8,2932,3.61818265914917
8,2933,3.6244211196899414
8,2934,3.6256771087646484
8,2935,3.624664783477783
8,2936,3.619312286376953
8,2937,3.637430191040039
8,2938,3.6243228912353516
8,2939,3.633768081665039
8,2940,3.632481575012207
8,2941,3.622070550918579
8,2942,3.62253999710083
8,2943,3.6256256103515625
8,2944,3.624819278717041
8,2945,3.6263091564178467
8,2946,3.632510185241699
8,2947,3.6190083026885986
8,2948,3.6245055198669434
8,2949,3.6221158504486084
8,2950,3.6227991580963135
8,2951,3.6190528869628906
8,2952,3.6244397163391113
8,2953,3.634502410888672
8,2954,3.6266632080078125
8,2955,3.62044358253479
8,2956,3.6194233894348145
8,2957,3.6325764656066895
8,2958,3.6318318843841553
8,2959,3.6272244453430176
8,2960,3.625926971435547
8,2961,3.638721466064453
8,2962,3.634357452392578
8,2963,3.6181893348693848
8,2964,3.628688335418701
8,2965,3.6320438385009766
8,2966,3.6228883266448975
8,2967,3.627272367477417
8,2968,3.6306986808776855
8,2969,3.6263654232025146
8,2970,3.627410411834717
8,2971,3.6255273818969727
8,2972,3.627955198287964
8,2973,3.628695487976074
8,2974,3.6234488487243652
8,2975,3.622936725616455
8,2976,3.6276800632476807
8,2977,3.6239542961120605
8,2978,3.6267483234405518
8,2979,3.625354528427124
8,2980,3.620389223098755
8,2981,3.624204158782959
8,2982,3.6250710487365723
8,2983,3.6240336894989014
8,2984,3.6214632987976074
8,2985,3.624438762664795
8,2986,3.624817132949829
8,2987,3.620227336883545
8,2988,3.62320613861084
8,2989,3.629359483718872
8,2990,3.627750873565674
8,2991,3.618684768676758
8,2992,3.6228954792022705
8,2993,3.628917932510376
8,2994,3.619354009628296
8,2995,3.624690294265747
8,2996,3.615536689758301
8,2997,3.6279640197753906
8,2998,3.6202032566070557
8,2999,3.6167430877685547
8,3000,3.6119418144226074
8,3001,3.6286354064941406
8,3002,3.6296639442443848
8,3003,3.6201024055480957
8,3004,3.618682384490967
8,3005,3.6311323642730713
8,3006,3.6178197860717773
8,3007,3.6249356269836426
8,3008,3.6189568042755127
8,3009,3.617466926574707
8,3010,3.614203453063965
8,3011,3.621351718902588
8,3012,3.6275687217712402
8,3013,3.6219701766967773
8,3014,3.6198816299438477
8,3015,3.61891508102417
8,3016,3.6292617321014404
8,3017,3.625354290008545
8,3018,3.621487617492676
8,3019,3.623093605041504
8,3020,3.6268808841705322
8,3021,3.626105308532715
8,3022,3.625211000442505
8,3023,3.6253249645233154
8,3024,3.617541551589966
8,3025,3.627547264099121
8,3026,3.6256980895996094
8,3027,3.6271274089813232
8,3028,3.634598731994629
8,3029,3.621644973754883
8,3030,3.622929811477661
8,3031,3.6270229816436768
8,3032,3.6355390548706055
8,3033,3.622011184692383
8,3034,3.621436834335327
8,3035,3.627492904663086
8,3036,3.619704246520996
8,3037,3.621577024459839
8,3038,3.6213879585266113
8,3039,3.6254968643188477
8,3040,3.62484073638916
8,3041,3.6218783855438232
8,3042,3.624593734741211
8,3043,3.6237006187438965
8,3044,3.6225709915161133
8,3045,3.6203432083129883
8,3046,3.6208457946777344
8,3047,3.628340482711792
8,3048,3.6232080459594727
8,3049,3.624777317047119
8,3050,3.620835304260254
8,3051,3.620863914489746
8,3052,3.6180291175842285
8,3053,3.625800609588623
8,3054,3.625793218612671
8,3055,3.6231489181518555
8,3056,3.62520170211792
8,3057,3.617191791534424
8,3058,3.621971845626831
8,3059,3.619378089904785
8,3060,3.612987995147705
8,3061,3.6264829635620117
8,3062,3.6230015754699707
8,3063,3.62929105758667
8,3064,3.6155734062194824
8,3065,3.6218180656433105
8,3066,3.6266679763793945
8,3067,3.630972385406494
8,3068,3.6221885681152344
8,3069,3.6256308555603027
8,3070,3.6214218139648438
8,3071,3.625072479248047
8,3072,3.618908643722534
8,3073,3.632012367248535
8,3074,3.6204333305358887
8,3075,3.619685173034668
8,3076,3.617685317993164
8,3077,3.6303606033325195
8,3078,3.6309263706207275
8,3079,3.62766695022583
8,3080,3.6193737983703613
8,3081,3.6156554222106934
8,3082,3.6185154914855957
8,3083,3.625580310821533
8,3084,3.6094954013824463
8,3085,3.620138168334961
8,3086,3.6220784187316895
8,3087,3.62618088722229
8,3088,3.6192946434020996
8,3089,3.620321273803711
8,3090,3.624542713165283
8,3091,3.6238207817077637
8,3092,3.6207900047302246
8,3093,3.621872663497925
8,3094,3.615065097808838
8,3095,3.6239490509033203
8,3096,3.6255300045013428
8,3097,3.621310234069824
8,3098,3.6144161224365234
8,3099,3.620330572128296
8,3100,3.619001865386963
8,3101,3.6274335384368896
8,3102,3.6255600452423096
8,3103,3.6256179809570312
8,3104,3.625988006591797
8,3105,3.618546962738037
8,3106,3.6147279739379883
8,3107,3.626948356628418
8,3108,3.6283516883850098
8,3109,3.62430477142334
8,3110,3.6288700103759766
8,3111,3.61611270904541
8,3112,3.616513729095459
8,3113,3.6240129470825195
8,3114,3.6282663345336914
8,3115,3.6192147731781006
8,3116,3.6243228912353516
8,3117,3.6288349628448486
8,3118,3.6290884017944336
8,3119,3.6322383880615234
8,3120,3.6254632472991943
9,3121,3.621293306350708
9,3122,3.6175079345703125
9,3123,3.620922088623047
9,3124,3.629265069961548
9,3125,3.6192092895507812
9,3126,3.6260886192321777
9,3127,3.628081798553467
9,3128,3.631579637527466
9,3129,3.6317009925842285
9,3130,3.6185569763183594
9,3131,3.619642734527588
9,3132,3.620875835418701
9,3133,3.628838539123535
9,3134,3.620624303817749
9,3135,3.625025510787964
9,3136,3.628687858581543
9,3137,3.6191253662109375
9,3138,3.6242594718933105
9,3139,3.6223111152648926
9,3140,3.622692823410034
9,3141,3.621809482574463
9,3142,3.6228561401367188
9,3143,3.6252944469451904
9,3144,3.618116617202759
9,3145,3.619741916656494
9,3146,3.621938705444336
9,3147,3.615494728088379
9,3148,3.6260318756103516
9,3149,3.6176414489746094
9,3150,3.63301944732666
9,3151,3.620504856109619
9,3152,3.61983323097229
9,3153,3.6194581985473633
9,3154,3.6234519481658936
9,3155,3.629060983657837
9,3156,3.626162528991699
9,3157,3.6202542781829834
9,3158,3.6209356784820557
9,3159,3.617171049118042
9,3160,3.6230690479278564
9,3161,3.617567539215088
9,3162,3.620849132537842
9,3163,3.620671272277832
9,3164,3.6148881912231445
9,3165,3.6172597408294678
9,3166,3.616657257080078
9,3167,3.618626117706299
9,3168,3.6231048107147217
9,3169,3.6210882663726807
9,3170,3.6135780811309814
9,3171,3.618961811065674
9,3172,3.6181297302246094
9,3173,3.614786148071289
9,3174,3.6229681968688965
9,3175,3.623392105102539
9,3176,3.6172142028808594
9,3177,3.617140293121338
9,3178,3.6227476596832275
9,3179,3.62532639503479
9,3180,3.6224160194396973
9,3181,3.6207852363586426
9,3182,3.623690605163574
9,3183,3.62479829788208
9,3184,3.616164445877075
9,3185,3.6158175468444824
9,3186,3.6221184730529785
9,3187,3.6242499351501465
9,3188,3.616286039352417
9,3189,3.6303999423980713
9,3190,3.6153435707092285
9,3191,3.618440866470337
9,3192,3.619819164276123
9,3193,3.6152729988098145
9,3194,3.6204357147216797
9,3195,3.6167593002319336
9,3196,3.6198225021362305
9,3197,3.620090961456299
9,3198,3.622295379638672
9,3199,3.61423397064209
9,3200,3.62567400932312
9,3201,3.6214332580566406
9,3202,3.630068063735962
9,3203,3.624743700027466
9,3204,3.629117965698242
9,3205,3.6180503368377686
9,3206,3.632401704788208
9,3207,3.623006582260132
9,3208,3.623488664627075
9,3209,3.625309705734253
9,3210,3.621962547302246
9,3211,3.6208033561706543
9,3212,3.6190922260284424
9,3213,3.6144003868103027
9,3214,3.6189589500427246
9,3215,3.622551441192627
9,3216,3.628068447113037
9,3217,3.6325972080230713
9,3218,3.622796058654785
9,3219,3.623659372329712
9,3220,3.6227872371673584
9,3221,3.625598430633545
9,3222,3.622725486755371
9,3223,3.6214194297790527
9,3224,3.622818946838379
9,3225,3.6212000846862793
9,3226,3.6348772048950195
9,3227,3.6180756092071533
9,3228,3.6203866004943848
9,3229,3.6199557781219482
9,3230,3.6265957355499268
9,3231,3.615941047668457
9,3232,3.625303268432617
9,3233,3.6252336502075195
9,3234,3.623354196548462
9,3235,3.6224164962768555
9,3236,3.625828981399536
9,3237,3.6222362518310547
9,3238,3.615372657775879
9,3239,3.6288373470306396
9,3240,3.625926971435547
9,3241,3.624600410461426
9,3242,3.6218008995056152
9,3243,3.626652956008911
9,3244,3.6222424507141113
9,3245,3.608769178390503
9,3246,3.617051601409912
9,3247,3.6235616207122803
9,3248,3.630640983581543
9,3249,3.6260123252868652
9,3250,3.6208176612854004
9,3251,3.626685619354248
9,3252,3.6296560764312744
9,3253,3.6248044967651367
9,3254,3.624729633331299
9,3255,3.627903699874878
9,3256,3.626343250274658
9,3257,3.6320977210998535
9,3258,3.6240673065185547
9,3259,3.6196906566619873
9,3260,3.623736619949341
9,3261,3.626741409301758
9,3262,3.6188573837280273
9,3263,3.630147933959961
9,3264,3.6177709102630615
9,3265,3.6264610290527344
9,3266,3.6262526512145996
9,3267,3.6263818740844727
9,3268,3.6152732372283936
9,3269,3.622750997543335
9,3270,3.6273088455200195
9,3271,3.6205132007598877
9,3272,3.624082565307617
9,3273,3.6135244369506836
9,3274,3.6198244094848633
9,3275,3.615382194519043
9,3276,3.6246933937072754
9,3277,3.620955228805542
9,3278,3.629465341567993
9,3279,3.6261954307556152
9,3280,3.621621608734131
9,3281,3.617722272872925
9,3282,3.6283352375030518
9,3283,3.628164291381836
9,3284,3.6379647254943848
9,3285,3.6236603260040283
9,3286,3.6259779930114746
9,3287,3.6219985485076904
9,3288,3.6216342449188232
9,3289,3.6201047897338867
9,3290,3.6242055892944336
9,3291,3.616090774536133
9,3292,3.621124744415283
9,3293,3.6254448890686035
9,3294,3.6186304092407227
9,3295,3.6184043884277344
9,3296,3.6161227226257324
9,3297,3.617194414138794
9,3298,3.619805335998535
9,3299,3.624110221862793
9,3300,3.6332411766052246
9,3301,3.6243011951446533
9,3302,3.6245474815368652
9,3303,3.621267318725586
9,3304,3.621400833129883
9,3305,3.6176793575286865
9,3306,3.619875907897949
9,3307,3.6251463890075684
9,3308,3.6210074424743652
9,3309,3.622929096221924
9,3310,3.6210994720458984
9,3311,3.6206815242767334
9,3312,3.6275880336761475
9,3313,3.618429183959961
9,3314,3.613067388534546
9,3315,3.628201961517334
9,3316,3.623826026916504
9,3317,3.6161844730377197
9,3318,3.618739604949951
9,3319,3.626067876815796
9,3320,3.6229934692382812
9,3321,3.6234967708587646
9,3322,3.6155636310577393
9,3323,3.6218862533569336
9,3324,3.623577117919922
9,3325,3.6232504844665527
9,3326,3.6238622665405273
9,3327,3.614074230194092
9,3328,3.621708393096924
9,3329,3.621950626373291
9,3330,3.614774465560913
9,3331,3.624805450439453
9,3332,3.6246519088745117
9,3333,3.6156253814697266
9,3334,3.6206889152526855
9,3335,3.631974697113037
9,3336,3.624818801879883
9,3337,3.627763509750366
9,3338,3.6209378242492676
9,3339,3.6260104179382324
9,3340,3.628134250640869
9,3341,3.6295313835144043
9,3342,3.624505043029785
9,3343,3.631594657897949
9,3344,3.6240549087524414
9,3345,3.616312026977539
9,3346,3.6190481185913086
9,3347,3.625062942504883
9,3348,3.622241973876953
9,3349,3.6223840713500977
9,3350,3.6278951168060303
9,3351,3.6156420707702637
9,3352,3.6193253993988037
9,3353,3.622774362564087
9,3354,3.621096611022949
9,3355,3.617974281311035
9,3356,3.629978656768799
9,3357,3.6230812072753906
9,3358,3.6208364963531494
9,3359,3.6204400062561035
9,3360,3.6246702671051025
9,3361,3.6312015056610107
9,3362,3.61553955078125
9,3363,3.6188302040100098
9,3364,3.6174612045288086
9,3365,3.625670909881592
9,3366,3.6194169521331787
9,3367,3.627305269241333
9,3368,3.61783766746521
9,3369,3.6223158836364746
9,3370,3.625814914703369
9,3371,3.619734525680542
9,3372,3.6240570545196533
9,3373,3.61897873878479
9,3374,3.625725030899048
9,3375,3.626330852508545
9,3376,3.616331100463867
9,3377,3.617880344390869
9,3378,3.616669178009033
9,3379,3.618945360183716
9,3380,3.6155455112457275
9,3381,3.6185202598571777
9,3382,3.6217100620269775
9,3383,3.611438751220703
9,3384,3.62495756149292
9,3385,3.6137518882751465
9,3386,3.6142983436584473
9,3387,3.6331706047058105
9,3388,3.6174254417419434
9,3389,3.615511178970337
9,3390,3.6226611137390137
9,3391,3.621065378189087
9,3392,3.613668918609619
9,3393,3.6200923919677734
9,3394,3.6235265731811523
9,3395,3.6284375190734863
9,3396,3.6142053604125977
9,3397,3.611107349395752
9,3398,3.620628595352173
9,3399,3.623694896697998
9,3400,3.620331287384033
9,3401,3.6165032386779785
9,3402,3.621384859085083
9,3403,3.6247000694274902
9,3404,3.6242384910583496
9,3405,3.621150493621826
9,3406,3.6203765869140625
9,3407,3.631805419921875
9,3408,3.6289920806884766
9,3409,3.624687671661377
9,3410,3.622328281402588
9,3411,3.6324472427368164
9,3412,3.6282143592834473
9,3413,3.6248369216918945
9,3414,3.6250479221343994
9,3415,3.6297874450683594
9,3416,3.61714506149292
9,3417,3.63560152053833
9,3418,3.6212029457092285
9,3419,3.62857723236084
9,3420,3.622931480407715
9,3421,3.619640350341797
9,3422,3.625136137008667
9,3423,3.6232409477233887
9,3424,3.6253786087036133
9,3425,3.6263856887817383
9,3426,3.6319146156311035
9,3427,3.6204495429992676
9,3428,3.6183018684387207
9,3429,3.625444173812866
9,3430,3.6188323497772217
9,3431,3.620260238647461
9,3432,3.6258902549743652
9,3433,3.6249709129333496
9,3434,3.627720355987549
9,3435,3.6207239627838135
9,3436,3.6228785514831543
9,3437,3.62892484664917
9,3438,3.6261703968048096
9,3439,3.6211438179016113
9,3440,3.6273369789123535
9,3441,3.615818500518799
9,3442,3.6260974407196045
9,3443,3.621455430984497
9,3444,3.6143360137939453
9,3445,3.624150514602661
9,3446,3.620936155319214
9,3447,3.6159043312072754
9,3448,3.6262521743774414
9,3449,3.62467622756958
9,3450,3.6232314109802246
9,3451,3.614889621734619
9,3452,3.6203277111053467
9,3453,3.6271989345550537
9,3454,3.6196444034576416
9,3455,3.6183156967163086
9,3456,3.627530813217163
9,3457,3.6168723106384277
9,3458,3.622650146484375
9,3459,3.614401340484619
9,3460,3.6231725215911865
9,3461,3.624281883239746
9,3462,3.6261284351348877
9,3463,3.622697353363037
9,3464,3.625464677810669
9,3465,3.6209731101989746
9,3466,3.6238608360290527
9,3467,3.6265206336975098
9,3468,3.628757953643799
9,3469,3.6299874782562256
9,3470,3.622067451477051
9,3471,3.6137285232543945
9,3472,3.6184372901916504
9,3473,3.62880802154541
9,3474,3.627408742904663
9,3475,3.623939037322998
9,3476,3.6269164085388184
9,3477,3.6175146102905273
9,3478,3.6301283836364746
9,3479,3.613081455230713
9,3480,3.616203784942627
9,3481,3.6212310791015625
9,3482,3.611382007598877
9,3483,3.6132798194885254
9,3484,3.6113033294677734
9,3485,3.6147422790527344
9,3486,3.615731954574585
9,3487,3.622359275817871
9,3488,3.611072540283203
9,3489,3.6194496154785156
9,3490,3.6216025352478027
9,3491,3.6195127964019775
9,3492,3.625584840774536
9,3493,3.613950729370117
9,3494,3.613734006881714
9,3495,3.6153998374938965
9,3496,3.6149380207061768
9,3497,3.611764907836914
9,3498,3.6202685832977295
9,3499,3.615368604660034
9,3500,3.621854782104492
9,3501,3.6224074363708496
9,3502,3.6230344772338867
9,3503,3.615722179412842
9,3504,3.6223227977752686
9,3505,3.6198530197143555
9,3506,3.62259840965271
9,3507,3.615206241607666
9,3508,3.6179800033569336
9,3509,3.6241722106933594
9,3510,3.615253448486328
10,3511,3.620253086090088
10,3512,3.6206765174865723
10,3513,3.63097882270813
10,3514,3.6163110733032227
10,3515,3.623479127883911
10,3516,3.6181859970092773
10,3517,3.6195015907287598
10,3518,3.6103010177612305
10,3519,3.6181750297546387
10,3520,3.6129701137542725
10,3521,3.6186180114746094
10,3522,3.6193878650665283
10,3523,3.6187520027160645
10,3524,3.615488290786743
10,3525,3.617445468902588
10,3526,3.616316556930542
10,3527,3.6153640747070312
10,3528,3.6159873008728027
10,3529,3.6193971633911133
10,3530,3.6205334663391113
10,3531,3.6173553466796875
10,3532,3.625455379486084
10,3533,3.6198995113372803
10,3534,3.6192612648010254
10,3535,3.6280593872070312
10,3536,3.6226272583007812
10,3537,3.612370252609253
10,3538,3.614924669265747
10,3539,3.6263370513916016
10,3540,3.6123085021972656
10,3541,3.6180930137634277
10,3542,3.617064952850342
10,3543,3.620788335800171
10,3544,3.6184840202331543
10,3545,3.619539737701416
10,3546,3.6218695640563965
10,3547,3.617523193359375
10,3548,3.6193995475769043
10,3549,3.6241183280944824
10,3550,3.6223652362823486
10,3551,3.6089396476745605
10,3552,3.6127235889434814
10,3553,3.6231319904327393
10,3554,3.6186776161193848
10,3555,3.6179158687591553
10,3556,3.6116583347320557
10,3557,3.615187644958496
10,3558,3.6196062564849854
10,3559,3.6171860694885254
10,3560,3.6187572479248047
10,3561,3.6121039390563965
10,3562,3.6170496940612793
10,3563,3.6263082027435303
10,3564,3.618417739868164
10,3565,3.6195759773254395
10,3566,3.630305767059326
10,3567,3.617844343185425
10,3568,3.6185190677642822
10,3569,3.6227548122406006
10,3570,3.6194534301757812
10,3571,3.620537519454956
10,3572,3.615224838256836
10,3573,3.6218459606170654
10,3574,3.6159427165985107
10,3575,3.6157431602478027
10,3576,3.6226816177368164
10,3577,3.6130337715148926
10,3578,3.6200478076934814
10,3579,3.6245059967041016
10,3580,3.618912696838379
10,3581,3.6189675331115723
10,3582,3.6200156211853027
10,3583,3.6157851219177246
10,3584,3.622673749923706
10,3585,3.6260101795196533
10,3586,3.6224184036254883
10,3587,3.627518653869629
10,3588,3.618053913116455
10,3589,3.6149239540100098
10,3590,3.621159553527832
10,3591,3.6300227642059326
10,3592,3.6191344261169434
10,3593,3.6110239028930664
10,3594,3.610167980194092
10,3595,3.634178638458252
10,3596,3.6175379753112793
10,3597,3.6178104877471924
10,3598,3.6234703063964844
10,3599,3.6191415786743164
10,3600,3.614987373352051
10,3601,3.619213104248047
10,3602,3.612213611602783
10,3603,3.620619773864746
10,3604,3.6191282272338867
10,3605,3.6212234497070312
10,3606,3.6163783073425293
10,3607,3.6236562728881836
10,3608,3.612691640853882
10,3609,3.621081590652466
10,3610,3.6219043731689453
10,3611,3.615204095840454
10,3612,3.628282308578491
10,3613,3.6201682090759277
10,3614,3.626347303390503
10,3615,3.6214349269866943
10,3616,3.6181752681732178
10,3617,3.6179299354553223
10,3618,3.618330717086792
10,3619,3.620480537414551
10,3620,3.6311280727386475
10,3621,3.6179935932159424
10,3622,3.6143035888671875
10,3623,3.6345162391662598
10,3624,3.6199073791503906
10,3625,3.6256914138793945
10,3626,3.627065420150757
10,3627,3.6237220764160156
10,3628,3.624239444732666
10,3629,3.616992950439453
10,3630,3.6148595809936523
10,3631,3.6191582679748535
10,3632,3.6278514862060547
10,3633,3.620217800140381
10,3634,3.6173171997070312
10,3635,3.618011713027954
10,3636,3.621910572052002
10,3637,3.6260809898376465
10,3638,3.6222891807556152
10,3639,3.6297130584716797
10,3640,3.615600824356079
10,3641,3.6155829429626465
10,3642,3.6212542057037354
10,3643,3.615980386734009
10,3644,3.6183738708496094
10,3645,3.6219420433044434
10,3646,3.624058246612549
10,3647,3.6165249347686768
10,3648,3.626556873321533
10,3649,3.620408535003662
10,3650,3.621490478515625
10,3651,3.6260321140289307
10,3652,3.6133646965026855
10,3653,3.6199965476989746
10,3654,3.6134033203125
10,3655,3.6205501556396484
10,3656,3.63004469871521
10,3657,3.6177561283111572
10,3658,3.623591899871826
10,3659,3.618936777114868
10,3660,3.624072313308716
10,3661,3.612946033477783
10,3662,3.617013454437256
10,3663,3.61751651763916
10,3664,3.6186506748199463
10,3665,3.6160004138946533
10,3666,3.613011598587036
10,3667,3.6160264015197754
10,3668,3.6163032054901123
10,3669,3.617051124572754
10,3670,3.6143598556518555
10,3671,3.615946054458618
10,3672,3.622209072113037
10,3673,3.616100549697876
10,3674,3.622004985809326
10,3675,3.622990369796753
10,3676,3.617628335952759
10,3677,3.620145320892334
10,3678,3.6156513690948486
10,3679,3.619323968887329
10,3680,3.620919942855835
10,3681,3.625739574432373
10,3682,3.625761032104492
10,3683,3.6190085411071777
10,3684,3.621206760406494
10,3685,3.6172027587890625
10,3686,3.620039939880371
10,3687,3.622969150543213
10,3688,3.6286568641662598
10,3689,3.6243128776550293
10,3690,3.618795871734619
10,3691,3.615143060684204
10,3692,3.616278648376465
10,3693,3.61749267578125
10,3694,3.616877555847168
10,3695,3.616337537765503
10,3696,3.6182169914245605
10,3697,3.617908477783203
10,3698,3.6210408210754395
10,3699,3.6245434284210205
10,3700,3.6177480220794678
10,3701,3.6170034408569336
10,3702,3.6202993392944336
10,3703,3.6155447959899902
10,3704,3.619180917739868
10,3705,3.621872901916504
10,3706,3.6224539279937744
10,3707,3.6324267387390137
10,3708,3.6283321380615234
10,3709,3.6118948459625244
10,3710,3.614499807357788
10,3711,3.623652935028076
10,3712,3.62343168258667
10,3713,3.62660551071167
10,3714,3.625154972076416
10,3715,3.6162590980529785
10,3716,3.6121997833251953
10,3717,3.628690719604492
10,3718,3.6175613403320312
10,3719,3.621255874633789
10,3720,3.6157259941101074
10,3721,3.6183879375457764
10,3722,3.6162314414978027
10,3723,3.623349666595459
10,3724,3.6196656227111816
10,3725,3.624910593032837
10,3726,3.621023654937744
10,3727,3.614680290222168
10,3728,3.615645408630371
10,3729,3.6216259002685547
10,3730,3.6141414642333984
10,3731,3.610239267349243
10,3732,3.629371166229248
10,3733,3.621293067932129
10,3734,3.616116762161255
10,3735,3.6200218200683594
10,3736,3.621581792831421
10,3737,3.6186044216156006
10,3738,3.6195225715637207
10,3739,3.6225833892822266
10,3740,3.622748374938965
10,3741,3.622281551361084
10,3742,3.620739221572876
10,3743,3.6227614879608154
10,3744,3.611452579498291
10,3745,3.613248348236084
10,3746,3.621365547180176
10,3747,3.6144065856933594
10,3748,3.6241090297698975
10,3749,3.6157279014587402
10,3750,3.6126461029052734
10,3751,3.6182150840759277
10,3752,3.621155023574829
10,3753,3.6140854358673096
10,3754,3.614056348800659
10,3755,3.6141772270202637
10,3756,3.6202871799468994
10,3757,3.618255138397217
10,3758,3.619441270828247
10,3759,3.61714506149292
10,3760,3.611143112182617
10,3761,3.6239099502563477
10,3762,3.6098718643188477
10,3763,3.616105079650879
10,3764,3.6123456954956055
10,3765,3.6206398010253906
10,3766,3.6076531410217285
10,3767,3.6163949966430664
10,3768,3.6163241863250732
10,3769,3.626162052154541
10,3770,3.6209492683410645
10,3771,3.6159305572509766
10,3772,3.618898391723633
10,3773,3.612339973449707
10,3774,3.6149368286132812
10,3775,3.621777057647705
10,3776,3.621715784072876
10,3777,3.6142287254333496
10,3778,3.6089487075805664
10,3779,3.6156864166259766
10,3780,3.6168036460876465
10,3781,3.621825695037842
10,3782,3.625048875808716
10,3783,3.6205265522003174
10,3784,3.6137075424194336
10,3785,3.6094093322753906
10,3786,3.61415433883667
10,3787,3.6163840293884277
10,3788,3.622535467147827
10,3789,3.6209850311279297
10,3790,3.620767831802368
10,3791,3.6172049045562744
10,3792,3.6171441078186035
10,3793,3.6255815029144287
10,3794,3.616783380508423
10,3795,3.616755962371826
10,3796,3.619550943374634
10,3797,3.613980770111084
10,3798,3.6209218502044678
10,3799,3.6237781047821045
10,3800,3.6168110370635986
10,3801,3.6138157844543457
10,3802,3.625662326812744
10,3803,3.61574649810791
10,3804,3.6178932189941406
10,3805,3.6122617721557617
10,3806,3.6194348335266113
10,3807,3.620826482772827
10,3808,3.6261587142944336
10,3809,3.615478038787842
10,3810,3.622128963470459
10,3811,3.622800827026367
10,3812,3.6240618228912354
10,3813,3.612623691558838
10,3814,3.6187310218811035
10,3815,3.614398956298828
10,3816,3.610548496246338
10,3817,3.6128664016723633
10,3818,3.615002155303955
10,3819,3.619767189025879
10,3820,3.6189308166503906
10,3821,3.6155104637145996
10,3822,3.617708206176758
10,3823,3.6239538192749023
10,3824,3.6123299598693848
10,3825,3.6191864013671875
10,3826,3.616607427597046
10,3827,3.61210298538208
10,3828,3.617457389831543
10,3829,3.622450113296509
10,3830,3.624040365219116
10,3831,3.6141273975372314
10,3832,3.6226067543029785
10,3833,3.619121551513672
10,3834,3.6228575706481934
10,3835,3.6219849586486816
10,3836,3.6196112632751465
10,3837,3.6177544593811035
10,3838,3.6177499294281006
10,3839,3.6271443367004395
10,3840,3.6218438148498535
10,3841,3.624913454055786
10,3842,3.626032829284668
10,3843,3.6182589530944824
10,3844,3.618697166442871
10,3845,3.626624584197998
10,3846,3.610283851623535
10,3847,3.6208577156066895
10,3848,3.6175599098205566
10,3849,3.622053384780884
10,3850,3.6251673698425293
10,3851,3.623485803604126
10,3852,3.6273276805877686
10,3853,3.6262664794921875
10,3854,3.6155142784118652
10,3855,3.6233930587768555
10,3856,3.6159634590148926
10,3857,3.621227264404297
10,3858,3.6227526664733887
10,3859,3.61814022064209
10,3860,3.6137442588806152
10,3861,3.6222763061523438
10,3862,3.6296961307525635
10,3863,3.614898920059204
10,3864,3.615542411804199
10,3865,3.6137664318084717
10,3866,3.6182546615600586
10,3867,3.621267795562744
10,3868,3.6212306022644043
10,3869,3.6195690631866455
10,3870,3.6225600242614746
10,3871,3.6183953285217285
10,3872,3.6258862018585205
10,3873,3.620575189590454
10,3874,3.6259522438049316
10,3875,3.61163592338562
10,3876,3.619473457336426
10,3877,3.6219489574432373
10,3878,3.617619514465332
10,3879,3.616401195526123
10,3880,3.6211202144622803
10,3881,3.618212938308716
10,3882,3.6161537170410156
10,3883,3.6271822452545166
10,3884,3.622093677520752
10,3885,3.615098237991333
10,3886,3.6183347702026367
10,3887,3.6180241107940674
10,3888,3.626521587371826
10,3889,3.6242332458496094
10,3890,3.6149396896362305
10,3891,3.616046905517578
10,3892,3.6140904426574707
10,3893,3.6209378242492676
10,3894,3.612964153289795
10,3895,3.6155459880828857
10,3896,3.624680995941162
10,3897,3.614635705947876
10,3898,3.624572992324829
10,3899,3.6140239238739014
10,3900,3.614675283432007
