epoch,step,loss
1,1,5.495575904846191
1,2,5.491196632385254
1,3,5.355541706085205
1,4,5.20426607131958
1,5,5.212161064147949
1,6,5.132444381713867
1,7,5.1293158531188965
1,8,5.214716911315918
1,9,5.16801118850708
1,10,5.170058250427246
1,11,5.1879472732543945
1,12,5.1224517822265625
1,13,5.092389106750488
1,14,5.105541229248047
1,15,5.22806978225708
1,16,5.0897650718688965
1,17,5.011840343475342
1,18,5.121255874633789
1,19,5.070382595062256
1,20,5.146171569824219
1,21,5.098278522491455
1,22,4.9756011962890625
1,23,5.081716537475586
1,24,5.053144454956055
1,25,5.009009838104248
1,26,5.1045684814453125
1,27,4.997254848480225
1,28,5.074775218963623
1,29,5.004054069519043
1,30,5.030423164367676
1,31,5.047295570373535
1,32,5.010662078857422
1,33,4.958732604980469
1,34,5.0251383781433105
1,35,5.028031349182129
1,36,4.919503211975098
1,37,5.0730695724487305
1,38,5.061214923858643
1,39,4.973165512084961
1,40,5.041195869445801
1,41,4.915740966796875
1,42,5.003334999084473
1,43,5.058387756347656
1,44,5.058107852935791
1,45,4.899550437927246
1,46,4.973694801330566
1,47,4.9083662033081055
1,48,4.979859828948975
1,49,4.980428695678711
1,50,4.906844139099121
1,51,4.986989498138428
1,52,4.8946852684021
1,53,5.013967990875244
1,54,4.899858474731445
1,55,5.005513668060303
1,56,5.007905960083008
1,57,4.936389446258545
1,58,4.908140182495117
1,59,4.96058988571167
1,60,5.002445697784424
1,61,4.940146446228027
1,62,4.950281143188477
1,63,4.846979141235352
1,64,4.941191673278809
1,65,4.957630157470703
1,66,4.957026481628418
1,67,4.905108451843262
1,68,4.931859970092773
1,69,4.974582672119141
1,70,4.876392364501953
1,71,4.892651081085205
1,72,4.940394401550293
1,73,4.937511920928955
1,74,4.980931282043457
1,75,4.858015060424805
1,76,4.974418640136719
1,77,4.864833831787109
1,78,4.8902974128723145
1,79,4.975105285644531
1,80,5.027492523193359
1,81,4.946015357971191
1,82,4.95819616317749
1,83,4.902953147888184
1,84,4.888335227966309
1,85,4.959227561950684
1,86,4.8631367683410645
1,87,4.975502967834473
1,88,4.928718566894531
1,89,4.903868675231934
1,90,4.907597064971924
1,91,4.9213948249816895
1,92,4.997361183166504
1,93,4.94547176361084
1,94,4.8681559562683105
1,95,4.8819780349731445
1,96,4.891412734985352
1,97,4.899525165557861
1,98,4.914259910583496
1,99,4.829779148101807
1,100,4.879639625549316
1,101,4.926568984985352
1,102,4.852108955383301
1,103,4.903799057006836
1,104,4.982072830200195
1,105,4.8665080070495605
1,106,4.934908390045166
1,107,4.843145370483398
1,108,4.865711212158203
1,109,4.885781288146973
1,110,4.894370079040527
1,111,4.9476799964904785
1,112,4.885429382324219
1,113,4.807465553283691
1,114,4.776510715484619
1,115,4.809828281402588
1,116,4.822317123413086
1,117,4.887598037719727
1,118,4.877083778381348
1,119,4.909029960632324
1,120,4.840290069580078
1,121,4.83116340637207
1,122,4.904972076416016
1,123,4.858453750610352
1,124,4.830499649047852
1,125,4.851994037628174
1,126,4.898056507110596
1,127,4.886501312255859
1,128,4.842607498168945
1,129,4.760882377624512
1,130,4.8964009284973145
1,131,4.925649166107178
1,132,4.903426170349121
1,133,4.915325164794922
1,134,4.912432670593262
1,135,4.8583903312683105
1,136,4.888824462890625
1,137,4.779395580291748
1,138,4.778635025024414
1,139,4.904170513153076
1,140,4.810221195220947
1,141,4.811273574829102
1,142,4.826265811920166
1,143,4.906510353088379
1,144,4.834088325500488
1,145,4.830831527709961
1,146,4.819857597351074
1,147,4.788946151733398
1,148,4.814886569976807
1,149,4.808798789978027
1,150,4.9199724197387695
1,151,4.846160888671875
1,152,4.832201957702637
1,153,4.878565311431885
1,154,4.914614200592041
1,155,4.782299041748047
1,156,4.902757167816162
1,157,4.912871360778809
1,158,4.794110298156738
1,159,4.8159637451171875
1,160,4.761899948120117
1,161,4.755805015563965
1,162,4.8316450119018555
1,163,4.751682281494141
1,164,4.721916675567627
1,165,4.829167366027832
1,166,4.817419052124023
1,167,4.869343280792236
1,168,4.809330940246582
1,169,4.832427978515625
1,170,4.727726936340332
1,171,4.76630973815918
1,172,4.868894100189209
1,173,4.722563743591309
1,174,4.784038543701172
1,175,4.799323081970215
1,176,4.75052547454834
1,177,4.784441947937012
1,178,4.772304534912109
1,179,4.788751602172852
1,180,4.814603805541992
1,181,4.726033687591553
1,182,4.793152809143066
1,183,4.717852592468262
1,184,4.750626564025879
1,185,4.730664253234863
1,186,4.750019550323486
1,187,4.790623664855957
1,188,4.708232879638672
1,189,4.7767438888549805
1,190,4.733936786651611
1,191,4.783987045288086
1,192,4.781074523925781
1,193,4.68096399307251
1,194,4.791293144226074
1,195,4.72737455368042
1,196,4.837948799133301
1,197,4.805234909057617
1,198,4.720889568328857
1,199,4.775411605834961
1,200,4.73725700378418
1,201,4.830103397369385
1,202,4.774466514587402
1,203,4.753904342651367
1,204,4.768121242523193
1,205,4.797679901123047
1,206,4.811476707458496
1,207,4.695417404174805
1,208,4.718508720397949
1,209,4.733184814453125
1,210,4.752708911895752
1,211,4.7541399002075195
1,212,4.742021560668945
1,213,4.7569499015808105
1,214,4.752223968505859
1,215,4.793464183807373
1,216,4.767399787902832
1,217,4.816832542419434
1,218,4.894750118255615
1,219,4.751438140869141
1,220,4.780006408691406
1,221,4.710599899291992
1,222,4.730125904083252
1,223,4.859539031982422
1,224,4.853825569152832
1,225,4.816856861114502
1,226,4.694609642028809
1,227,4.768916130065918
1,228,4.754783630371094
1,229,4.8027729988098145
1,230,4.699913501739502
1,231,4.717867851257324
1,232,4.759151935577393
1,233,4.790400505065918
1,234,4.795096397399902
1,235,4.799103260040283
1,236,4.765892028808594
1,237,4.713819980621338
1,238,4.672423839569092
1,239,4.753904819488525
1,240,4.779654026031494
1,241,4.792280197143555
1,242,4.742002487182617
1,243,4.801486968994141
1,244,4.764499664306641
1,245,4.693455696105957
1,246,4.824028491973877
1,247,4.673917770385742
1,248,4.664606094360352
1,249,4.825708389282227
1,250,4.718636989593506
1,251,4.772683620452881
1,252,4.8211870193481445
1,253,4.862272262573242
1,254,4.8315534591674805
1,255,4.761266708374023
1,256,4.7129364013671875
1,257,4.702662467956543
1,258,4.85117244720459
1,259,4.720333099365234
1,260,4.738129615783691
1,261,4.797402381896973
1,262,4.75050163269043
1,263,4.765717506408691
1,264,4.712542533874512
1,265,4.709062099456787
1,266,4.78317403793335
1,267,4.808263301849365
1,268,4.7701616287231445
1,269,4.75514030456543
1,270,4.7108588218688965
1,271,4.771938323974609
1,272,4.720659255981445
1,273,4.822141170501709
1,274,4.7443742752075195
1,275,4.74515438079834
1,276,4.733386993408203
1,277,4.6935319900512695
1,278,4.7260332107543945
1,279,4.803269386291504
1,280,4.675715446472168
1,281,4.617205619812012
1,282,4.713971138000488
1,283,4.705889701843262
1,284,4.8016510009765625
1,285,4.7444233894348145
1,286,4.689214706420898
1,287,4.7247233390808105
1,288,4.704119682312012
1,289,4.627134799957275
1,290,4.664618492126465
1,291,4.715009689331055
1,292,4.6629133224487305
1,293,4.759478569030762
1,294,4.71056604385376
1,295,4.780047416687012
1,296,4.647809982299805
1,297,4.67465353012085
1,298,4.677764892578125
1,299,4.694659233093262
1,300,4.723108291625977
1,301,4.702898025512695
1,302,4.775254726409912
1,303,4.720324993133545
1,304,4.685772895812988
1,305,4.710003852844238
1,306,4.694484233856201
1,307,4.772958278656006
1,308,4.662919998168945
1,309,4.7111406326293945
1,310,4.613704681396484
1,311,4.697467803955078
1,312,4.710698127746582
1,313,4.783959865570068
1,314,4.733226776123047
1,315,4.691690444946289
1,316,4.627574443817139
1,317,4.65526819229126
1,318,4.6599273681640625
1,319,4.717474937438965
1,320,4.734172821044922
1,321,4.643207550048828
1,322,4.724945068359375
1,323,4.70328950881958
1,324,4.682980537414551
1,325,4.62919807434082
1,326,4.767416954040527
1,327,4.7488908767700195
1,328,4.7537078857421875
1,329,4.711310386657715
1,330,4.694149971008301
1,331,4.666123390197754
1,332,4.691730499267578
1,333,4.677678108215332
1,334,4.650198936462402
1,335,4.739168167114258
1,336,4.788778305053711
1,337,4.724864959716797
1,338,4.713972091674805
1,339,4.730544090270996
1,340,4.696253299713135
1,341,4.692770957946777
1,342,4.7170729637146
1,343,4.707677364349365
1,344,4.7448930740356445
1,345,4.739473342895508
1,346,4.663165092468262
1,347,4.684247016906738
1,348,4.643682479858398
1,349,4.796137809753418
1,350,4.747880458831787
1,351,4.737829685211182
1,352,4.695281028747559
1,353,4.695119857788086
1,354,4.615766525268555
1,355,4.601656913757324
1,356,4.690107822418213
1,357,4.675919055938721
1,358,4.747006416320801
1,359,4.624814987182617
1,360,4.725137233734131
1,361,4.687849521636963
1,362,4.632654190063477
1,363,4.710350036621094
1,364,4.710439205169678
1,365,4.652553558349609
1,366,4.696982383728027
1,367,4.69877815246582
1,368,4.736605167388916
1,369,4.717089653015137
1,370,4.620114803314209
1,371,4.6825103759765625
1,372,4.652291297912598
1,373,4.65101432800293
1,374,4.687098979949951
1,375,4.722007751464844
1,376,4.764045715332031
1,377,4.621069431304932
1,378,4.565922737121582
1,379,4.633538722991943
1,380,4.638421058654785
1,381,4.656121253967285
1,382,4.695066452026367
1,383,4.607936859130859
1,384,4.677523136138916
1,385,4.59807014465332
1,386,4.626461982727051
1,387,4.7107744216918945
1,388,4.666311264038086
1,389,4.749475479125977
1,390,4.741598129272461
2,391,4.74833869934082
2,392,4.727648735046387
2,393,4.650798797607422
2,394,4.69228982925415
2,395,4.791257381439209
2,396,4.609168529510498
2,397,4.705810070037842
2,398,4.677223205566406
2,399,4.680182933807373
2,400,4.689059734344482
2,401,4.725213050842285
2,402,4.697973251342773
2,403,4.727863788604736
2,404,4.732738971710205
2,405,4.688092231750488
2,406,4.659960746765137
2,407,4.74431848526001
2,408,4.655340194702148
2,409,4.583642959594727
2,410,4.78354024887085
2,411,4.66541862487793
2,412,4.638839244842529
2,413,4.665297508239746
2,414,4.646333694458008
2,415,4.617476940155029
2,416,4.711130142211914
2,417,4.701673984527588
2,418,4.6378936767578125
2,419,4.679194450378418
2,420,4.678140163421631
2,421,4.684128761291504
2,422,4.588600158691406
2,423,4.615812301635742
2,424,4.667302131652832
2,425,4.663897514343262
2,426,4.722178936004639
2,427,4.6759796142578125
2,428,4.64674186706543
2,429,4.685181140899658
2,430,4.604047775268555
2,431,4.6373677253723145
2,432,4.613552093505859
2,433,4.640625
2,434,4.660067558288574
2,435,4.663907051086426
2,436,4.723981857299805
2,437,4.661131858825684
2,438,4.666023254394531
2,439,4.621272563934326
2,440,4.684855937957764
2,441,4.636898040771484
2,442,4.571291923522949
2,443,4.649710655212402
2,444,4.653719902038574
2,445,4.600427627563477
2,446,4.692043781280518
2,447,4.679771423339844
2,448,4.5706377029418945
2,449,4.621695518493652
2,450,4.621940612792969
2,451,4.65316104888916
2,452,4.623547077178955
2,453,4.670217990875244
2,454,4.639872074127197
2,455,4.698464870452881
2,456,4.705935955047607
2,457,4.609557628631592
2,458,4.59757137298584
2,459,4.764010429382324
2,460,4.666167736053467
2,461,4.5979838371276855
2,462,4.69858980178833
2,463,4.713396072387695
2,464,4.665217876434326
2,465,4.667414665222168
2,466,4.635274410247803
2,467,4.629149436950684
2,468,4.718576431274414
2,469,4.600546836853027
2,470,4.583132743835449
2,471,4.655277252197266
2,472,4.7017059326171875
2,473,4.7147722244262695
2,474,4.6448845863342285
2,475,4.612504959106445
2,476,4.649212837219238
2,477,4.627155780792236
2,478,4.600301742553711
2,479,4.632972717285156
2,480,4.719416618347168
2,481,4.769352912902832
2,482,4.599403381347656
2,483,4.612336158752441
2,484,4.692746162414551
2,485,4.704130172729492
2,486,4.618075370788574
2,487,4.593482494354248
2,488,4.649730205535889
2,489,4.616543769836426
2,490,4.535499095916748
2,491,4.551141738891602
2,492,4.691086292266846
2,493,4.567556381225586
2,494,4.609743118286133
2,495,4.543850898742676
2,496,4.657625198364258
2,497,4.572559356689453
2,498,4.679659843444824
2,499,4.703672409057617
2,500,4.6181464195251465
2,501,4.667037487030029
2,502,4.618525981903076
2,503,4.640097141265869
2,504,4.592684268951416
2,505,4.6970534324646
2,506,4.645022392272949
2,507,4.612226486206055
2,508,4.623952865600586
2,509,4.6312689781188965
2,510,4.682652473449707
2,511,4.7347540855407715
2,512,4.632499694824219
2,513,4.615297794342041
2,514,4.638038158416748
2,515,4.641668796539307
2,516,4.649356842041016
2,517,4.676915168762207
2,518,4.637249946594238
2,519,4.625702857971191
2,520,4.719432830810547
2,521,4.6160688400268555
2,522,4.6361284255981445
2,523,4.68820858001709
2,524,4.616176605224609
2,525,4.605503082275391
2,526,4.6545491218566895
2,527,4.647565841674805
2,528,4.643599033355713
2,529,4.615330696105957
2,530,4.686975479125977
2,531,4.660061359405518
2,532,4.58223819732666
2,533,4.587568283081055
2,534,4.589130401611328
2,535,4.683433532714844
2,536,4.573246479034424
2,537,4.604744911193848
2,538,4.606536388397217
2,539,4.65661096572876
2,540,4.714966773986816
2,541,4.659972667694092
2,542,4.595678329467773
2,543,4.729299068450928
2,544,4.581735610961914
2,545,4.633813858032227
2,546,4.707075119018555
2,547,4.659188270568848
2,548,4.628453731536865
2,549,4.559252738952637
2,550,4.619484901428223
2,551,4.608985900878906
2,552,4.639020919799805
2,553,4.625494956970215
2,554,4.571139812469482
2,555,4.6551361083984375
2,556,4.64903450012207
2,557,4.643707275390625
2,558,4.643028736114502
2,559,4.603615760803223
2,560,4.618292808532715
2,561,4.655732154846191
2,562,4.660159111022949
2,563,4.610574245452881
2,564,4.6347527503967285
2,565,4.716002464294434
2,566,4.572368621826172
2,567,4.693531036376953
2,568,4.633759021759033
2,569,4.649325847625732
2,570,4.635217189788818
2,571,4.647208213806152
2,572,4.669598579406738
2,573,4.590765953063965
2,574,4.644575119018555
2,575,4.659799575805664
2,576,4.511795997619629
2,577,4.5847697257995605
2,578,4.705809593200684
2,579,4.6292500495910645
2,580,4.627336502075195
2,581,4.725464820861816
2,582,4.610386371612549
2,583,4.574131488800049
2,584,4.58494758605957
2,585,4.703571319580078
2,586,4.6336846351623535
2,587,4.618124008178711
2,588,4.636476039886475
2,589,4.621758460998535
2,590,4.620043754577637
2,591,4.622872352600098
2,592,4.668785095214844
2,593,4.5736846923828125
2,594,4.636123180389404
2,595,4.6783037185668945
2,596,4.607702255249023
2,597,4.603130340576172
2,598,4.629042625427246
2,599,4.527402877807617
2,600,4.627353668212891
2,601,4.602908134460449
2,602,4.6594061851501465
2,603,4.679389953613281
2,604,4.630213737487793
2,605,4.627597332000732
2,606,4.566184997558594
2,607,4.613633155822754
2,608,4.585418701171875
2,609,4.645936965942383
2,610,4.485218048095703
2,611,4.638379096984863
2,612,4.64348840713501
2,613,4.593339443206787
2,614,4.580272674560547
2,615,4.623224258422852
2,616,4.615663528442383
2,617,4.6238298416137695
2,618,4.59052848815918
2,619,4.634976387023926
2,620,4.691048622131348
2,621,4.613387584686279
2,622,4.515894889831543
2,623,4.6226420402526855
2,624,4.609258651733398
2,625,4.621739387512207
2,626,4.5863566398620605
2,627,4.587053298950195
2,628,4.673051357269287
2,629,4.572183132171631
2,630,4.68356990814209
2,631,4.631580352783203
2,632,4.581732273101807
2,633,4.5631914138793945
2,634,4.687468528747559
2,635,4.602278709411621
2,636,4.5944671630859375
2,637,4.62312126159668
2,638,4.65610408782959
2,639,4.63621711730957
2,640,4.593033790588379
2,641,4.62531852722168
2,642,4.534355163574219
2,643,4.571249485015869
2,644,4.584381580352783
2,645,4.682448863983154
2,646,4.66396427154541
2,647,4.585796356201172
2,648,4.610727310180664
2,649,4.6585693359375
2,650,4.6602253913879395
2,651,4.664655685424805
2,652,4.547871112823486
2,653,4.565601348876953
2,654,4.621945381164551
2,655,4.647579193115234
2,656,4.565403461456299
2,657,4.605289459228516
2,658,4.573145866394043
2,659,4.603872299194336
2,660,4.557926177978516
2,661,4.654563903808594
2,662,4.58680534362793
2,663,4.568479537963867
2,664,4.619170188903809
2,665,4.5217976570129395
2,666,4.585333824157715
2,667,4.596484184265137
2,668,4.517293930053711
2,669,4.653384208679199
2,670,4.572314262390137
2,671,4.519344329833984
2,672,4.607731819152832
2,673,4.55853796005249
2,674,4.4915666580200195
2,675,4.648484706878662
2,676,4.531100273132324
2,677,4.5826826095581055
2,678,4.517252445220947
2,679,4.7021803855896
2,680,4.6115827560424805
2,681,4.674740314483643
2,682,4.614123821258545
2,683,4.6147613525390625
2,684,4.5442352294921875
2,685,4.628399848937988
2,686,4.654438495635986
2,687,4.566399097442627
2,688,4.630402565002441
2,689,4.591296195983887
2,690,4.6021857261657715
2,691,4.582866668701172
2,692,4.6188249588012695
2,693,4.644988059997559
2,694,4.704082012176514
2,695,4.591523170471191
2,696,4.586788177490234
2,697,4.596138000488281
2,698,4.582277774810791
2,699,4.676489353179932
2,700,4.574573993682861
2,701,4.585753440856934
2,702,4.549250602722168
2,703,4.549212455749512
2,704,4.541739463806152
2,705,4.55922794342041
2,706,4.610411167144775
2,707,4.595072269439697
2,708,4.563895225524902
2,709,4.671047687530518
2,710,4.5164642333984375
2,711,4.548142910003662
2,712,4.597256660461426
2,713,4.576052665710449
2,714,4.603333950042725
2,715,4.492464542388916
2,716,4.577898979187012
2,717,4.539212703704834
2,718,4.598526954650879
2,719,4.567850112915039
2,720,4.629985332489014
2,721,4.63319206237793
2,722,4.587822914123535
2,723,4.565483093261719
2,724,4.656123638153076
2,725,4.510729789733887
2,726,4.587973594665527
2,727,4.566803932189941
2,728,4.582734107971191
2,729,4.5751543045043945
2,730,4.6477813720703125
2,731,4.580158233642578
2,732,4.551800727844238
2,733,4.6465349197387695
2,734,4.6099090576171875
2,735,4.633344650268555
2,736,4.561723709106445
2,737,4.606836318969727
2,738,4.572324275970459
2,739,4.607154846191406
2,740,4.499070167541504
2,741,4.606075286865234
2,742,4.523408889770508
2,743,4.603633403778076
2,744,4.67362117767334
2,745,4.596108436584473
2,746,4.58130407333374
2,747,4.591319561004639
2,748,4.546391487121582
2,749,4.541971206665039
2,750,4.620547771453857
2,751,4.559620380401611
2,752,4.535141944885254
2,753,4.609621047973633
2,754,4.5474467277526855
2,755,4.620561122894287
2,756,4.622245788574219
2,757,4.570829391479492
2,758,4.527991771697998
2,759,4.636117935180664
2,760,4.61044454574585
2,761,4.564029693603516
2,762,4.574407577514648
2,763,4.572215557098389
2,764,4.543829917907715
2,765,4.599246501922607
2,766,4.653843879699707
2,767,4.569587707519531
2,768,4.626998424530029
2,769,4.652748107910156
2,770,4.590238571166992
2,771,4.553182601928711
2,772,4.549137115478516
2,773,4.654536247253418
2,774,4.547505855560303
2,775,4.544536590576172
2,776,4.5766825675964355
2,777,4.677480697631836
2,778,4.54123592376709
2,779,4.541048049926758
2,780,4.65395450592041
3,781,4.636317253112793
3,782,4.588289260864258
3,783,4.556336402893066
3,784,4.614818572998047
3,785,4.569273948669434
3,786,4.563040256500244
3,787,4.545963287353516
3,788,4.580854892730713
3,789,4.595998764038086
3,790,4.5860748291015625
3,791,4.5429887771606445
3,792,4.611180782318115
3,793,4.638056755065918
3,794,4.538723945617676
3,795,4.5373687744140625
3,796,4.527826309204102
3,797,4.495828151702881
3,798,4.548905372619629
3,799,4.642113208770752
3,800,4.552992343902588
3,801,4.596750259399414
3,802,4.519420623779297
3,803,4.532476902008057
3,804,4.550905227661133
3,805,4.527291297912598
3,806,4.569852828979492
3,807,4.514133453369141
3,808,4.599339485168457
3,809,4.546294212341309
3,810,4.6187872886657715
3,811,4.517411708831787
3,812,4.5762457847595215
3,813,4.615044593811035
3,814,4.543132305145264
3,815,4.5660014152526855
3,816,4.500816345214844
3,817,4.595963478088379
3,818,4.59002685546875
3,819,4.591609001159668
3,820,4.596822261810303
3,821,4.522404193878174
3,822,4.549857139587402
3,823,4.51659631729126
3,824,4.5647993087768555
3,825,4.589909553527832
3,826,4.553129196166992
3,827,4.555158615112305
3,828,4.618982791900635
3,829,4.613312721252441
3,830,4.614662170410156
3,831,4.56071138381958
3,832,4.609315872192383
3,833,4.595180511474609
3,834,4.521646976470947
3,835,4.618021011352539
3,836,4.543994903564453
3,837,4.551955699920654
3,838,4.583873271942139
3,839,4.573506832122803
3,840,4.608729362487793
3,841,4.576665878295898
3,842,4.581896781921387
3,843,4.531790733337402
3,844,4.5648417472839355
3,845,4.630875587463379
3,846,4.552894115447998
3,847,4.560183525085449
3,848,4.55215311050415
3,849,4.578864097595215
3,850,4.532475471496582
3,851,4.561187744140625
3,852,4.6240692138671875
3,853,4.5511603355407715
3,854,4.535333633422852
3,855,4.628946781158447
3,856,4.501691818237305
3,857,4.505804061889648
3,858,4.585270881652832
3,859,4.617934226989746
3,860,4.596983432769775
3,861,4.50200080871582
3,862,4.554637908935547
3,863,4.587845325469971
3,864,4.535797595977783
3,865,4.524791240692139
3,866,4.572868347167969
3,867,4.63020658493042
3,868,4.6243720054626465
3,869,4.59488582611084
3,870,4.545853614807129
3,871,4.5037150382995605
3,872,4.578306198120117
3,873,4.586883544921875
3,874,4.589868545532227
3,875,4.624751091003418
3,876,4.534326553344727
3,877,4.609539031982422
3,878,4.642452239990234
3,879,4.474225997924805
3,880,4.4975080490112305
3,881,4.5826497077941895
3,882,4.59678840637207
3,883,4.597222805023193
3,884,4.569217681884766
3,885,4.599883079528809
3,886,4.557294845581055
3,887,4.573040008544922
3,888,4.623223304748535
3,889,4.602320194244385
3,890,4.540499687194824
3,891,4.506318092346191
3,892,4.603511333465576
3,893,4.618019104003906
3,894,4.521245002746582
3,895,4.514001846313477
3,896,4.632308006286621
3,897,4.606753349304199
3,898,4.473897933959961
3,899,4.567056179046631
3,900,4.52219295501709
3,901,4.563251495361328
3,902,4.612133026123047
3,903,4.4717936515808105
3,904,4.567020416259766
3,905,4.582139015197754
3,906,4.560105323791504
3,907,4.438830852508545
3,908,4.519785404205322
3,909,4.600805282592773
3,910,4.493979454040527
3,911,4.5364484786987305
3,912,4.492268085479736
3,913,4.533669471740723
3,914,4.534490585327148
3,915,4.610407829284668
3,916,4.565975189208984
3,917,4.51078462600708
3,918,4.460041046142578
3,919,4.549483299255371
3,920,4.475842475891113
3,921,4.408105850219727
3,922,4.510529518127441
3,923,4.533891201019287
3,924,4.666996955871582
3,925,4.537099838256836
3,926,4.504401683807373
3,927,4.46456241607666
3,928,4.486785888671875
3,929,4.482690811157227
3,930,4.5633134841918945
3,931,4.499251365661621
3,932,4.521380424499512
3,933,4.614733695983887
3,934,4.5836358070373535
3,935,4.526280879974365
3,936,4.606021881103516
3,937,4.559559345245361
3,938,4.60457181930542
3,939,4.589702606201172
3,940,4.485164165496826
3,941,4.585992813110352
3,942,4.6023454666137695
3,943,4.486026287078857
3,944,4.480123519897461
3,945,4.552154064178467
3,946,4.500270843505859
3,947,4.580080986022949
3,948,4.506051540374756
3,949,4.588350296020508
3,950,4.557042121887207
3,951,4.479833602905273
3,952,4.507777214050293
3,953,4.5352277755737305
3,954,4.555733680725098
3,955,4.486625671386719
3,956,4.502706050872803
3,957,4.563075065612793
3,958,4.604952335357666
3,959,4.529582500457764
3,960,4.431401252746582
3,961,4.578576564788818
3,962,4.580397605895996
3,963,4.543766975402832
3,964,4.621257305145264
3,965,4.569782733917236
3,966,4.527868747711182
3,967,4.597951889038086
3,968,4.5707292556762695
3,969,4.543116569519043
3,970,4.502774715423584
3,971,4.516292572021484
3,972,4.528062343597412
3,973,4.56142520904541
3,974,4.496201992034912
3,975,4.545717239379883
3,976,4.582515716552734
3,977,4.4938764572143555
3,978,4.53639030456543
3,979,4.531456470489502
3,980,4.502562046051025
3,981,4.561436653137207
3,982,4.441790580749512
3,983,4.4833831787109375
3,984,4.470371246337891
3,985,4.438699245452881
3,986,4.492914199829102
3,987,4.543940544128418
3,988,4.547698974609375
3,989,4.604769706726074
3,990,4.566501140594482
3,991,4.544205665588379
3,992,4.644435882568359
3,993,4.467999458312988
3,994,4.516902923583984
3,995,4.518956661224365
3,996,4.552468776702881
3,997,4.5325398445129395
3,998,4.496074676513672
3,999,4.502546787261963
3,1000,4.5799994468688965
3,1001,4.533803939819336
3,1002,4.578803539276123
3,1003,4.488202095031738
3,1004,4.645142555236816
3,1005,4.544562339782715
3,1006,4.5627055168151855
3,1007,4.54490852355957
3,1008,4.484750747680664
3,1009,4.493623733520508
3,1010,4.503116607666016
3,1011,4.582086086273193
3,1012,4.532528877258301
3,1013,4.575912952423096
3,1014,4.498262405395508
3,1015,4.521581649780273
3,1016,4.559937477111816
3,1017,4.571073532104492
3,1018,4.51400089263916
3,1019,4.440494537353516
3,1020,4.551304340362549
3,1021,4.487794399261475
3,1022,4.561583518981934
3,1023,4.542547225952148
3,1024,4.526763439178467
3,1025,4.568118095397949
3,1026,4.546456336975098
3,1027,4.498955726623535
3,1028,4.557270050048828
3,1029,4.489691257476807
3,1030,4.468303680419922
3,1031,4.478693008422852
3,1032,4.539642333984375
3,1033,4.528611660003662
3,1034,4.570161819458008
3,1035,4.517200946807861
3,1036,4.542507171630859
3,1037,4.498533248901367
3,1038,4.659330368041992
3,1039,4.494384765625
3,1040,4.570953369140625
3,1041,4.536107063293457
3,1042,4.512168884277344
3,1043,4.592099189758301
3,1044,4.585201263427734
3,1045,4.564465522766113
3,1046,4.628081321716309
3,1047,4.567248821258545
3,1048,4.5239057540893555
3,1049,4.60552978515625
3,1050,4.515819549560547
3,1051,4.544562816619873
3,1052,4.486799240112305
3,1053,4.573695182800293
3,1054,4.513808727264404
3,1055,4.543627738952637
3,1056,4.490302085876465
3,1057,4.480280876159668
3,1058,4.521454334259033
3,1059,4.4615583419799805
3,1060,4.478119850158691
3,1061,4.56739616394043
3,1062,4.49875020980835
3,1063,4.519047260284424
3,1064,4.483185291290283
3,1065,4.474216461181641
3,1066,4.553448677062988
3,1067,4.482060432434082
3,1068,4.503791809082031
3,1069,4.501706123352051
3,1070,4.51358699798584
3,1071,4.506967544555664
3,1072,4.5504865646362305
3,1073,4.499795436859131
3,1074,4.538416862487793
3,1075,4.455467224121094
3,1076,4.556266784667969
3,1077,4.408904075622559
3,1078,4.436702728271484
3,1079,4.43443489074707
3,1080,4.547717571258545
3,1081,4.493048191070557
3,1082,4.497587203979492
3,1083,4.472806930541992
3,1084,4.422363758087158
3,1085,4.534886360168457
3,1086,4.414834499359131
3,1087,4.530036449432373
3,1088,4.543787002563477
3,1089,4.462703704833984
3,1090,4.6342620849609375
3,1091,4.486763954162598
3,1092,4.552886009216309
3,1093,4.512012481689453
3,1094,4.503717422485352
3,1095,4.534204483032227
3,1096,4.520051002502441
3,1097,4.574663162231445
3,1098,4.52570915222168
3,1099,4.53671932220459
3,1100,4.507246971130371
3,1101,4.526182651519775
3,1102,4.556802749633789
3,1103,4.487177848815918
3,1104,4.590398788452148
3,1105,4.567533493041992
3,1106,4.473674297332764
3,1107,4.469941139221191
3,1108,4.522346496582031
3,1109,4.5309553146362305
3,1110,4.503150939941406
3,1111,4.450156211853027
3,1112,4.576840877532959
3,1113,4.61191463470459
3,1114,4.49941349029541
3,1115,4.4971537590026855
3,1116,4.5020928382873535
3,1117,4.503276824951172
3,1118,4.5454559326171875
3,1119,4.529111862182617
3,1120,4.534494400024414
3,1121,4.474172592163086
3,1122,4.521334648132324
3,1123,4.477029800415039
3,1124,4.474370002746582
3,1125,4.475571155548096
3,1126,4.479990005493164
3,1127,4.453036308288574
3,1128,4.478987693786621
3,1129,4.52778434753418
3,1130,4.446247577667236
3,1131,4.525646686553955
3,1132,4.570802688598633
3,1133,4.47464656829834
3,1134,4.501398086547852
3,1135,4.523229598999023
3,1136,4.5255584716796875
3,1137,4.461994171142578
3,1138,4.539473533630371
3,1139,4.543831825256348
3,1140,4.492557525634766
3,1141,4.494813919067383
3,1142,4.539731025695801
3,1143,4.521270751953125
3,1144,4.500698089599609
3,1145,4.499892711639404
3,1146,4.641851425170898
3,1147,4.457592010498047
3,1148,4.5070576667785645
3,1149,4.479574680328369
3,1150,4.5068464279174805
3,1151,4.584317207336426
3,1152,4.518101692199707
3,1153,4.418458938598633
3,1154,4.424530982971191
3,1155,4.531792640686035
3,1156,4.478009223937988
3,1157,4.481427192687988
3,1158,4.5146484375
3,1159,4.571915626525879
3,1160,4.406644821166992
3,1161,4.4740190505981445
3,1162,4.490641117095947
3,1163,4.510290145874023
3,1164,4.5895304679870605
3,1165,4.447323799133301
3,1166,4.453777313232422
3,1167,4.49434757232666
3,1168,4.534664154052734
3,1169,4.519380569458008
3,1170,4.526976585388184
4,1171,4.456165790557861
4,1172,4.485499382019043
4,1173,4.58771276473999
4,1174,4.501530647277832
4,1175,4.507318496704102
4,1176,4.528337478637695
4,1177,4.473079681396484
4,1178,4.5194220542907715
4,1179,4.522319316864014
4,1180,4.417464256286621
4,1181,4.40252685546875
4,1182,4.49473762512207
4,1183,4.6076741218566895
4,1184,4.524065017700195
4,1185,4.564303398132324
4,1186,4.540226936340332
4,1187,4.5698699951171875
4,1188,4.542423248291016
4,1189,4.550557613372803
4,1190,4.5505900382995605
4,1191,4.4698638916015625
4,1192,4.5194220542907715
4,1193,4.5176897048950195
4,1194,4.452388763427734
4,1195,4.561825752258301
4,1196,4.489109516143799
4,1197,4.513275146484375
4,1198,4.469590187072754
4,1199,4.524023056030273
4,1200,4.509230613708496
4,1201,4.520344257354736
4,1202,4.5143609046936035
4,1203,4.551059722900391
4,1204,4.504359245300293
4,1205,4.45097541809082
4,1206,4.480901718139648
4,1207,4.565758228302002
4,1208,4.454440116882324
4,1209,4.520685195922852
4,1210,4.524685859680176
4,1211,4.474312782287598
4,1212,4.448174953460693
4,1213,4.493293762207031
4,1214,4.503292560577393
4,1215,4.4657697677612305
4,1216,4.475769996643066
4,1217,4.52984094619751
4,1218,4.461936950683594
4,1219,4.545190811157227
4,1220,4.472552299499512
4,1221,4.487767219543457
4,1222,4.529885768890381
4,1223,4.472481727600098
4,1224,4.5318756103515625
4,1225,4.4407429695129395
4,1226,4.524415969848633
4,1227,4.493549346923828
4,1228,4.378166198730469
4,1229,4.436941623687744
4,1230,4.505570411682129
4,1231,4.469136714935303
4,1232,4.446395397186279
4,1233,4.462726593017578
4,1234,4.466876029968262
4,1235,4.527349472045898
4,1236,4.4209089279174805
4,1237,4.548919677734375
4,1238,4.530759334564209
4,1239,4.5627851486206055
4,1240,4.457515716552734
4,1241,4.508804798126221
4,1242,4.491428852081299
4,1243,4.521570205688477
4,1244,4.53176212310791
4,1245,4.550431251525879
4,1246,4.481584548950195
4,1247,4.443688869476318
4,1248,4.50172233581543
4,1249,4.459090709686279
4,1250,4.47011137008667
4,1251,4.5167694091796875
4,1252,4.471502304077148
4,1253,4.498376369476318
4,1254,4.5725507736206055
4,1255,4.513877868652344
4,1256,4.498554706573486
4,1257,4.531750679016113
4,1258,4.532322883605957
4,1259,4.597748756408691
4,1260,4.5229597091674805
4,1261,4.4387102127075195
4,1262,4.582106113433838
4,1263,4.511613845825195
4,1264,4.495845794677734
4,1265,4.432833671569824
4,1266,4.544894218444824
4,1267,4.517812728881836
4,1268,4.4474897384643555
4,1269,4.492992401123047
4,1270,4.427716255187988
4,1271,4.5113525390625
4,1272,4.403728485107422
4,1273,4.4370317459106445
4,1274,4.513856410980225
4,1275,4.426650047302246
4,1276,4.472890853881836
4,1277,4.51133918762207
4,1278,4.460038661956787
4,1279,4.455479621887207
4,1280,4.525517463684082
4,1281,4.460334777832031
4,1282,4.474692344665527
4,1283,4.473438262939453
4,1284,4.445542335510254
4,1285,4.508158206939697
4,1286,4.434303283691406
4,1287,4.469738483428955
4,1288,4.379549503326416
4,1289,4.560918807983398
4,1290,4.459079265594482
4,1291,4.4612274169921875
4,1292,4.570474624633789
4,1293,4.463775157928467
4,1294,4.478752613067627
4,1295,4.504333019256592
4,1296,4.483197212219238
4,1297,4.513350009918213
4,1298,4.520688056945801
4,1299,4.434317111968994
4,1300,4.5343427658081055
4,1301,4.488300323486328
4,1302,4.438735485076904
4,1303,4.548423767089844
4,1304,4.490252494812012
4,1305,4.5903215408325195
4,1306,4.456287860870361
4,1307,4.516534328460693
4,1308,4.477007865905762
4,1309,4.448731422424316
4,1310,4.392256259918213
4,1311,4.43625545501709
4,1312,4.60174560546875
4,1313,4.49062442779541
4,1314,4.562970161437988
4,1315,4.461864471435547
4,1316,4.469411849975586
4,1317,4.533740997314453
4,1318,4.497333526611328
4,1319,4.532472610473633
4,1320,4.490758895874023
4,1321,4.579338073730469
4,1322,4.455564498901367
4,1323,4.468605041503906
4,1324,4.5266852378845215
4,1325,4.556474685668945
4,1326,4.443829536437988
4,1327,4.452144622802734
4,1328,4.4589738845825195
4,1329,4.488385200500488
4,1330,4.5513176918029785
4,1331,4.477409839630127
4,1332,4.55235481262207
4,1333,4.442790985107422
4,1334,4.4854302406311035
4,1335,4.529780864715576
4,1336,4.523529529571533
4,1337,4.470614433288574
4,1338,4.405688762664795
4,1339,4.4251251220703125
4,1340,4.50862979888916
4,1341,4.433223724365234
4,1342,4.50111722946167
4,1343,4.479179382324219
4,1344,4.425651550292969
4,1345,4.440786361694336
4,1346,4.432002067565918
4,1347,4.5525970458984375
4,1348,4.495498180389404
4,1349,4.548980236053467
4,1350,4.497532844543457
4,1351,4.49072265625
4,1352,4.545453071594238
4,1353,4.504998683929443
4,1354,4.447906494140625
4,1355,4.55650520324707
4,1356,4.478487968444824
4,1357,4.424877643585205
4,1358,4.450677871704102
4,1359,4.441743850708008
4,1360,4.544224739074707
4,1361,4.464294910430908
4,1362,4.570241928100586
4,1363,4.502497673034668
4,1364,4.528726100921631
4,1365,4.451367378234863
4,1366,4.460890769958496
4,1367,4.433732032775879
4,1368,4.5253167152404785
4,1369,4.487835884094238
4,1370,4.569321155548096
4,1371,4.5230817794799805
4,1372,4.441220283508301
4,1373,4.445723533630371
4,1374,4.409859657287598
4,1375,4.464237689971924
4,1376,4.477725028991699
4,1377,4.544002532958984
4,1378,4.457737445831299
4,1379,4.484676361083984
4,1380,4.533698558807373
4,1381,4.515575408935547
4,1382,4.493768692016602
4,1383,4.457612991333008
4,1384,4.549579620361328
4,1385,4.454535961151123
4,1386,4.519968509674072
4,1387,4.464816093444824
4,1388,4.520977973937988
4,1389,4.4647979736328125
4,1390,4.473292350769043
4,1391,4.513522148132324
4,1392,4.450770854949951
4,1393,4.472860336303711
4,1394,4.532586097717285
4,1395,4.4918532371521
4,1396,4.524816989898682
4,1397,4.465724945068359
4,1398,4.429042816162109
4,1399,4.473069667816162
4,1400,4.444851875305176
4,1401,4.455324172973633
4,1402,4.473138809204102
4,1403,4.498077869415283
4,1404,4.596639156341553
4,1405,4.367281436920166
4,1406,4.5430588722229
4,1407,4.521488666534424
4,1408,4.503053665161133
4,1409,4.468279838562012
4,1410,4.598307132720947
4,1411,4.5572967529296875
4,1412,4.373194694519043
4,1413,4.474284648895264
4,1414,4.5395917892456055
4,1415,4.4305219650268555
4,1416,4.450936317443848
4,1417,4.519327163696289
4,1418,4.400801658630371
4,1419,4.4485321044921875
4,1420,4.475376605987549
4,1421,4.4954047203063965
4,1422,4.522138595581055
4,1423,4.518430709838867
4,1424,4.450675964355469
4,1425,4.459512710571289
4,1426,4.524206638336182
4,1427,4.5265607833862305
4,1428,4.4365668296813965
4,1429,4.515735626220703
4,1430,4.448168754577637
4,1431,4.517604827880859
4,1432,4.548187732696533
4,1433,4.522863864898682
4,1434,4.560037136077881
4,1435,4.489812850952148
4,1436,4.473663806915283
4,1437,4.461025238037109
4,1438,4.5449981689453125
4,1439,4.535632133483887
4,1440,4.489115238189697
4,1441,4.497780799865723
4,1442,4.513607978820801
4,1443,4.5197672843933105
4,1444,4.439239501953125
4,1445,4.545790672302246
4,1446,4.548831939697266
4,1447,4.432559967041016
4,1448,4.425820350646973
4,1449,4.498915672302246
4,1450,4.473661422729492
4,1451,4.624799728393555
4,1452,4.506132125854492
4,1453,4.543516159057617
4,1454,4.4937214851379395
4,1455,4.460084915161133
4,1456,4.46873664855957
4,1457,4.501688480377197
4,1458,4.445723056793213
4,1459,4.409210205078125
4,1460,4.5065178871154785
4,1461,4.527807235717773
4,1462,4.487468719482422
4,1463,4.507378578186035
4,1464,4.432765007019043
4,1465,4.526203155517578
4,1466,4.4712233543396
4,1467,4.44539213180542
4,1468,4.530759334564209
4,1469,4.468249797821045
4,1470,4.472294807434082
4,1471,4.404935836791992
4,1472,4.45742130279541
4,1473,4.496088027954102
4,1474,4.5006103515625
4,1475,4.404169082641602
4,1476,4.464263916015625
4,1477,4.450757026672363
4,1478,4.415083885192871
4,1479,4.517330169677734
4,1480,4.445310115814209
4,1481,4.397424221038818
4,1482,4.491055488586426
4,1483,4.41507625579834
4,1484,4.478939056396484
4,1485,4.4402875900268555
4,1486,4.428105354309082
4,1487,4.470677375793457
4,1488,4.553397178649902
4,1489,4.511359214782715
4,1490,4.502904415130615
4,1491,4.450107574462891
4,1492,4.545132637023926
4,1493,4.468459129333496
4,1494,4.51509428024292
4,1495,4.445825576782227
4,1496,4.453906059265137
4,1497,4.511172294616699
4,1498,4.405817985534668
4,1499,4.453422546386719
4,1500,4.4602885246276855
4,1501,4.492104530334473
4,1502,4.498319625854492
4,1503,4.517918109893799
4,1504,4.456613540649414
4,1505,4.453416347503662
4,1506,4.488032341003418
4,1507,4.494406700134277
4,1508,4.531256675720215
4,1509,4.5145673751831055
4,1510,4.453702926635742
4,1511,4.456615447998047
4,1512,4.47016716003418
4,1513,4.5268354415893555
4,1514,4.375837326049805
4,1515,4.5184478759765625
4,1516,4.481619358062744
4,1517,4.401060104370117
4,1518,4.393783092498779
4,1519,4.432072162628174
4,1520,4.488398551940918
4,1521,4.500190734863281
4,1522,4.489521026611328
4,1523,4.552436828613281
4,1524,4.429622173309326
4,1525,4.480579853057861
4,1526,4.477099418640137
4,1527,4.559170722961426
4,1528,4.463511943817139
4,1529,4.470737457275391
4,1530,4.430292129516602
4,1531,4.441728591918945
4,1532,4.541402339935303
4,1533,4.510682106018066
4,1534,4.463305950164795
4,1535,4.4349188804626465
4,1536,4.506965160369873
4,1537,4.48520565032959
4,1538,4.43773078918457
4,1539,4.546689033508301
4,1540,4.497906684875488
4,1541,4.477639198303223
4,1542,4.484983444213867
4,1543,4.463538646697998
4,1544,4.470961570739746
4,1545,4.445731163024902
4,1546,4.418734550476074
4,1547,4.461487770080566
4,1548,4.520083427429199
4,1549,4.441138744354248
4,1550,4.475663185119629
4,1551,4.5301899909973145
4,1552,4.463183403015137
4,1553,4.475427627563477
4,1554,4.494601726531982
4,1555,4.476160049438477
4,1556,4.398900508880615
4,1557,4.463854789733887
4,1558,4.488402366638184
4,1559,4.447836875915527
4,1560,4.5127973556518555
5,1561,4.508159637451172
5,1562,4.501103401184082
5,1563,4.386675834655762
5,1564,4.541571617126465
5,1565,4.415820121765137
5,1566,4.48529577255249
5,1567,4.441482067108154
5,1568,4.518263816833496
5,1569,4.467028617858887
5,1570,4.512599945068359
5,1571,4.405706405639648
5,1572,4.426947593688965
5,1573,4.487076759338379
5,1574,4.410562038421631
5,1575,4.450257301330566
5,1576,4.4931416511535645
5,1577,4.447881698608398
5,1578,4.445119857788086
5,1579,4.491219520568848
5,1580,4.438477993011475
5,1581,4.538127899169922
5,1582,4.441693305969238
5,1583,4.377439022064209
5,1584,4.486905097961426
5,1585,4.484474182128906
5,1586,4.40008544921875
5,1587,4.4402947425842285
5,1588,4.559225082397461
5,1589,4.5186309814453125
5,1590,4.388647556304932
5,1591,4.516099452972412
5,1592,4.41984748840332
5,1593,4.407191276550293
5,1594,4.398167610168457
5,1595,4.460639953613281
5,1596,4.520317554473877
5,1597,4.442280292510986
5,1598,4.429688453674316
5,1599,4.432660102844238
5,1600,4.463873863220215
5,1601,4.466285705566406
5,1602,4.391590595245361
5,1603,4.395481586456299
5,1604,4.467154502868652
5,1605,4.462238311767578
5,1606,4.4991536140441895
5,1607,4.45617151260376
5,1608,4.483752250671387
5,1609,4.420200347900391
5,1610,4.412193298339844
5,1611,4.393359184265137
5,1612,4.400146484375
5,1613,4.4824748039245605
5,1614,4.382251739501953
5,1615,4.424699306488037
5,1616,4.506740570068359
5,1617,4.4316816329956055
5,1618,4.446755886077881
5,1619,4.470601558685303
5,1620,4.386402130126953
5,1621,4.422996520996094
5,1622,4.424129486083984
5,1623,4.453846454620361
5,1624,4.455915451049805
5,1625,4.422430992126465
5,1626,4.395167350769043
5,1627,4.509965419769287
5,1628,4.4031901359558105
5,1629,4.504603385925293
5,1630,4.488327980041504
5,1631,4.547035217285156
5,1632,4.481624603271484
5,1633,4.463542461395264
5,1634,4.495214939117432
5,1635,4.467001914978027
5,1636,4.5571794509887695
5,1637,4.398159027099609
5,1638,4.498885154724121
5,1639,4.493643760681152
5,1640,4.484635353088379
5,1641,4.511486530303955
5,1642,4.433525085449219
5,1643,4.535163879394531
5,1644,4.434998512268066
5,1645,4.361094951629639
5,1646,4.415338039398193
5,1647,4.478341102600098
5,1648,4.466726779937744
5,1649,4.4301276206970215
5,1650,4.4642510414123535
5,1651,4.42813777923584
5,1652,4.449955940246582
5,1653,4.536614894866943
5,1654,4.444301605224609
5,1655,4.394642353057861
5,1656,4.426309108734131
5,1657,4.45145320892334
5,1658,4.469112873077393
5,1659,4.448724746704102
5,1660,4.491798400878906
5,1661,4.406153678894043
5,1662,4.486067771911621
5,1663,4.433842658996582
5,1664,4.400031089782715
5,1665,4.449862957000732
5,1666,4.407212257385254
5,1667,4.411420822143555
5,1668,4.415852069854736
5,1669,4.408555030822754
5,1670,4.422000885009766
5,1671,4.398369789123535
5,1672,4.442473888397217
5,1673,4.436452865600586
5,1674,4.360910892486572
5,1675,4.465976238250732
5,1676,4.399312973022461
5,1677,4.382323265075684
5,1678,4.441257476806641
5,1679,4.437586784362793
5,1680,4.469646453857422
5,1681,4.418746471405029
5,1682,4.466563701629639
5,1683,4.410951137542725
5,1684,4.455600261688232
5,1685,4.371797561645508
5,1686,4.470376968383789
5,1687,4.477007865905762
5,1688,4.480302810668945
5,1689,4.481227874755859
5,1690,4.469569683074951
5,1691,4.477550506591797
5,1692,4.490908145904541
5,1693,4.491367340087891
5,1694,4.414734363555908
5,1695,4.471862316131592
5,1696,4.450311660766602
5,1697,4.46455192565918
5,1698,4.493925094604492
5,1699,4.408474922180176
5,1700,4.361656665802002
5,1701,4.429332733154297
5,1702,4.429106712341309
5,1703,4.461342811584473
5,1704,4.3667192459106445
5,1705,4.424091339111328
5,1706,4.488615989685059
5,1707,4.427190780639648
5,1708,4.457027435302734
5,1709,4.380414962768555
5,1710,4.466897964477539
5,1711,4.414575576782227
5,1712,4.416599273681641
5,1713,4.459512710571289
5,1714,4.464354515075684
5,1715,4.4414286613464355
5,1716,4.372530937194824
5,1717,4.407205581665039
5,1718,4.430528163909912
5,1719,4.567527770996094
5,1720,4.458645820617676
5,1721,4.3911638259887695
5,1722,4.389098644256592
5,1723,4.4123735427856445
5,1724,4.457622528076172
5,1725,4.427959442138672
5,1726,4.401697158813477
5,1727,4.517659664154053
5,1728,4.453159332275391
5,1729,4.439584732055664
5,1730,4.479392051696777
5,1731,4.444365978240967
5,1732,4.407061576843262
5,1733,4.368678092956543
5,1734,4.555120944976807
5,1735,4.480842590332031
5,1736,4.394881725311279
5,1737,4.549457550048828
5,1738,4.523338317871094
5,1739,4.418099403381348
5,1740,4.467531204223633
5,1741,4.463286399841309
5,1742,4.484385967254639
5,1743,4.3997955322265625
5,1744,4.37523889541626
5,1745,4.459315299987793
5,1746,4.495706558227539
5,1747,4.401363372802734
5,1748,4.442676544189453
5,1749,4.396579742431641
5,1750,4.415999889373779
5,1751,4.414079666137695
5,1752,4.400151252746582
5,1753,4.49612283706665
5,1754,4.570212364196777
5,1755,4.4030914306640625
5,1756,4.429174423217773
5,1757,4.4384379386901855
5,1758,4.386306285858154
5,1759,4.428613662719727
5,1760,4.394386291503906
5,1761,4.426770210266113
5,1762,4.418066024780273
5,1763,4.492029190063477
5,1764,4.434926509857178
5,1765,4.435399532318115
5,1766,4.369060516357422
5,1767,4.412698268890381
5,1768,4.468308448791504
5,1769,4.432468891143799
5,1770,4.49257755279541
5,1771,4.3759284019470215
5,1772,4.417926788330078
5,1773,4.374940395355225
5,1774,4.514236927032471
5,1775,4.45255708694458
5,1776,4.4407501220703125
5,1777,4.410467147827148
5,1778,4.398372650146484
5,1779,4.485041618347168
5,1780,4.492730140686035
5,1781,4.465386867523193
5,1782,4.415317535400391
5,1783,4.428829193115234
5,1784,4.388669967651367
5,1785,4.470527648925781
5,1786,4.37099552154541
5,1787,4.406477928161621
5,1788,4.487514495849609
5,1789,4.393633842468262
5,1790,4.455293655395508
5,1791,4.404787063598633
5,1792,4.428920745849609
5,1793,4.362130165100098
5,1794,4.413912773132324
5,1795,4.439058303833008
5,1796,4.440217971801758
5,1797,4.412940979003906
5,1798,4.429862976074219
5,1799,4.432884216308594
5,1800,4.4595112800598145
5,1801,4.4039764404296875
5,1802,4.514937400817871
5,1803,4.436481475830078
5,1804,4.364258766174316
5,1805,4.484611511230469
5,1806,4.389866828918457
5,1807,4.386319160461426
5,1808,4.457308769226074
5,1809,4.446624755859375
5,1810,4.5292863845825195
5,1811,4.431302547454834
5,1812,4.4314985275268555
5,1813,4.4435319900512695
5,1814,4.457393169403076
5,1815,4.461287021636963
5,1816,4.467412948608398
5,1817,4.405366897583008
5,1818,4.36763334274292
5,1819,4.400339126586914
5,1820,4.441948890686035
5,1821,4.4415974617004395
5,1822,4.418539047241211
5,1823,4.502307891845703
5,1824,4.482818603515625
5,1825,4.395957946777344
5,1826,4.396065711975098
5,1827,4.482963562011719
5,1828,4.5388078689575195
5,1829,4.4308342933654785
5,1830,4.393160820007324
5,1831,4.419044494628906
5,1832,4.472432613372803
5,1833,4.378629684448242
5,1834,4.394879341125488
5,1835,4.427774906158447
5,1836,4.357128143310547
5,1837,4.4568657875061035
5,1838,4.356077194213867
5,1839,4.447615623474121
5,1840,4.423817157745361
5,1841,4.519876003265381
5,1842,4.446868419647217
5,1843,4.406702995300293
5,1844,4.421414375305176
5,1845,4.438991546630859
5,1846,4.389608860015869
5,1847,4.389883995056152
5,1848,4.373132705688477
5,1849,4.449611663818359
5,1850,4.47624397277832
5,1851,4.393048286437988
5,1852,4.428571701049805
5,1853,4.414222717285156
5,1854,4.423230171203613
5,1855,4.45608377456665
5,1856,4.525568008422852
5,1857,4.438104629516602
5,1858,4.451765060424805
5,1859,4.4588518142700195
5,1860,4.422787666320801
5,1861,4.427541255950928
5,1862,4.423690319061279
5,1863,4.500385284423828
5,1864,4.3972015380859375
5,1865,4.450229644775391
5,1866,4.453871726989746
5,1867,4.384034633636475
5,1868,4.395995616912842
5,1869,4.5118794441223145
5,1870,4.433575630187988
5,1871,4.500960350036621
5,1872,4.365740776062012
5,1873,4.467536926269531
5,1874,4.48173713684082
5,1875,4.492619037628174
5,1876,4.378121852874756
5,1877,4.420773029327393
5,1878,4.338902473449707
5,1879,4.396088600158691
5,1880,4.436856746673584
5,1881,4.459252834320068
5,1882,4.381868362426758
5,1883,4.476354598999023
5,1884,4.504014492034912
5,1885,4.433759689331055
5,1886,4.428219795227051
5,1887,4.426418304443359
5,1888,4.455550193786621
5,1889,4.36232852935791
5,1890,4.451968669891357
5,1891,4.412872791290283
5,1892,4.421579360961914
5,1893,4.4380364418029785
5,1894,4.433794021606445
5,1895,4.413758277893066
5,1896,4.399555206298828
5,1897,4.411035537719727
5,1898,4.339555263519287
5,1899,4.4694437980651855
5,1900,4.4219279289245605
5,1901,4.4813151359558105
5,1902,4.4127373695373535
5,1903,4.432770729064941
5,1904,4.501747131347656
5,1905,4.4197845458984375
5,1906,4.50444221496582
5,1907,4.40793514251709
5,1908,4.44730281829834
5,1909,4.431026458740234
5,1910,4.399775981903076
5,1911,4.380257606506348
5,1912,4.433081150054932
5,1913,4.361933708190918
5,1914,4.409978866577148
5,1915,4.406800746917725
5,1916,4.4460039138793945
5,1917,4.417524337768555
5,1918,4.387627601623535
5,1919,4.45125675201416
5,1920,4.5106916427612305
5,1921,4.416840553283691
5,1922,4.4120683670043945
5,1923,4.466194152832031
5,1924,4.392991065979004
5,1925,4.469169616699219
5,1926,4.415729522705078
5,1927,4.4411444664001465
5,1928,4.4521074295043945
5,1929,4.383419513702393
5,1930,4.418733596801758
5,1931,4.457635402679443
5,1932,4.469442367553711
5,1933,4.479484558105469
5,1934,4.451086044311523
5,1935,4.449936389923096
5,1936,4.362227439880371
5,1937,4.402941703796387
5,1938,4.498619079589844
5,1939,4.458589553833008
5,1940,4.3854522705078125
5,1941,4.444565773010254
5,1942,4.43703031539917
5,1943,4.530406951904297
5,1944,4.457067489624023
5,1945,4.45191764831543
5,1946,4.404203414916992
5,1947,4.435936450958252
5,1948,4.3967084884643555
5,1949,4.49584436416626
5,1950,4.43086051940918
6,1951,4.379947662353516
6,1952,4.376560211181641
6,1953,4.392592906951904
6,1954,4.406315803527832
6,1955,4.371603012084961
6,1956,4.478703022003174
6,1957,4.390678405761719
6,1958,4.428647994995117
6,1959,4.391153812408447
6,1960,4.398575782775879
6,1961,4.456871032714844
6,1962,4.404829978942871
6,1963,4.387188911437988
6,1964,4.426469326019287
6,1965,4.411025524139404
6,1966,4.475996017456055
6,1967,4.422004699707031
6,1968,4.43879508972168
6,1969,4.465704917907715
6,1970,4.454387664794922
6,1971,4.516446113586426
6,1972,4.42526912689209
6,1973,4.401979446411133
6,1974,4.439624309539795
6,1975,4.377525329589844
6,1976,4.4776105880737305
6,1977,4.4553751945495605
6,1978,4.4176812171936035
6,1979,4.50154972076416
6,1980,4.452548980712891
6,1981,4.443792343139648
6,1982,4.490856170654297
6,1983,4.462734222412109
6,1984,4.440479755401611
6,1985,4.4367475509643555
6,1986,4.389156818389893
6,1987,4.339404582977295
6,1988,4.388717174530029
6,1989,4.365983486175537
6,1990,4.45151424407959
6,1991,4.455247402191162
6,1992,4.370912551879883
6,1993,4.373612403869629
6,1994,4.379031181335449
6,1995,4.416268348693848
6,1996,4.360287189483643
6,1997,4.344088554382324
6,1998,4.41908597946167
6,1999,4.460355758666992
6,2000,4.436122894287109
6,2001,4.361417770385742
6,2002,4.42190408706665
6,2003,4.406128883361816
6,2004,4.305973052978516
6,2005,4.319610595703125
6,2006,4.401503562927246
6,2007,4.401401042938232
6,2008,4.410861015319824
6,2009,4.467729568481445
6,2010,4.382081031799316
6,2011,4.478780746459961
6,2012,4.311368942260742
6,2013,4.351264953613281
6,2014,4.394568920135498
6,2015,4.3374342918396
6,2016,4.378294467926025
6,2017,4.460888862609863
6,2018,4.452362060546875
6,2019,4.368684768676758
6,2020,4.485187530517578
6,2021,4.457625389099121
6,2022,4.382448196411133
6,2023,4.412805080413818
6,2024,4.432755470275879
6,2025,4.3632683753967285
6,2026,4.401684761047363
6,2027,4.407325744628906
6,2028,4.3762993812561035
6,2029,4.357690334320068
6,2030,4.392337799072266
6,2031,4.445709705352783
6,2032,4.403306007385254
6,2033,4.416019439697266
6,2034,4.4587721824646
6,2035,4.38065767288208
6,2036,4.357650279998779
6,2037,4.430331230163574
6,2038,4.404947757720947
6,2039,4.403172492980957
6,2040,4.349508285522461
6,2041,4.462299823760986
6,2042,4.399970054626465
6,2043,4.473991394042969
6,2044,4.326657772064209
6,2045,4.375298976898193
6,2046,4.394469261169434
6,2047,4.465366363525391
6,2048,4.410819053649902
6,2049,4.353750228881836
6,2050,4.408411979675293
6,2051,4.394589424133301
6,2052,4.350373268127441
6,2053,4.363451957702637
6,2054,4.413754463195801
6,2055,4.372744560241699
6,2056,4.4080729484558105
6,2057,4.409214973449707
6,2058,4.313414096832275
6,2059,4.439432144165039
6,2060,4.392077445983887
6,2061,4.478160858154297
6,2062,4.484967231750488
6,2063,4.426763534545898
6,2064,4.438955307006836
6,2065,4.43457555770874
6,2066,4.484081268310547
6,2067,4.408097267150879
6,2068,4.357637405395508
6,2069,4.3651227951049805
6,2070,4.4004716873168945
6,2071,4.466377258300781
6,2072,4.361057281494141
6,2073,4.400053977966309
6,2074,4.427947998046875
6,2075,4.470155239105225
6,2076,4.413086891174316
6,2077,4.424824237823486
6,2078,4.353485584259033
6,2079,4.349536895751953
6,2080,4.443086624145508
6,2081,4.415884971618652
6,2082,4.3804931640625
6,2083,4.481952667236328
6,2084,4.439873218536377
6,2085,4.448511600494385
6,2086,4.341048240661621
6,2087,4.452645778656006
6,2088,4.372797012329102
6,2089,4.3916015625
6,2090,4.287768363952637
6,2091,4.408329010009766
6,2092,4.3863983154296875
6,2093,4.369801044464111
6,2094,4.459593296051025
6,2095,4.409852504730225
6,2096,4.480362892150879
6,2097,4.343275547027588
6,2098,4.408916473388672
6,2099,4.498652458190918
6,2100,4.428962707519531
6,2101,4.418875694274902
6,2102,4.400758266448975
6,2103,4.4045844078063965
6,2104,4.435700416564941
6,2105,4.3956193923950195
6,2106,4.403445243835449
6,2107,4.385432720184326
6,2108,4.425442695617676
6,2109,4.346724033355713
6,2110,4.420753002166748
6,2111,4.459273338317871
6,2112,4.449138641357422
6,2113,4.430074691772461
6,2114,4.394702911376953
6,2115,4.372339725494385
6,2116,4.3840742111206055
6,2117,4.400315284729004
6,2118,4.3317365646362305
6,2119,4.394198417663574
6,2120,4.374721050262451
6,2121,4.434028625488281
6,2122,4.373916149139404
6,2123,4.449224948883057
6,2124,4.418329238891602
6,2125,4.331784725189209
6,2126,4.447154998779297
6,2127,4.510341644287109
6,2128,4.334948539733887
6,2129,4.423558712005615
6,2130,4.341570854187012
6,2131,4.349611282348633
6,2132,4.378556251525879
6,2133,4.415890693664551
6,2134,4.384369850158691
6,2135,4.453207492828369
6,2136,4.3516845703125
6,2137,4.45100736618042
6,2138,4.405529022216797
6,2139,4.422406196594238
6,2140,4.389676094055176
6,2141,4.344118595123291
6,2142,4.427857398986816
6,2143,4.423720359802246
6,2144,4.426270484924316
6,2145,4.437557220458984
6,2146,4.39074182510376
6,2147,4.394658088684082
6,2148,4.491950988769531
6,2149,4.436251640319824
6,2150,4.422881603240967
6,2151,4.418450355529785
6,2152,4.370780944824219
6,2153,4.323938846588135
6,2154,4.383779048919678
6,2155,4.395350933074951
6,2156,4.467373847961426
6,2157,4.432567119598389
6,2158,4.406331539154053
6,2159,4.4000244140625
6,2160,4.395753860473633
6,2161,4.31769323348999
6,2162,4.457348823547363
6,2163,4.311692714691162
6,2164,4.4089789390563965
6,2165,4.404083728790283
6,2166,4.348496437072754
6,2167,4.447813034057617
6,2168,4.374770164489746
6,2169,4.359661102294922
6,2170,4.427345275878906
6,2171,4.391366958618164
6,2172,4.3696465492248535
6,2173,4.4097442626953125
6,2174,4.40824031829834
6,2175,4.421592712402344
6,2176,4.401254653930664
6,2177,4.384329795837402
6,2178,4.430241584777832
6,2179,4.349307060241699
6,2180,4.399092197418213
6,2181,4.4107160568237305
6,2182,4.444464683532715
6,2183,4.3734517097473145
6,2184,4.376677989959717
6,2185,4.435863018035889
6,2186,4.367526054382324
6,2187,4.434769153594971
6,2188,4.416555404663086
6,2189,4.395772457122803
6,2190,4.367523193359375
6,2191,4.384765148162842
6,2192,4.373508453369141
6,2193,4.472404479980469
6,2194,4.36881160736084
6,2195,4.379303932189941
6,2196,4.437480926513672
6,2197,4.453783988952637
6,2198,4.4075775146484375
6,2199,4.419284820556641
6,2200,4.4466423988342285
6,2201,4.471829414367676
6,2202,4.362846374511719
6,2203,4.407586097717285
6,2204,4.428005218505859
6,2205,4.478813171386719
6,2206,4.364042282104492
6,2207,4.395817756652832
6,2208,4.276149272918701
6,2209,4.382870197296143
6,2210,4.405421257019043
6,2211,4.416866302490234
6,2212,4.44825553894043
6,2213,4.403751373291016
6,2214,4.374850273132324
6,2215,4.374721527099609
6,2216,4.383330345153809
6,2217,4.382010459899902
6,2218,4.375770092010498
6,2219,4.364932060241699
6,2220,4.373642921447754
6,2221,4.31566047668457
6,2222,4.444324493408203
6,2223,4.332576274871826
6,2224,4.416630744934082
6,2225,4.4113264083862305
6,2226,4.411386013031006
6,2227,4.33353328704834
6,2228,4.3967132568359375
6,2229,4.418203830718994
6,2230,4.427332878112793
6,2231,4.424698352813721
6,2232,4.30148983001709
6,2233,4.415372371673584
6,2234,4.388603210449219
6,2235,4.39933443069458
6,2236,4.380926609039307
6,2237,4.350470542907715
6,2238,4.39979362487793
6,2239,4.387714385986328
6,2240,4.456557750701904
6,2241,4.408830642700195
6,2242,4.348509788513184
6,2243,4.394326210021973
6,2244,4.337435722351074
6,2245,4.445372581481934
6,2246,4.427656650543213
6,2247,4.354982376098633
6,2248,4.345963478088379
6,2249,4.394275665283203
6,2250,4.377501487731934
6,2251,4.444548606872559
6,2252,4.372618198394775
6,2253,4.455738067626953
6,2254,4.37816047668457
6,2255,4.389694690704346
6,2256,4.370428085327148
6,2257,4.381788730621338
6,2258,4.387522220611572
6,2259,4.400921821594238
6,2260,4.479848861694336
6,2261,4.351132392883301
6,2262,4.413455963134766
6,2263,4.451816082000732
6,2264,4.428593158721924
6,2265,4.477520942687988
6,2266,4.308680057525635
6,2267,4.407917022705078
6,2268,4.358967304229736
6,2269,4.327662944793701
6,2270,4.353129863739014
6,2271,4.412624359130859
6,2272,4.329042911529541
6,2273,4.416129112243652
6,2274,4.359048843383789
6,2275,4.312743186950684
6,2276,4.347332954406738
6,2277,4.36760139465332
6,2278,4.4036383628845215
6,2279,4.355319976806641
6,2280,4.425718307495117
6,2281,4.41994571685791
6,2282,4.433233261108398
6,2283,4.41565465927124
6,2284,4.439541816711426
6,2285,4.360415458679199
6,2286,4.3289408683776855
6,2287,4.437259674072266
6,2288,4.398052215576172
6,2289,4.43131685256958
6,2290,4.393804550170898
6,2291,4.422718048095703
6,2292,4.353968143463135
6,2293,4.386758804321289
6,2294,4.396747589111328
6,2295,4.368289947509766
6,2296,4.389190673828125
6,2297,4.441755294799805
6,2298,4.443092346191406
6,2299,4.388157367706299
6,2300,4.320925235748291
6,2301,4.3656768798828125
6,2302,4.337220191955566
6,2303,4.438997745513916
6,2304,4.425253391265869
6,2305,4.45488977432251
6,2306,4.4211320877075195
6,2307,4.439611911773682
6,2308,4.378445625305176
6,2309,4.452983379364014
6,2310,4.397306442260742
6,2311,4.400069236755371
6,2312,4.4761457443237305
6,2313,4.374189376831055
6,2314,4.372137069702148
6,2315,4.476907730102539
6,2316,4.378340721130371
6,2317,4.351222991943359
6,2318,4.408752918243408
6,2319,4.369626045227051
6,2320,4.394415378570557
6,2321,4.349979400634766
6,2322,4.437676906585693
6,2323,4.455593109130859
6,2324,4.42641019821167
6,2325,4.462672233581543
6,2326,4.377741813659668
6,2327,4.328073501586914
6,2328,4.396566390991211
6,2329,4.423833847045898
6,2330,4.398118019104004
6,2331,4.366846561431885
6,2332,4.461015701293945
6,2333,4.4349446296691895
6,2334,4.377993583679199
6,2335,4.392613410949707
6,2336,4.322971820831299
6,2337,4.434099197387695
6,2338,4.335862159729004
6,2339,4.417210578918457
6,2340,4.393499374389648
7,2341,4.400735378265381
7,2342,4.386513710021973
7,2343,4.324288368225098
7,2344,4.393136024475098
7,2345,4.2999267578125
7,2346,4.371322154998779
7,2347,4.420493125915527
7,2348,4.4916229248046875
7,2349,4.39400577545166
7,2350,4.341339111328125
7,2351,4.369707107543945
7,2352,4.413975715637207
7,2353,4.378600120544434
7,2354,4.3612470626831055
7,2355,4.361333847045898
7,2356,4.409809589385986
7,2357,4.4313836097717285
7,2358,4.38503885269165
7,2359,4.365246772766113
7,2360,4.366109371185303
7,2361,4.363527297973633
7,2362,4.3051605224609375
7,2363,4.4281158447265625
7,2364,4.401264190673828
7,2365,4.418288230895996
7,2366,4.325586795806885
7,2367,4.303791046142578
7,2368,4.340046405792236
7,2369,4.296309947967529
7,2370,4.450681209564209
7,2371,4.330179214477539
7,2372,4.403746604919434
7,2373,4.388262748718262
7,2374,4.373874187469482
7,2375,4.317285537719727
7,2376,4.296884536743164
7,2377,4.357215404510498
7,2378,4.309476852416992
7,2379,4.426228046417236
7,2380,4.36295223236084
7,2381,4.410820484161377
7,2382,4.430955410003662
7,2383,4.40756893157959
7,2384,4.365053653717041
7,2385,4.404900550842285
7,2386,4.494592666625977
7,2387,4.352219581604004
7,2388,4.398610591888428
7,2389,4.356354236602783
7,2390,4.410128593444824
7,2391,4.387980937957764
7,2392,4.361500263214111
7,2393,4.337985038757324
7,2394,4.404507160186768
7,2395,4.395595073699951
7,2396,4.317623138427734
7,2397,4.377337455749512
7,2398,4.386152267456055
7,2399,4.322597980499268
7,2400,4.386014938354492
7,2401,4.468825340270996
7,2402,4.457038402557373
7,2403,4.385404109954834
7,2404,4.381048202514648
7,2405,4.3942365646362305
7,2406,4.350588321685791
7,2407,4.353578090667725
7,2408,4.382957458496094
7,2409,4.321905612945557
7,2410,4.393239498138428
7,2411,4.393385887145996
7,2412,4.361800670623779
7,2413,4.349884033203125
7,2414,4.383604526519775
7,2415,4.320254325866699
7,2416,4.395500183105469
7,2417,4.3902740478515625
7,2418,4.323136329650879
7,2419,4.371570587158203
7,2420,4.370020866394043
7,2421,4.3624653816223145
7,2422,4.383154392242432
7,2423,4.32872200012207
7,2424,4.289139270782471
7,2425,4.34665060043335
7,2426,4.444676399230957
7,2427,4.401710033416748
7,2428,4.332495212554932
7,2429,4.331551551818848
7,2430,4.415468215942383
7,2431,4.416430473327637
7,2432,4.434820175170898
7,2433,4.371934413909912
7,2434,4.392788887023926
7,2435,4.432361602783203
7,2436,4.456185817718506
7,2437,4.3347625732421875
7,2438,4.368250846862793
7,2439,4.430531024932861
7,2440,4.377217769622803
7,2441,4.370952606201172
7,2442,4.352816581726074
7,2443,4.339005470275879
7,2444,4.356817245483398
7,2445,4.440606594085693
7,2446,4.435719013214111
7,2447,4.390446662902832
7,2448,4.4018778800964355
7,2449,4.419577598571777
7,2450,4.42838716506958
7,2451,4.34151029586792
7,2452,4.425627708435059
7,2453,4.372228622436523
7,2454,4.370632171630859
7,2455,4.401207447052002
7,2456,4.330916404724121
7,2457,4.354864597320557
7,2458,4.3993048667907715
7,2459,4.399803161621094
7,2460,4.379327297210693
7,2461,4.355878829956055
7,2462,4.4726715087890625
7,2463,4.361429214477539
7,2464,4.361557960510254
7,2465,4.462826728820801
7,2466,4.32608699798584
7,2467,4.393362045288086
7,2468,4.450740814208984
7,2469,4.392356872558594
7,2470,4.4513750076293945
7,2471,4.414139747619629
7,2472,4.4188551902771
7,2473,4.382667064666748
7,2474,4.430657386779785
7,2475,4.38205623626709
7,2476,4.321707725524902
7,2477,4.405500411987305
7,2478,4.418109893798828
7,2479,4.483842849731445
7,2480,4.330682754516602
7,2481,4.411372184753418
7,2482,4.427245140075684
7,2483,4.413923263549805
7,2484,4.405867576599121
7,2485,4.334676265716553
7,2486,4.434421539306641
7,2487,4.31200647354126
7,2488,4.381505966186523
7,2489,4.388344764709473
7,2490,4.355792045593262
7,2491,4.400131702423096
7,2492,4.342103004455566
7,2493,4.391721725463867
7,2494,4.465693950653076
7,2495,4.347319602966309
7,2496,4.365713119506836
7,2497,4.3611040115356445
7,2498,4.314753532409668
7,2499,4.414004325866699
7,2500,4.315673828125
7,2501,4.3790788650512695
7,2502,4.413815498352051
7,2503,4.353018760681152
7,2504,4.377567291259766
7,2505,4.35785436630249
7,2506,4.3528594970703125
7,2507,4.3619585037231445
7,2508,4.326786041259766
7,2509,4.392417907714844
7,2510,4.429229736328125
7,2511,4.416678428649902
7,2512,4.379678726196289
7,2513,4.42390775680542
7,2514,4.374855995178223
7,2515,4.383770942687988
7,2516,4.423200607299805
7,2517,4.377529144287109
7,2518,4.39938497543335
7,2519,4.324218273162842
7,2520,4.411203861236572
7,2521,4.382702827453613
7,2522,4.419541358947754
7,2523,4.38892936706543
7,2524,4.329646587371826
7,2525,4.359755516052246
7,2526,4.343283653259277
7,2527,4.347070693969727
7,2528,4.34093713760376
7,2529,4.413204193115234
7,2530,4.354744911193848
7,2531,4.3124470710754395
7,2532,4.349567413330078
7,2533,4.439336776733398
7,2534,4.452243804931641
7,2535,4.422564506530762
7,2536,4.371379375457764
7,2537,4.364288330078125
7,2538,4.417009353637695
7,2539,4.404034614562988
7,2540,4.362436294555664
7,2541,4.434646129608154
7,2542,4.331932067871094
7,2543,4.310827255249023
7,2544,4.386106491088867
7,2545,4.42964506149292
7,2546,4.32319974899292
7,2547,4.4553632736206055
7,2548,4.46638298034668
7,2549,4.405803203582764
7,2550,4.360766410827637
7,2551,4.382268905639648
7,2552,4.4379119873046875
7,2553,4.3694658279418945
7,2554,4.348197937011719
7,2555,4.386286735534668
7,2556,4.386460781097412
7,2557,4.339692115783691
7,2558,4.427087783813477
7,2559,4.43983268737793
7,2560,4.434979438781738
7,2561,4.387393951416016
7,2562,4.3462629318237305
7,2563,4.411710739135742
7,2564,4.310317516326904
7,2565,4.383180618286133
7,2566,4.3432416915893555
7,2567,4.4528656005859375
7,2568,4.460697650909424
7,2569,4.356945037841797
7,2570,4.342130661010742
7,2571,4.396729946136475
7,2572,4.350079536437988
7,2573,4.366194725036621
7,2574,4.328121185302734
7,2575,4.362429618835449
7,2576,4.317580699920654
7,2577,4.389482498168945
7,2578,4.419938087463379
7,2579,4.371295928955078
7,2580,4.446965217590332
7,2581,4.37156343460083
7,2582,4.412176609039307
7,2583,4.417361736297607
7,2584,4.39620304107666
7,2585,4.397581100463867
7,2586,4.35499906539917
7,2587,4.442827224731445
7,2588,4.362783908843994
7,2589,4.393499851226807
7,2590,4.338484764099121
7,2591,4.3470659255981445
7,2592,4.375380516052246
7,2593,4.3874993324279785
7,2594,4.359360218048096
7,2595,4.433860778808594
7,2596,4.438060760498047
7,2597,4.34136438369751
7,2598,4.401518821716309
7,2599,4.343788146972656
7,2600,4.329394340515137
7,2601,4.411523818969727
7,2602,4.408818244934082
7,2603,4.316573143005371
7,2604,4.34092378616333
7,2605,4.418832778930664
7,2606,4.326906681060791
7,2607,4.394530296325684
7,2608,4.431163787841797
7,2609,4.309232234954834
7,2610,4.42506217956543
7,2611,4.407610893249512
7,2612,4.353615760803223
7,2613,4.359495639801025
7,2614,4.366061210632324
7,2615,4.325728893280029
7,2616,4.376411437988281
7,2617,4.319077491760254
7,2618,4.373310089111328
7,2619,4.409204483032227
7,2620,4.399144172668457
7,2621,4.354987144470215
7,2622,4.379826545715332
7,2623,4.366902828216553
7,2624,4.384971618652344
7,2625,4.36798095703125
7,2626,4.393548965454102
7,2627,4.387720108032227
7,2628,4.379321098327637
7,2629,4.38914155960083
7,2630,4.427615642547607
7,2631,4.279881477355957
7,2632,4.381208896636963
7,2633,4.406735420227051
7,2634,4.395382404327393
7,2635,4.403335094451904
7,2636,4.340926170349121
7,2637,4.362131118774414
7,2638,4.324014663696289
7,2639,4.383950710296631
7,2640,4.35890007019043
7,2641,4.353176593780518
7,2642,4.336213111877441
7,2643,4.422641754150391
7,2644,4.388609886169434
7,2645,4.302937030792236
7,2646,4.338859558105469
7,2647,4.436661720275879
7,2648,4.395410060882568
7,2649,4.360965251922607
7,2650,4.339014530181885
7,2651,4.355915069580078
7,2652,4.314108848571777
7,2653,4.3423871994018555
7,2654,4.38153076171875
7,2655,4.422253608703613
7,2656,4.333807945251465
7,2657,4.420823097229004
7,2658,4.357682228088379
7,2659,4.3948822021484375
7,2660,4.385392189025879
7,2661,4.324558258056641
7,2662,4.38730525970459
7,2663,4.338456630706787
7,2664,4.415992736816406
7,2665,4.346412658691406
7,2666,4.351870536804199
7,2667,4.426452159881592
7,2668,4.363428115844727
7,2669,4.431164741516113
7,2670,4.39176082611084
7,2671,4.354337692260742
7,2672,4.317259311676025
7,2673,4.378012657165527
7,2674,4.331879615783691
7,2675,4.345433235168457
7,2676,4.406418800354004
7,2677,4.390666484832764
7,2678,4.344648361206055
7,2679,4.362282752990723
7,2680,4.3307342529296875
7,2681,4.309747695922852
7,2682,4.365746974945068
7,2683,4.401506423950195
7,2684,4.4176435470581055
7,2685,4.409676551818848
7,2686,4.267788410186768
7,2687,4.379708766937256
7,2688,4.34141731262207
7,2689,4.395639896392822
7,2690,4.344853401184082
7,2691,4.401001930236816
7,2692,4.362627983093262
7,2693,4.368557929992676
7,2694,4.417542457580566
7,2695,4.389046669006348
7,2696,4.407735824584961
7,2697,4.335721015930176
7,2698,4.384437561035156
7,2699,4.386048316955566
7,2700,4.391035079956055
7,2701,4.331463813781738
7,2702,4.353405952453613
7,2703,4.340013027191162
7,2704,4.419410705566406
7,2705,4.380439758300781
7,2706,4.457108497619629
7,2707,4.31654167175293
7,2708,4.231761932373047
7,2709,4.335298538208008
7,2710,4.393709182739258
7,2711,4.357964992523193
7,2712,4.2922797203063965
7,2713,4.3315205574035645
7,2714,4.364284515380859
7,2715,4.357977867126465
7,2716,4.3854169845581055
7,2717,4.315343379974365
7,2718,4.352102279663086
7,2719,4.387303352355957
7,2720,4.353757858276367
7,2721,4.33768367767334
7,2722,4.351543426513672
7,2723,4.309927940368652
7,2724,4.34803581237793
7,2725,4.427667617797852
7,2726,4.354368686676025
7,2727,4.370206832885742
7,2728,4.340466499328613
7,2729,4.391772270202637
7,2730,4.3539581298828125
8,2731,4.289329528808594
8,2732,4.414385795593262
8,2733,4.368801116943359
8,2734,4.309502601623535
8,2735,4.401855945587158
8,2736,4.3313889503479
8,2737,4.31397008895874
8,2738,4.3535871505737305
8,2739,4.337945938110352
8,2740,4.347146034240723
8,2741,4.3708953857421875
8,2742,4.373310089111328
8,2743,4.357983112335205
8,2744,4.367550373077393
8,2745,4.2928266525268555
8,2746,4.3969831466674805
8,2747,4.349535942077637
8,2748,4.372926712036133
8,2749,4.310336112976074
8,2750,4.345104217529297
8,2751,4.3269147872924805
8,2752,4.327206611633301
8,2753,4.346312522888184
8,2754,4.29013204574585
8,2755,4.367277145385742
8,2756,4.345122337341309
8,2757,4.372647762298584
8,2758,4.362157344818115
8,2759,4.306460380554199
8,2760,4.350303649902344
8,2761,4.313413143157959
8,2762,4.3312788009643555
8,2763,4.319371223449707
8,2764,4.310788154602051
8,2765,4.391726016998291
8,2766,4.342479705810547
8,2767,4.455118179321289
8,2768,4.333593368530273
8,2769,4.405808448791504
8,2770,4.339980125427246
8,2771,4.342750549316406
8,2772,4.272679805755615
8,2773,4.294374465942383
8,2774,4.350933074951172
8,2775,4.361551284790039
8,2776,4.31627893447876
8,2777,4.280096054077148
8,2778,4.353503227233887
8,2779,4.339664936065674
8,2780,4.368257522583008
8,2781,4.378317356109619
8,2782,4.326489448547363
8,2783,4.356095314025879
8,2784,4.3891777992248535
8,2785,4.3617753982543945
8,2786,4.302072048187256
8,2787,4.373012065887451
8,2788,4.402621746063232
8,2789,4.342641830444336
8,2790,4.337652206420898
8,2791,4.322320938110352
8,2792,4.3285675048828125
8,2793,4.3825602531433105
8,2794,4.3640241622924805
8,2795,4.367094039916992
8,2796,4.389385223388672
8,2797,4.387114524841309
8,2798,4.365175247192383
8,2799,4.417606353759766
8,2800,4.421666145324707
8,2801,4.394251823425293
8,2802,4.369697093963623
8,2803,4.310665130615234
8,2804,4.361669063568115
8,2805,4.323687553405762
8,2806,4.354767799377441
8,2807,4.346498489379883
8,2808,4.39632511138916
8,2809,4.319423675537109
8,2810,4.388523101806641
8,2811,4.283208847045898
8,2812,4.349223613739014
8,2813,4.3133544921875
8,2814,4.298333168029785
8,2815,4.399063587188721
8,2816,4.328429222106934
8,2817,4.259010314941406
8,2818,4.377668380737305
8,2819,4.31772518157959
8,2820,4.360796928405762
8,2821,4.332192420959473
8,2822,4.421154022216797
8,2823,4.417129993438721
8,2824,4.31795072555542
8,2825,4.337416648864746
8,2826,4.328707218170166
8,2827,4.401872634887695
8,2828,4.3811750411987305
8,2829,4.330498695373535
8,2830,4.436086654663086
8,2831,4.318362712860107
8,2832,4.351931095123291
8,2833,4.297530174255371
8,2834,4.336889743804932
8,2835,4.279903888702393
8,2836,4.3737711906433105
8,2837,4.379587650299072
8,2838,4.2784881591796875
8,2839,4.3768534660339355
8,2840,4.38083028793335
8,2841,4.372961044311523
8,2842,4.35550594329834
8,2843,4.305734634399414
8,2844,4.2552714347839355
8,2845,4.359663486480713
8,2846,4.320766448974609
8,2847,4.445590972900391
8,2848,4.340193748474121
8,2849,4.338218688964844
8,2850,4.3246541023254395
8,2851,4.304507732391357
8,2852,4.3533172607421875
8,2853,4.33612060546875
8,2854,4.364011764526367
8,2855,4.401978492736816
8,2856,4.370889186859131
8,2857,4.314802646636963
8,2858,4.339669704437256
8,2859,4.392607688903809
8,2860,4.3802490234375
8,2861,4.480720520019531
8,2862,4.328071594238281
8,2863,4.398625373840332
8,2864,4.34745979309082
8,2865,4.335382461547852
8,2866,4.362773895263672
8,2867,4.370884895324707
8,2868,4.340195655822754
8,2869,4.370889186859131
8,2870,4.401822090148926
8,2871,4.366049289703369
8,2872,4.374941825866699
8,2873,4.359411716461182
8,2874,4.435788154602051
8,2875,4.393789768218994
8,2876,4.383122444152832
8,2877,4.389531135559082
8,2878,4.428947925567627
8,2879,4.345284461975098
8,2880,4.463772773742676
8,2881,4.431682586669922
8,2882,4.315277099609375
8,2883,4.375602722167969
8,2884,4.361147403717041
8,2885,4.38836145401001
8,2886,4.433440685272217
8,2887,4.318173408508301
8,2888,4.4484710693359375
8,2889,4.370262145996094
8,2890,4.369855880737305
8,2891,4.322071552276611
8,2892,4.326881408691406
8,2893,4.366366863250732
8,2894,4.413917541503906
8,2895,4.414370536804199
8,2896,4.41207218170166
8,2897,4.313002109527588
8,2898,4.319628715515137
8,2899,4.340849876403809
8,2900,4.404715538024902
8,2901,4.336482524871826
8,2902,4.35974645614624
8,2903,4.395652770996094
8,2904,4.305920124053955
8,2905,4.45090913772583
8,2906,4.389321804046631
8,2907,4.325245380401611
8,2908,4.321139812469482
8,2909,4.355919361114502
8,2910,4.333430290222168
8,2911,4.419927597045898
8,2912,4.388930797576904
8,2913,4.4288411140441895
8,2914,4.342935562133789
8,2915,4.336385726928711
8,2916,4.330931186676025
8,2917,4.339939117431641
8,2918,4.313473224639893
8,2919,4.385163307189941
8,2920,4.261715888977051
8,2921,4.397497177124023
8,2922,4.344435691833496
8,2923,4.297763824462891
8,2924,4.360382080078125
8,2925,4.371559143066406
8,2926,4.379369258880615
8,2927,4.319830894470215
8,2928,4.370988368988037
8,2929,4.306726455688477
8,2930,4.292739391326904
8,2931,4.411378860473633
8,2932,4.319579124450684
8,2933,4.301792621612549
8,2934,4.340194225311279
8,2935,4.334473609924316
8,2936,4.347578048706055
8,2937,4.377608776092529
8,2938,4.365182876586914
8,2939,4.31516695022583
8,2940,4.35307502746582
8,2941,4.362399101257324
8,2942,4.367020606994629
8,2943,4.38082218170166
8,2944,4.344964981079102
8,2945,4.333549976348877
8,2946,4.327258110046387
8,2947,4.268777370452881
8,2948,4.373048782348633
8,2949,4.351083278656006
8,2950,4.338028430938721
8,2951,4.406416893005371
8,2952,4.370004653930664
8,2953,4.272003650665283
8,2954,4.404897689819336
8,2955,4.379335880279541
8,2956,4.338840484619141
8,2957,4.280689239501953
8,2958,4.371611595153809
8,2959,4.353963851928711
8,2960,4.360594749450684
8,2961,4.303887367248535
8,2962,4.30255126953125
8,2963,4.345180511474609
8,2964,4.366814613342285
8,2965,4.377939224243164
8,2966,4.339111804962158
8,2967,4.313270568847656
8,2968,4.411244869232178
8,2969,4.35554838180542
8,2970,4.3191094398498535
8,2971,4.297281742095947
8,2972,4.363238334655762
8,2973,4.289506912231445
8,2974,4.344710350036621
8,2975,4.342864036560059
8,2976,4.40126895904541
8,2977,4.358892440795898
8,2978,4.394289493560791
8,2979,4.342687129974365
8,2980,4.399174690246582
8,2981,4.350672721862793
8,2982,4.214511871337891
8,2983,4.40703821182251
8,2984,4.3535614013671875
8,2985,4.354752540588379
8,2986,4.266951560974121
8,2987,4.39774227142334
8,2988,4.2919440269470215
8,2989,4.38161563873291
8,2990,4.4076972007751465
8,2991,4.390044212341309
8,2992,4.3260650634765625
8,2993,4.3428544998168945
8,2994,4.324427127838135
8,2995,4.289017677307129
8,2996,4.42041015625
8,2997,4.298466205596924
8,2998,4.340721130371094
8,2999,4.297699928283691
8,3000,4.280876636505127
8,3001,4.4066691398620605
8,3002,4.366452693939209
8,3003,4.40834903717041
8,3004,4.307735443115234
8,3005,4.294750690460205
8,3006,4.394796371459961
8,3007,4.412076950073242
8,3008,4.460373401641846
8,3009,4.259585380554199
8,3010,4.3796281814575195
8,3011,4.402346611022949
8,3012,4.320838451385498
8,3013,4.276744842529297
8,3014,4.369994163513184
8,3015,4.3396687507629395
8,3016,4.332162857055664
8,3017,4.402485370635986
8,3018,4.327271461486816
8,3019,4.38885498046875
8,3020,4.381588935852051
8,3021,4.320003986358643
8,3022,4.380946636199951
8,3023,4.3397135734558105
8,3024,4.379307746887207
8,3025,4.332759857177734
8,3026,4.329880714416504
8,3027,4.31416130065918
8,3028,4.319155693054199
8,3029,4.269514560699463
8,3030,4.419153213500977
8,3031,4.378355026245117
8,3032,4.343397617340088
8,3033,4.387375831604004
8,3034,4.298215866088867
8,3035,4.319758415222168
8,3036,4.264705657958984
8,3037,4.383462905883789
8,3038,4.386789321899414
8,3039,4.37523889541626
8,3040,4.40017032623291
8,3041,4.3336992263793945
8,3042,4.402656078338623
8,3043,4.420416831970215
8,3044,4.429749488830566
8,3045,4.337341785430908
8,3046,4.337591171264648
8,3047,4.374334812164307
8,3048,4.322084903717041
8,3049,4.368505001068115
8,3050,4.317099094390869
8,3051,4.329739570617676
8,3052,4.324909687042236
8,3053,4.352256774902344
8,3054,4.401973724365234
8,3055,4.316493034362793
8,3056,4.392996788024902
8,3057,4.446474552154541
8,3058,4.455447196960449
8,3059,4.3721923828125
8,3060,4.356759548187256
8,3061,4.4036126136779785
8,3062,4.3322625160217285
8,3063,4.437386512756348
8,3064,4.309819221496582
8,3065,4.314344882965088
8,3066,4.35546875
8,3067,4.344704627990723
8,3068,4.4134745597839355
8,3069,4.343314170837402
8,3070,4.308706760406494
8,3071,4.368862152099609
8,3072,4.427731990814209
8,3073,4.407308578491211
8,3074,4.379236221313477
8,3075,4.270633697509766
8,3076,4.370401382446289
8,3077,4.3550496101379395
8,3078,4.341768264770508
8,3079,4.421489238739014
8,3080,4.342592239379883
8,3081,4.344784259796143
8,3082,4.307992935180664
8,3083,4.298308372497559
8,3084,4.28098726272583
8,3085,4.367927074432373
8,3086,4.360689640045166
8,3087,4.344475746154785
8,3088,4.301233291625977
8,3089,4.350846290588379
8,3090,4.283665657043457
8,3091,4.371146202087402
8,3092,4.309125900268555
8,3093,4.3954081535339355
8,3094,4.351991653442383
8,3095,4.2809648513793945
8,3096,4.359010219573975
8,3097,4.33408260345459
8,3098,4.302879810333252
8,3099,4.4185099601745605
8,3100,4.3354997634887695
8,3101,4.315388202667236
8,3102,4.373532772064209
8,3103,4.388433933258057
8,3104,4.393771171569824
8,3105,4.391257286071777
8,3106,4.396293640136719
8,3107,4.4339470863342285
8,3108,4.34088134765625
8,3109,4.305517196655273
8,3110,4.343765735626221
8,3111,4.379202842712402
8,3112,4.394465446472168
8,3113,4.322150230407715
8,3114,4.328286170959473
8,3115,4.297853946685791
8,3116,4.341454029083252
8,3117,4.346423149108887
8,3118,4.2952728271484375
8,3119,4.384417533874512
8,3120,4.313442230224609
9,3121,4.251111030578613
9,3122,4.353527069091797
9,3123,4.3903656005859375
9,3124,4.36207389831543
9,3125,4.291869163513184
9,3126,4.317254066467285
9,3127,4.295807838439941
9,3128,4.323209762573242
9,3129,4.299437522888184
9,3130,4.359735012054443
9,3131,4.282547950744629
9,3132,4.375661373138428
9,3133,4.304283142089844
9,3134,4.3660430908203125
9,3135,4.382358551025391
9,3136,4.377378940582275
9,3137,4.367343902587891
9,3138,4.371291637420654
9,3139,4.308204650878906
9,3140,4.367560386657715
9,3141,4.357834815979004
9,3142,4.330965042114258
9,3143,4.258810520172119
9,3144,4.372644424438477
9,3145,4.3340325355529785
9,3146,4.347314834594727
9,3147,4.342051982879639
9,3148,4.419312477111816
9,3149,4.336076736450195
9,3150,4.376603126525879
9,3151,4.377502918243408
9,3152,4.291027069091797
9,3153,4.395545959472656
9,3154,4.260648250579834
9,3155,4.3935866355896
9,3156,4.374999046325684
9,3157,4.391120433807373
9,3158,4.255297660827637
9,3159,4.449215888977051
9,3160,4.345707893371582
9,3161,4.336837291717529
9,3162,4.345492362976074
9,3163,4.285001754760742
9,3164,4.300597190856934
9,3165,4.374695777893066
9,3166,4.454847812652588
9,3167,4.304116249084473
9,3168,4.327115058898926
9,3169,4.27131462097168
9,3170,4.39487361907959
9,3171,4.275156021118164
9,3172,4.323057651519775
9,3173,4.292489051818848
9,3174,4.358710765838623
9,3175,4.318174839019775
9,3176,4.369685173034668
9,3177,4.327818870544434
9,3178,4.27777099609375
9,3179,4.330201148986816
9,3180,4.316865921020508
9,3181,4.418017387390137
9,3182,4.379945755004883
9,3183,4.26275634765625
9,3184,4.376175880432129
9,3185,4.484528064727783
9,3186,4.407670021057129
9,3187,4.372645378112793
9,3188,4.377076148986816
9,3189,4.291226387023926
9,3190,4.325742721557617
9,3191,4.340153694152832
9,3192,4.449512958526611
9,3193,4.327136039733887
9,3194,4.354426383972168
9,3195,4.328615188598633
9,3196,4.332925796508789
9,3197,4.349656581878662
9,3198,4.360191345214844
9,3199,4.315467834472656
9,3200,4.395685195922852
9,3201,4.285808563232422
9,3202,4.272670269012451
9,3203,4.380339622497559
9,3204,4.30787467956543
9,3205,4.341621398925781
9,3206,4.381120681762695
9,3207,4.309394836425781
9,3208,4.314633369445801
9,3209,4.34965181350708
9,3210,4.303802490234375
9,3211,4.319426536560059
9,3212,4.331316947937012
9,3213,4.273037910461426
9,3214,4.384987831115723
9,3215,4.350798606872559
9,3216,4.3721923828125
9,3217,4.4119062423706055
9,3218,4.367565155029297
9,3219,4.31341552734375
9,3220,4.32045841217041
9,3221,4.314727306365967
9,3222,4.336625576019287
9,3223,4.348578453063965
9,3224,4.342140197753906
9,3225,4.375221252441406
9,3226,4.324472427368164
9,3227,4.309510707855225
9,3228,4.291109085083008
9,3229,4.363501071929932
9,3230,4.25676155090332
9,3231,4.3678083419799805
9,3232,4.322868347167969
9,3233,4.366509914398193
9,3234,4.4022111892700195
9,3235,4.415526866912842
9,3236,4.2736592292785645
9,3237,4.263864994049072
9,3238,4.350547790527344
9,3239,4.2917890548706055
9,3240,4.347664833068848
9,3241,4.364701271057129
9,3242,4.30527925491333
9,3243,4.307846546173096
9,3244,4.298125267028809
9,3245,4.338912487030029
9,3246,4.372781753540039
9,3247,4.273937225341797
9,3248,4.321528434753418
9,3249,4.337442874908447
9,3250,4.393160343170166
9,3251,4.294217109680176
9,3252,4.308829307556152
9,3253,4.309037685394287
9,3254,4.372097492218018
9,3255,4.316596031188965
9,3256,4.302691459655762
9,3257,4.404299736022949
9,3258,4.341257095336914
9,3259,4.378457546234131
9,3260,4.319525718688965
9,3261,4.225925922393799
9,3262,4.327775001525879
9,3263,4.361852645874023
9,3264,4.299644470214844
9,3265,4.313337326049805
9,3266,4.321842670440674
9,3267,4.326153755187988
9,3268,4.308412075042725
9,3269,4.322954177856445
9,3270,4.368740081787109
9,3271,4.32827091217041
9,3272,4.355175018310547
9,3273,4.254640579223633
9,3274,4.280112266540527
9,3275,4.37148904800415
9,3276,4.381661415100098
9,3277,4.289591312408447
9,3278,4.346426963806152
9,3279,4.305387496948242
9,3280,4.374264240264893
9,3281,4.323546409606934
9,3282,4.395785331726074
9,3283,4.3419976234436035
9,3284,4.352791786193848
9,3285,4.297442436218262
9,3286,4.404970169067383
9,3287,4.347057342529297
9,3288,4.343790054321289
9,3289,4.4029541015625
9,3290,4.332686901092529
9,3291,4.349454879760742
9,3292,4.380815505981445
9,3293,4.307185173034668
9,3294,4.247990608215332
9,3295,4.31056022644043
9,3296,4.3325700759887695
9,3297,4.352460861206055
9,3298,4.293030261993408
9,3299,4.279653549194336
9,3300,4.339231491088867
9,3301,4.419426441192627
9,3302,4.316420555114746
9,3303,4.352877616882324
9,3304,4.366194725036621
9,3305,4.307787895202637
9,3306,4.323658466339111
9,3307,4.311115264892578
9,3308,4.27992057800293
9,3309,4.336982727050781
9,3310,4.340821743011475
9,3311,4.2528581619262695
9,3312,4.38176155090332
9,3313,4.355991363525391
9,3314,4.335873126983643
9,3315,4.355791091918945
9,3316,4.332554817199707
9,3317,4.326846122741699
9,3318,4.317904472351074
9,3319,4.312629699707031
9,3320,4.228636264801025
9,3321,4.263361930847168
9,3322,4.237051486968994
9,3323,4.339394569396973
9,3324,4.297146320343018
9,3325,4.310717582702637
9,3326,4.332120895385742
9,3327,4.327404022216797
9,3328,4.34334659576416
9,3329,4.327245235443115
9,3330,4.344745635986328
9,3331,4.382129669189453
9,3332,4.398015975952148
9,3333,4.309107780456543
9,3334,4.305753707885742
9,3335,4.347537040710449
9,3336,4.305027961730957
9,3337,4.257269382476807
9,3338,4.316205024719238
9,3339,4.294037818908691
9,3340,4.325798034667969
9,3341,4.342525482177734
9,3342,4.317745208740234
9,3343,4.308417320251465
9,3344,4.274941444396973
9,3345,4.3255295753479
9,3346,4.326520919799805
9,3347,4.2964372634887695
9,3348,4.306591987609863
9,3349,4.293975830078125
9,3350,4.329832553863525
9,3351,4.273260116577148
9,3352,4.314766883850098
9,3353,4.371744632720947
9,3354,4.354143142700195
9,3355,4.348902702331543
9,3356,4.389909267425537
9,3357,4.311839580535889
9,3358,4.300607204437256
9,3359,4.354496955871582
9,3360,4.380830764770508
9,3361,4.279473304748535
9,3362,4.321259021759033
9,3363,4.3627119064331055
9,3364,4.279783248901367
9,3365,4.3748979568481445
9,3366,4.355219841003418
9,3367,4.358863830566406
9,3368,4.4618377685546875
9,3369,4.334272861480713
9,3370,4.293808460235596
9,3371,4.388566493988037
9,3372,4.351233005523682
9,3373,4.2890472412109375
9,3374,4.302001953125
9,3375,4.353604316711426
9,3376,4.280544281005859
9,3377,4.277878284454346
9,3378,4.361265182495117
9,3379,4.343313217163086
9,3380,4.346843242645264
9,3381,4.290571212768555
9,3382,4.276705741882324
9,3383,4.290755271911621
9,3384,4.274991035461426
9,3385,4.389083385467529
9,3386,4.313878059387207
9,3387,4.339332103729248
9,3388,4.333498954772949
9,3389,4.258493900299072
9,3390,4.305934906005859
9,3391,4.340202331542969
9,3392,4.354650497436523
9,3393,4.264946937561035
9,3394,4.310884952545166
9,3395,4.340296745300293
9,3396,4.34066915512085
9,3397,4.323508262634277
9,3398,4.304584980010986
9,3399,4.382385730743408
9,3400,4.3311920166015625
9,3401,4.339713096618652
9,3402,4.322020053863525
9,3403,4.202433109283447
9,3404,4.341630935668945
9,3405,4.334830284118652
9,3406,4.258652210235596
9,3407,4.304315567016602
9,3408,4.351694583892822
9,3409,4.364041328430176
9,3410,4.27924919128418
9,3411,4.313263416290283
9,3412,4.317964553833008
9,3413,4.286777496337891
9,3414,4.292967796325684
9,3415,4.387027740478516
9,3416,4.350705146789551
9,3417,4.266389846801758
9,3418,4.295997619628906
9,3419,4.368785858154297
9,3420,4.321313858032227
9,3421,4.39708137512207
9,3422,4.287598133087158
9,3423,4.325245380401611
9,3424,4.3398332595825195
9,3425,4.377253532409668
9,3426,4.332779407501221
9,3427,4.386794090270996
9,3428,4.274477481842041
9,3429,4.36800479888916
9,3430,4.322331428527832
9,3431,4.441959381103516
9,3432,4.3380045890808105
9,3433,4.345180034637451
9,3434,4.238569259643555
9,3435,4.440957069396973
9,3436,4.354161262512207
9,3437,4.281373977661133
9,3438,4.351102828979492
9,3439,4.25242805480957
9,3440,4.34581184387207
9,3441,4.321981906890869
9,3442,4.3377556800842285
9,3443,4.36148738861084
9,3444,4.28707218170166
9,3445,4.333383560180664
9,3446,4.300292015075684
9,3447,4.384438514709473
9,3448,4.278215408325195
9,3449,4.2682695388793945
9,3450,4.328550338745117
9,3451,4.291914939880371
9,3452,4.31304931640625
9,3453,4.277979850769043
9,3454,4.4348649978637695
9,3455,4.384981632232666
9,3456,4.32623815536499
9,3457,4.344934940338135
9,3458,4.306582450866699
9,3459,4.264413833618164
9,3460,4.376370429992676
9,3461,4.302716255187988
9,3462,4.296906471252441
9,3463,4.3758745193481445
9,3464,4.308553695678711
9,3465,4.262500762939453
9,3466,4.306512355804443
9,3467,4.386033535003662
9,3468,4.313636779785156
9,3469,4.270544052124023
9,3470,4.282515048980713
9,3471,4.326316833496094
9,3472,4.314169883728027
9,3473,4.294337272644043
9,3474,4.347475051879883
9,3475,4.2825164794921875
9,3476,4.342714309692383
9,3477,4.361795902252197
9,3478,4.314825534820557
9,3479,4.354694366455078
9,3480,4.270057678222656
9,3481,4.327009677886963
9,3482,4.354835033416748
9,3483,4.394636154174805
9,3484,4.334380626678467
9,3485,4.372924327850342
9,3486,4.350448131561279
9,3487,4.352627754211426
9,3488,4.333625793457031
9,3489,4.333564758300781
9,3490,4.305438995361328
9,3491,4.3401570320129395
9,3492,4.292605400085449
9,3493,4.309114456176758
9,3494,4.232092380523682
9,3495,4.323335647583008
9,3496,4.368434906005859
9,3497,4.351902484893799
9,3498,4.334275722503662
9,3499,4.292797088623047
9,3500,4.426024913787842
9,3501,4.272793769836426
9,3502,4.358376502990723
9,3503,4.351807117462158
9,3504,4.32582426071167
9,3505,4.385824203491211
9,3506,4.324511528015137
9,3507,4.345948219299316
9,3508,4.263006210327148
9,3509,4.338637351989746
9,3510,4.310213088989258
10,3511,4.306363105773926
10,3512,4.248593807220459
10,3513,4.341789722442627
10,3514,4.32739782333374
10,3515,4.297530651092529
10,3516,4.316041469573975
10,3517,4.337979316711426
10,3518,4.308193206787109
10,3519,4.272881507873535
10,3520,4.212198257446289
10,3521,4.31052303314209
10,3522,4.4596734046936035
10,3523,4.306992530822754
10,3524,4.31641960144043
10,3525,4.358057975769043
10,3526,4.476224899291992
10,3527,4.368859767913818
10,3528,4.345326900482178
10,3529,4.297540187835693
10,3530,4.358386993408203
10,3531,4.298428535461426
10,3532,4.298113822937012
10,3533,4.273077011108398
10,3534,4.253607749938965
10,3535,4.2144880294799805
10,3536,4.283312797546387
10,3537,4.345876693725586
10,3538,4.335226058959961
10,3539,4.334769248962402
10,3540,4.3287835121154785
10,3541,4.258614540100098
10,3542,4.352012634277344
10,3543,4.298188209533691
10,3544,4.324001789093018
10,3545,4.328161239624023
10,3546,4.2518720626831055
10,3547,4.243587970733643
10,3548,4.335641860961914
10,3549,4.27518367767334
10,3550,4.294238090515137
10,3551,4.376291275024414
10,3552,4.285887241363525
10,3553,4.295584678649902
10,3554,4.318598747253418
10,3555,4.344902515411377
10,3556,4.257225036621094
10,3557,4.304230213165283
10,3558,4.333690643310547
10,3559,4.365815162658691
10,3560,4.295711517333984
10,3561,4.3757710456848145
10,3562,4.336158752441406
10,3563,4.361392498016357
10,3564,4.321213722229004
10,3565,4.35906982421875
10,3566,4.314321041107178
10,3567,4.301177501678467
10,3568,4.310510635375977
10,3569,4.278482437133789
10,3570,4.356727123260498
10,3571,4.2508039474487305
10,3572,4.316008567810059
10,3573,4.321188926696777
10,3574,4.287372589111328
10,3575,4.3358659744262695
10,3576,4.298857688903809
10,3577,4.358092308044434
10,3578,4.2325334548950195
10,3579,4.2657928466796875
10,3580,4.333156585693359
10,3581,4.338253974914551
10,3582,4.342178821563721
10,3583,4.33773136138916
10,3584,4.277768611907959
10,3585,4.326611042022705
10,3586,4.39736270904541
10,3587,4.359766006469727
10,3588,4.294093132019043
10,3589,4.2533698081970215
10,3590,4.299812316894531
10,3591,4.2935051918029785
10,3592,4.272660255432129
10,3593,4.335171222686768
10,3594,4.393890380859375
10,3595,4.281183242797852
10,3596,4.269089698791504
10,3597,4.307980537414551
10,3598,4.289694786071777
10,3599,4.2573394775390625
10,3600,4.321693420410156
10,3601,4.316849708557129
10,3602,4.364885330200195
10,3603,4.312744140625
10,3604,4.302028656005859
10,3605,4.313679218292236
10,3606,4.318898677825928
10,3607,4.275437355041504
10,3608,4.359279632568359
10,3609,4.361891746520996
10,3610,4.318184852600098
10,3611,4.31337833404541
10,3612,4.309391021728516
10,3613,4.3502607345581055
10,3614,4.31367826461792
10,3615,4.296633243560791
10,3616,4.287449836730957
10,3617,4.309380531311035
10,3618,4.294114112854004
10,3619,4.365072250366211
10,3620,4.349534511566162
10,3621,4.316293239593506
10,3622,4.309109687805176
10,3623,4.3333539962768555
10,3624,4.3484086990356445
10,3625,4.285717487335205
10,3626,4.356945037841797
10,3627,4.252922058105469
10,3628,4.390881061553955
10,3629,4.357986927032471
10,3630,4.2816996574401855
10,3631,4.277408123016357
10,3632,4.307009696960449
10,3633,4.367682456970215
10,3634,4.443881034851074
10,3635,4.327308177947998
10,3636,4.283805847167969
10,3637,4.2935791015625
10,3638,4.299777507781982
10,3639,4.321810722351074
10,3640,4.2591400146484375
10,3641,4.392189025878906
10,3642,4.282207489013672
10,3643,4.342411994934082
10,3644,4.315071105957031
10,3645,4.2271728515625
10,3646,4.356344223022461
10,3647,4.340572357177734
10,3648,4.366927146911621
10,3649,4.3094916343688965
10,3650,4.315495491027832
10,3651,4.39072322845459
10,3652,4.228878974914551
10,3653,4.300614833831787
10,3654,4.3046345710754395
10,3655,4.3213348388671875
10,3656,4.215960502624512
10,3657,4.293051719665527
10,3658,4.322003364562988
10,3659,4.280299186706543
10,3660,4.298381328582764
10,3661,4.425683975219727
10,3662,4.300842761993408
10,3663,4.318673133850098
10,3664,4.301542282104492
10,3665,4.370258331298828
10,3666,4.30967378616333
10,3667,4.297637939453125
10,3668,4.332276344299316
10,3669,4.296111106872559
10,3670,4.341544151306152
10,3671,4.403482437133789
10,3672,4.331241607666016
10,3673,4.2896037101745605
10,3674,4.367321014404297
10,3675,4.336717128753662
10,3676,4.312419414520264
10,3677,4.291641712188721
10,3678,4.301790714263916
10,3679,4.25804328918457
10,3680,4.255305290222168
10,3681,4.300877094268799
10,3682,4.295456886291504
10,3683,4.343923568725586
10,3684,4.299286842346191
10,3685,4.312616348266602
10,3686,4.29976749420166
10,3687,4.294278144836426
10,3688,4.329364776611328
10,3689,4.281053066253662
10,3690,4.332379341125488
10,3691,4.285121917724609
10,3692,4.310616493225098
10,3693,4.321397304534912
10,3694,4.298455238342285
10,3695,4.248127460479736
10,3696,4.268677711486816
10,3697,4.282496929168701
10,3698,4.351981163024902
10,3699,4.343419075012207
10,3700,4.247076034545898
10,3701,4.304560661315918
10,3702,4.347989559173584
10,3703,4.28872537612915
10,3704,4.278256416320801
10,3705,4.332365036010742
10,3706,4.349143028259277
10,3707,4.300348281860352
10,3708,4.3563079833984375
10,3709,4.303041458129883
10,3710,4.211860656738281
10,3711,4.324883460998535
10,3712,4.340524196624756
10,3713,4.272006988525391
10,3714,4.297694206237793
10,3715,4.307659149169922
10,3716,4.247774600982666
10,3717,4.291006088256836
10,3718,4.343345642089844
10,3719,4.27459716796875
10,3720,4.281548976898193
10,3721,4.264892578125
10,3722,4.302289962768555
10,3723,4.368713855743408
10,3724,4.3441972732543945
10,3725,4.353864669799805
10,3726,4.260890960693359
10,3727,4.289736747741699
10,3728,4.310972213745117
10,3729,4.356204986572266
10,3730,4.297891616821289
10,3731,4.2561354637146
10,3732,4.360559940338135
10,3733,4.27644157409668
10,3734,4.290189743041992
10,3735,4.405707836151123
10,3736,4.299314498901367
10,3737,4.345916748046875
10,3738,4.2833991050720215
10,3739,4.272850513458252
10,3740,4.398497104644775
10,3741,4.307258129119873
10,3742,4.318120956420898
10,3743,4.294075012207031
10,3744,4.219984531402588
10,3745,4.36147928237915
10,3746,4.383254528045654
10,3747,4.300502300262451
10,3748,4.305060863494873
10,3749,4.317468643188477
10,3750,4.2982683181762695
10,3751,4.344078540802002
10,3752,4.376120090484619
10,3753,4.316715240478516
10,3754,4.3304619789123535
10,3755,4.322460174560547
10,3756,4.3063812255859375
10,3757,4.317337512969971
10,3758,4.429960250854492
10,3759,4.370437145233154
10,3760,4.320679664611816
10,3761,4.295933723449707
10,3762,4.232456684112549
10,3763,4.381837368011475
10,3764,4.296872138977051
10,3765,4.29946231842041
10,3766,4.410473346710205
10,3767,4.256556510925293
10,3768,4.274190902709961
10,3769,4.266676425933838
10,3770,4.300347328186035
10,3771,4.254507064819336
10,3772,4.310843467712402
10,3773,4.305682182312012
10,3774,4.370145797729492
10,3775,4.3477783203125
10,3776,4.288072109222412
10,3777,4.324419021606445
10,3778,4.3689422607421875
10,3779,4.315627098083496
10,3780,4.283139705657959
10,3781,4.28125
10,3782,4.315568923950195
10,3783,4.364626884460449
10,3784,4.318979263305664
10,3785,4.297083377838135
10,3786,4.312511444091797
10,3787,4.2970871925354
10,3788,4.351996421813965
10,3789,4.358596324920654
10,3790,4.326870441436768
10,3791,4.277205467224121
10,3792,4.307665824890137
10,3793,4.31275749206543
10,3794,4.33546781539917
10,3795,4.237580299377441
10,3796,4.3043036460876465
10,3797,4.298272132873535
10,3798,4.335092067718506
10,3799,4.365299701690674
10,3800,4.2794389724731445
10,3801,4.303372383117676
10,3802,4.297917366027832
10,3803,4.323828220367432
10,3804,4.261228561401367
10,3805,4.255793571472168
10,3806,4.320358753204346
10,3807,4.308572769165039
10,3808,4.285674095153809
10,3809,4.349431037902832
10,3810,4.319553375244141
10,3811,4.260273456573486
10,3812,4.306499481201172
10,3813,4.25108528137207
10,3814,4.374520301818848
10,3815,4.337048053741455
10,3816,4.353431701660156
10,3817,4.364565849304199
10,3818,4.2873854637146
10,3819,4.289275646209717
10,3820,4.284885406494141
10,3821,4.227973937988281
10,3822,4.287062168121338
10,3823,4.2926530838012695
10,3824,4.294223308563232
10,3825,4.295782089233398
10,3826,4.343372344970703
10,3827,4.295011520385742
10,3828,4.321147918701172
10,3829,4.29387092590332
10,3830,4.332114219665527
10,3831,4.349054336547852
10,3832,4.279177188873291
10,3833,4.283405303955078
10,3834,4.340799331665039
10,3835,4.252719879150391
10,3836,4.306202411651611
10,3837,4.226994514465332
10,3838,4.2857208251953125
10,3839,4.374617099761963
10,3840,4.339618682861328
10,3841,4.272706031799316
10,3842,4.202489852905273
10,3843,4.303428649902344
10,3844,4.281486511230469
10,3845,4.278744697570801
10,3846,4.302031517028809
10,3847,4.287657260894775
10,3848,4.234137058258057
10,3849,4.292922019958496
10,3850,4.3174662590026855
10,3851,4.223545074462891
10,3852,4.311176300048828
10,3853,4.3339691162109375
10,3854,4.253654479980469
10,3855,4.273458480834961
10,3856,4.252633094787598
10,3857,4.288772106170654
10,3858,4.284499168395996
10,3859,4.249982833862305
10,3860,4.301709175109863
10,3861,4.261749267578125
10,3862,4.329863548278809
10,3863,4.320064544677734
10,3864,4.360079765319824
10,3865,4.307216644287109
10,3866,4.274013519287109
10,3867,4.286773681640625
10,3868,4.294750213623047
10,3869,4.36187744140625
10,3870,4.2948198318481445
10,3871,4.267510414123535
10,3872,4.263060092926025
10,3873,4.301815986633301
10,3874,4.391353130340576
10,3875,4.26090145111084
10,3876,4.209532260894775
10,3877,4.328296661376953
10,3878,4.254965782165527
10,3879,4.377481460571289
10,3880,4.318892002105713
10,3881,4.348529815673828
10,3882,4.261119842529297
10,3883,4.3360443115234375
10,3884,4.2945380210876465
10,3885,4.347385406494141
10,3886,4.2830915451049805
10,3887,4.25710391998291
10,3888,4.373496055603027
10,3889,4.309030055999756
10,3890,4.34442138671875
10,3891,4.352206707000732
10,3892,4.356200695037842
10,3893,4.337272644042969
10,3894,4.268576622009277
10,3895,4.380899429321289
10,3896,4.320461273193359
10,3897,4.292632579803467
10,3898,4.347995758056641
10,3899,4.263907432556152
10,3900,4.30843448638916
