epoch,step,loss
1,1,4.82857608795166
1,2,4.8684868812561035
1,3,4.6777849197387695
1,4,4.616761684417725
1,5,4.749081611633301
1,6,4.637847900390625
1,7,4.637856483459473
1,8,4.700815677642822
1,9,4.588280200958252
1,10,4.431397438049316
1,11,4.418605804443359
1,12,4.545290946960449
1,13,4.330914497375488
1,14,4.436851978302002
1,15,4.1834797859191895
1,16,4.421832084655762
1,17,4.5228424072265625
1,18,4.275081157684326
1,19,4.29449987411499
1,20,4.467409610748291
1,21,4.506608963012695
1,22,4.346672058105469
1,23,4.494043827056885
1,24,4.444580078125
1,25,4.244765758514404
1,26,4.218476295471191
1,27,4.278323173522949
1,28,4.263004779815674
1,29,4.454347610473633
1,30,4.565957069396973
1,31,4.193531036376953
1,32,4.452095031738281
1,33,4.312735557556152
1,34,4.185003757476807
1,35,4.284411907196045
1,36,4.292586326599121
1,37,4.259117126464844
1,38,4.269793510437012
1,39,4.286206245422363
1,40,4.145130634307861
1,41,4.242138385772705
1,42,4.162356376647949
1,43,4.308701515197754
1,44,4.212478160858154
1,45,4.222609519958496
1,46,4.2407002449035645
1,47,4.159032821655273
1,48,4.203764915466309
1,49,4.193472862243652
1,50,4.213555812835693
1,51,4.2708330154418945
1,52,4.138315200805664
1,53,4.184576034545898
1,54,4.32274055480957
1,55,4.137847900390625
1,56,4.20864725112915
1,57,4.237710952758789
1,58,4.321682929992676
1,59,4.2371015548706055
1,60,4.234395503997803
1,61,4.291839599609375
1,62,4.274892330169678
1,63,4.142134666442871
1,64,4.256419658660889
1,65,4.190548419952393
1,66,4.230746269226074
1,67,4.088817119598389
1,68,4.159599304199219
1,69,4.23537015914917
1,70,4.1737470626831055
1,71,4.197519302368164
1,72,4.168704986572266
1,73,4.168686866760254
1,74,4.33197546005249
1,75,4.2389655113220215
1,76,4.204817295074463
1,77,4.075231552124023
1,78,4.344319820404053
1,79,4.209789276123047
1,80,4.179716110229492
1,81,4.088353157043457
1,82,4.045434951782227
1,83,4.138123512268066
1,84,4.274824142456055
1,85,4.163140296936035
1,86,4.251166343688965
1,87,4.031546115875244
1,88,4.177080154418945
1,89,4.02652645111084
1,90,4.096061706542969
1,91,4.248198509216309
1,92,3.986616611480713
1,93,4.191619873046875
1,94,4.151174545288086
1,95,4.151867866516113
1,96,4.094935417175293
1,97,4.146573066711426
1,98,4.235363006591797
1,99,4.058737277984619
1,100,4.161493301391602
1,101,4.18572473526001
1,102,4.092903137207031
1,103,4.231891632080078
1,104,4.16464900970459
1,105,4.070512294769287
1,106,4.232317924499512
1,107,4.084325790405273
1,108,4.317511081695557
1,109,4.131753921508789
1,110,4.193319320678711
1,111,3.9684128761291504
1,112,4.326925277709961
1,113,4.179778099060059
1,114,4.058131694793701
1,115,4.0657854080200195
1,116,4.167634963989258
1,117,4.112037658691406
1,118,4.041671276092529
1,119,4.057101249694824
1,120,4.098832130432129
1,121,3.886589527130127
1,122,4.043879508972168
1,123,3.8783998489379883
1,124,4.188355445861816
1,125,4.071941375732422
1,126,4.100531578063965
1,127,4.084237575531006
1,128,4.248123645782471
1,129,4.114547252655029
1,130,4.089275360107422
1,131,3.9966132640838623
1,132,4.056568145751953
1,133,4.193050861358643
1,134,4.102163314819336
1,135,4.081421852111816
1,136,4.17266845703125
1,137,3.9001920223236084
1,138,3.9388175010681152
1,139,4.121340751647949
1,140,4.0135087966918945
1,141,4.268069267272949
1,142,4.0023112297058105
1,143,3.9960365295410156
1,144,4.275590896606445
1,145,4.097048759460449
1,146,4.237373352050781
1,147,4.116514205932617
1,148,4.117393970489502
1,149,4.078726291656494
1,150,4.034339904785156
1,151,4.155933380126953
1,152,4.098175048828125
1,153,4.24411678314209
1,154,4.052515983581543
1,155,4.141096115112305
1,156,4.025692939758301
1,157,4.053640365600586
1,158,4.061667442321777
1,159,3.9432880878448486
1,160,4.122483253479004
1,161,4.051851272583008
1,162,4.106461524963379
1,163,4.111771106719971
1,164,4.081839561462402
1,165,4.057746887207031
1,166,4.084880828857422
1,167,3.8573808670043945
1,168,3.984160900115967
1,169,3.998641014099121
1,170,4.066743850708008
1,171,4.008385181427002
1,172,4.304121971130371
1,173,4.111000061035156
1,174,4.125998020172119
1,175,4.012879371643066
1,176,4.090832710266113
1,177,4.053635120391846
1,178,4.110783576965332
1,179,4.1220502853393555
1,180,4.109210968017578
1,181,3.978869676589966
1,182,4.137930870056152
1,183,4.406279563903809
1,184,4.021909713745117
1,185,4.217452049255371
1,186,4.174961090087891
1,187,4.085247039794922
1,188,4.3621931076049805
1,189,4.206385135650635
1,190,3.9441792964935303
1,191,4.040184497833252
1,192,4.0636372566223145
1,193,4.0435028076171875
1,194,4.268940448760986
1,195,4.320242881774902
1,196,4.250572204589844
1,197,4.094829559326172
1,198,4.015153408050537
1,199,4.0759477615356445
1,200,4.150429725646973
1,201,4.057330131530762
1,202,3.989445686340332
1,203,4.101411819458008
1,204,4.020635604858398
1,205,3.9549574851989746
1,206,4.0427350997924805
1,207,4.120800971984863
1,208,4.028931140899658
1,209,4.136047840118408
1,210,3.9456803798675537
1,211,4.152408123016357
1,212,4.114275932312012
1,213,4.111928939819336
1,214,4.0780181884765625
1,215,4.079436302185059
1,216,3.9343008995056152
1,217,4.209512710571289
1,218,4.2994771003723145
1,219,4.114151954650879
1,220,4.001235008239746
1,221,3.8899285793304443
1,222,3.9808568954467773
1,223,4.03950834274292
1,224,3.977050304412842
1,225,4.141256332397461
1,226,4.217807769775391
1,227,4.067383289337158
1,228,4.155366897583008
1,229,4.06413459777832
1,230,4.096861362457275
1,231,4.079860210418701
1,232,4.087803363800049
1,233,4.024399757385254
1,234,4.125524520874023
1,235,3.914964437484741
1,236,3.9745254516601562
1,237,3.9758553504943848
1,238,4.072146415710449
1,239,3.9753599166870117
1,240,4.043784141540527
1,241,3.979679584503174
1,242,3.967830181121826
1,243,3.929399013519287
1,244,3.929842472076416
1,245,4.164436340332031
1,246,4.082927703857422
1,247,4.143202781677246
1,248,4.222031116485596
1,249,4.094024181365967
1,250,4.078537940979004
1,251,4.0827789306640625
1,252,3.8481502532958984
1,253,4.041154384613037
1,254,4.15305233001709
1,255,4.1004791259765625
1,256,3.936025381088257
1,257,4.100945472717285
1,258,3.8886096477508545
1,259,3.9659271240234375
1,260,4.049140930175781
1,261,4.1446380615234375
1,262,4.126214027404785
1,263,3.9652576446533203
1,264,4.05568790435791
1,265,3.9837722778320312
1,266,3.9431426525115967
1,267,3.973693609237671
1,268,4.2078142166137695
1,269,3.9970638751983643
1,270,4.056185722351074
1,271,4.011654853820801
1,272,3.9533040523529053
1,273,4.052779197692871
1,274,3.8980679512023926
1,275,3.956456422805786
1,276,4.127452850341797
1,277,3.9558629989624023
1,278,3.8772995471954346
1,279,4.0014238357543945
1,280,4.023940086364746
1,281,4.046065330505371
1,282,4.0354485511779785
1,283,3.926900863647461
1,284,3.8505783081054688
1,285,3.9344286918640137
1,286,3.952597141265869
1,287,3.9639692306518555
1,288,4.12220573425293
1,289,3.8919806480407715
1,290,4.022171497344971
1,291,3.951070547103882
1,292,3.9102542400360107
1,293,3.99599027633667
1,294,3.9530177116394043
1,295,4.075026512145996
1,296,3.9871573448181152
1,297,3.8359036445617676
1,298,3.9481804370880127
1,299,4.000547409057617
1,300,3.910085439682007
1,301,3.961251735687256
1,302,3.8670034408569336
1,303,3.968169689178467
1,304,3.9083383083343506
1,305,3.8711135387420654
1,306,3.8421812057495117
1,307,3.9574644565582275
1,308,4.011099815368652
1,309,3.846874237060547
1,310,3.8685641288757324
1,311,4.006074905395508
1,312,3.9597744941711426
1,313,3.858966827392578
1,314,4.005140781402588
1,315,3.9352223873138428
1,316,4.017151832580566
1,317,3.85703182220459
1,318,3.899796724319458
1,319,3.912050247192383
1,320,3.8861701488494873
1,321,3.9502968788146973
1,322,4.009613037109375
1,323,3.9889583587646484
1,324,3.898319721221924
1,325,3.8300883769989014
1,326,4.072328567504883
1,327,3.8984031677246094
1,328,3.892086982727051
1,329,3.675522804260254
1,330,3.9295263290405273
1,331,3.8540611267089844
1,332,3.8840994834899902
1,333,3.9432952404022217
1,334,4.005978107452393
1,335,3.9248478412628174
1,336,3.892061948776245
1,337,3.951470136642456
1,338,4.032345294952393
1,339,3.762558937072754
1,340,3.844804286956787
1,341,4.093120098114014
1,342,4.084643363952637
1,343,3.9290518760681152
1,344,3.925136089324951
1,345,3.984151601791382
1,346,3.9082119464874268
1,347,3.8829407691955566
1,348,3.867266893386841
1,349,3.9606990814208984
1,350,3.824892520904541
1,351,4.0761260986328125
1,352,4.075676441192627
1,353,3.838548183441162
1,354,3.827544689178467
1,355,3.7894763946533203
1,356,3.903323173522949
1,357,3.8985202312469482
1,358,3.8995728492736816
1,359,3.9251837730407715
1,360,3.9767353534698486
1,361,4.069427490234375
1,362,4.023108005523682
1,363,3.8836002349853516
1,364,3.8618626594543457
1,365,3.7598719596862793
1,366,3.9449949264526367
1,367,4.009173393249512
1,368,3.9126484394073486
1,369,3.8707633018493652
1,370,3.885788917541504
1,371,3.901461601257324
1,372,3.8883726596832275
1,373,4.005341529846191
1,374,3.902742385864258
1,375,3.85113525390625
1,376,3.982893466949463
1,377,3.947006940841675
1,378,3.830779552459717
1,379,3.945486545562744
1,380,3.9297032356262207
1,381,3.87113618850708
1,382,4.024105072021484
1,383,3.9493234157562256
1,384,3.9237945079803467
1,385,3.812988758087158
1,386,3.9150216579437256
1,387,3.9947147369384766
1,388,3.882213592529297
1,389,3.787041664123535
1,390,3.9378156661987305
1,391,3.9858601093292236
1,392,4.00311803817749
1,393,3.9473390579223633
1,394,3.808103322982788
1,395,3.899155616760254
1,396,3.964047431945801
1,397,3.9273433685302734
1,398,4.037152290344238
1,399,3.8268394470214844
1,400,3.8991122245788574
1,401,3.9365785121917725
1,402,3.8693487644195557
1,403,4.109770774841309
1,404,3.90108585357666
1,405,4.131595134735107
1,406,3.9151904582977295
1,407,3.9771888256073
1,408,3.9866018295288086
1,409,3.791288375854492
1,410,3.7941009998321533
1,411,3.9880220890045166
1,412,3.933253526687622
1,413,3.8745884895324707
1,414,3.933514356613159
1,415,3.906649351119995
1,416,3.8648881912231445
1,417,3.8993449211120605
1,418,3.9098267555236816
1,419,3.871157646179199
1,420,3.755916118621826
1,421,3.827364683151245
1,422,3.8554768562316895
1,423,3.8558058738708496
1,424,3.8943262100219727
1,425,3.8187131881713867
1,426,3.9116005897521973
1,427,3.846212863922119
1,428,3.806881904602051
1,429,3.8127245903015137
1,430,3.901514768600464
1,431,3.905747890472412
1,432,3.901334285736084
1,433,3.876330614089966
1,434,3.7484025955200195
1,435,3.9681568145751953
1,436,3.845564126968384
1,437,3.9762818813323975
1,438,3.9292736053466797
1,439,3.718463182449341
1,440,3.81695556640625
1,441,3.936248302459717
1,442,3.790012836456299
1,443,3.954987049102783
1,444,3.8774313926696777
1,445,3.8213067054748535
1,446,3.880654811859131
1,447,3.943523645401001
1,448,3.994598627090454
1,449,3.8105015754699707
1,450,3.851102590560913
1,451,3.8263094425201416
1,452,3.822269916534424
1,453,3.791287899017334
1,454,3.975597381591797
1,455,3.8616256713867188
1,456,3.981741428375244
1,457,3.826181650161743
1,458,3.8934919834136963
1,459,3.8418405055999756
1,460,3.66943621635437
1,461,3.7809524536132812
1,462,3.886410713195801
1,463,3.770111083984375
1,464,3.831745147705078
1,465,3.9605324268341064
1,466,3.842613935470581
1,467,3.9432621002197266
1,468,4.105175971984863
1,469,3.877326488494873
1,470,3.827707290649414
1,471,3.8558530807495117
1,472,3.8890695571899414
1,473,3.8087286949157715
1,474,3.869415044784546
1,475,3.987368583679199
1,476,3.9543914794921875
1,477,3.8730454444885254
1,478,3.8958866596221924
1,479,4.004544258117676
1,480,3.9753308296203613
1,481,3.8260226249694824
1,482,3.850600242614746
1,483,3.7839174270629883
1,484,3.7996034622192383
1,485,3.8371357917785645
1,486,3.7469210624694824
1,487,3.8928017616271973
1,488,3.69366455078125
1,489,3.7922444343566895
1,490,3.827314615249634
1,491,3.882458448410034
1,492,3.777926445007324
1,493,3.9026381969451904
1,494,3.824863910675049
1,495,3.848219871520996
1,496,3.8949642181396484
1,497,3.8115649223327637
1,498,3.817227840423584
1,499,3.813535213470459
1,500,3.90067195892334
1,501,3.940309762954712
1,502,3.8614161014556885
1,503,4.004428863525391
1,504,3.928199291229248
1,505,3.829524517059326
1,506,3.8914132118225098
1,507,3.801539659500122
1,508,3.8510899543762207
1,509,3.9070866107940674
1,510,3.787001848220825
1,511,3.8808817863464355
1,512,4.01231050491333
1,513,3.9218955039978027
1,514,3.864403486251831
1,515,3.7386293411254883
1,516,3.9540340900421143
1,517,3.835747718811035
1,518,3.759787082672119
1,519,3.9297783374786377
1,520,3.9367103576660156
1,521,3.9713170528411865
1,522,3.9120476245880127
1,523,3.9332337379455566
1,524,3.9690449237823486
1,525,3.8729054927825928
1,526,3.87178111076355
1,527,3.916883707046509
1,528,3.856855869293213
1,529,3.9487268924713135
1,530,3.8439748287200928
1,531,3.947978973388672
1,532,3.8023171424865723
1,533,3.8498129844665527
1,534,3.875066041946411
1,535,3.753358840942383
1,536,3.8254218101501465
1,537,3.8280253410339355
1,538,3.844167470932007
1,539,3.7977468967437744
1,540,3.9039859771728516
1,541,3.816112518310547
1,542,3.975834608078003
1,543,3.817617416381836
1,544,3.948620557785034
1,545,3.8815670013427734
1,546,3.8142619132995605
1,547,3.9215822219848633
1,548,3.9484622478485107
1,549,3.888564348220825
1,550,3.752202033996582
1,551,3.889796018600464
1,552,3.851749897003174
1,553,3.8795223236083984
1,554,3.8594532012939453
1,555,3.8177616596221924
1,556,3.7830448150634766
1,557,3.8834075927734375
1,558,3.8383240699768066
1,559,3.8686585426330566
1,560,3.7809624671936035
1,561,3.921273708343506
1,562,3.882491111755371
1,563,3.7420849800109863
1,564,3.843661308288574
1,565,3.852036476135254
1,566,3.8356592655181885
1,567,3.8292746543884277
1,568,3.848074436187744
1,569,3.9003090858459473
1,570,3.7711997032165527
1,571,3.884889602661133
1,572,3.7873029708862305
1,573,3.7872166633605957
1,574,3.8218390941619873
1,575,3.727057456970215
1,576,3.8758280277252197
1,577,3.811184883117676
1,578,3.8690013885498047
1,579,3.8440959453582764
1,580,3.934997081756592
1,581,3.886625289916992
1,582,3.8927698135375977
1,583,3.709402561187744
1,584,3.8057327270507812
1,585,3.8796470165252686
1,586,3.8505969047546387
1,587,3.9648826122283936
1,588,3.9140353202819824
1,589,3.971829891204834
1,590,3.7861146926879883
1,591,3.855452537536621
1,592,3.859848976135254
1,593,3.8033573627471924
1,594,3.8323020935058594
1,595,3.944667339324951
1,596,3.8463172912597656
1,597,3.8914413452148438
1,598,3.779831647872925
1,599,3.8612403869628906
1,600,3.719754457473755
1,601,3.8300986289978027
1,602,3.741393804550171
1,603,3.8616089820861816
1,604,3.8196702003479004
1,605,3.7422194480895996
1,606,3.9513564109802246
1,607,3.748967170715332
1,608,3.8401589393615723
1,609,3.927398204803467
1,610,3.72274112701416
1,611,3.8102424144744873
1,612,3.7897510528564453
1,613,3.692800998687744
1,614,3.9703965187072754
1,615,3.9900007247924805
1,616,3.896921157836914
1,617,3.806814193725586
1,618,3.850536346435547
1,619,3.7965850830078125
1,620,3.8535947799682617
1,621,3.8669638633728027
1,622,3.925968885421753
1,623,3.8679261207580566
1,624,3.7801244258880615
1,625,3.8555197715759277
1,626,3.8073348999023438
1,627,3.813762664794922
1,628,3.8742215633392334
1,629,3.8210337162017822
1,630,3.810150146484375
1,631,3.8326354026794434
1,632,3.782581329345703
1,633,3.7745375633239746
1,634,3.856313705444336
1,635,3.7010436058044434
1,636,3.8363828659057617
1,637,3.733304977416992
1,638,3.791527271270752
1,639,3.6827774047851562
1,640,3.7764644622802734
1,641,3.789095878601074
1,642,3.786297082901001
1,643,3.8349385261535645
1,644,3.889575719833374
1,645,3.8020200729370117
1,646,3.797837018966675
1,647,3.8601903915405273
1,648,3.75667667388916
1,649,3.9202215671539307
1,650,4.00917911529541
1,651,3.859367609024048
1,652,3.8187005519866943
1,653,3.7968921661376953
1,654,4.03785514831543
1,655,3.7578020095825195
1,656,3.7834630012512207
1,657,4.046376705169678
1,658,3.741997718811035
1,659,3.9643986225128174
1,660,3.8608078956604004
1,661,3.811354160308838
1,662,3.906848430633545
1,663,3.8869917392730713
1,664,3.92202091217041
1,665,3.719460964202881
1,666,3.7846450805664062
1,667,3.8703231811523438
1,668,3.8167691230773926
1,669,3.8053183555603027
1,670,3.895028591156006
1,671,3.765693426132202
1,672,3.7921688556671143
1,673,3.8660919666290283
1,674,3.7975196838378906
1,675,3.8772411346435547
1,676,3.840076446533203
1,677,3.8519604206085205
1,678,3.985323905944824
1,679,3.8730340003967285
1,680,3.859279155731201
1,681,3.9839091300964355
1,682,3.9098944664001465
1,683,3.9042928218841553
1,684,3.7907557487487793
1,685,3.780834674835205
1,686,3.948185920715332
1,687,3.8069396018981934
1,688,3.824998378753662
1,689,3.7480578422546387
1,690,3.797199249267578
1,691,3.9009995460510254
1,692,3.769814968109131
1,693,3.843496322631836
1,694,3.8921899795532227
1,695,3.8891782760620117
1,696,4.007680892944336
1,697,3.820542812347412
1,698,3.7237601280212402
1,699,3.8621511459350586
1,700,3.6691136360168457
1,701,3.777050733566284
1,702,3.7086355686187744
1,703,3.80612850189209
1,704,3.8532838821411133
1,705,3.7837913036346436
1,706,3.8209781646728516
1,707,3.8547139167785645
1,708,3.940741777420044
1,709,3.779006242752075
1,710,3.684471368789673
1,711,3.763890266418457
1,712,3.861827850341797
1,713,3.838773727416992
1,714,3.8605294227600098
1,715,3.809462070465088
1,716,3.7817447185516357
1,717,3.75288724899292
1,718,3.7865710258483887
1,719,3.7304868698120117
1,720,3.848477363586426
1,721,3.717479705810547
1,722,3.701809883117676
1,723,3.898923635482788
1,724,3.8816146850585938
1,725,3.849248170852661
1,726,3.7064642906188965
1,727,3.677290439605713
1,728,3.8952760696411133
1,729,3.7491207122802734
1,730,3.833883285522461
1,731,3.7829322814941406
1,732,3.8699071407318115
1,733,3.9019808769226074
1,734,3.7610836029052734
1,735,3.867863893508911
1,736,3.8668322563171387
1,737,3.8200716972351074
1,738,3.7625060081481934
1,739,3.7216997146606445
1,740,3.8916964530944824
1,741,3.886183023452759
1,742,3.7786130905151367
1,743,3.775333881378174
1,744,3.8155887126922607
1,745,3.845048427581787
1,746,3.756272315979004
1,747,3.8332722187042236
1,748,3.815579414367676
1,749,3.8004026412963867
1,750,3.9524924755096436
1,751,3.8218369483947754
1,752,3.7983226776123047
1,753,3.827396869659424
1,754,3.840893268585205
1,755,3.8933229446411133
1,756,3.7894721031188965
1,757,3.8652563095092773
1,758,3.7189879417419434
1,759,3.8383939266204834
1,760,3.901963710784912
1,761,3.8417606353759766
1,762,3.875087261199951
1,763,3.7623438835144043
1,764,3.7737338542938232
1,765,3.844921112060547
1,766,3.7772538661956787
1,767,3.80891752243042
1,768,3.762152671813965
1,769,3.6685614585876465
1,770,3.808213710784912
1,771,3.7816243171691895
1,772,3.8244194984436035
1,773,3.78452730178833
1,774,3.783491611480713
1,775,3.769282817840576
1,776,3.7434802055358887
1,777,3.8517231941223145
1,778,3.9072256088256836
1,779,3.682422399520874
1,780,3.795832872390747
1,781,3.725414752960205
2,782,3.8141963481903076
2,783,3.662144422531128
2,784,3.754415273666382
2,785,3.642322540283203
2,786,3.800821542739868
2,787,3.825482130050659
2,788,3.973315715789795
2,789,3.7169647216796875
2,790,3.779149055480957
2,791,3.742152690887451
2,792,3.7021470069885254
2,793,3.760672092437744
2,794,3.7976396083831787
2,795,3.819239854812622
2,796,3.7763214111328125
2,797,3.8426902294158936
2,798,3.7251200675964355
2,799,3.7457900047302246
2,800,3.6744773387908936
2,801,3.7324752807617188
2,802,3.882330894470215
2,803,3.7312698364257812
2,804,3.83266544342041
2,805,3.8620738983154297
2,806,3.7892630100250244
2,807,3.7728500366210938
2,808,3.629870653152466
2,809,3.798825979232788
2,810,3.7351131439208984
2,811,3.7387824058532715
2,812,3.792358160018921
2,813,3.8494632244110107
2,814,3.7554726600646973
2,815,3.804076671600342
2,816,3.731156826019287
2,817,3.7624893188476562
2,818,3.8442788124084473
2,819,3.6730737686157227
2,820,3.810373544692993
2,821,3.7900986671447754
2,822,3.761216163635254
2,823,3.7075886726379395
2,824,3.701467990875244
2,825,3.8002262115478516
2,826,3.699770927429199
2,827,3.5981740951538086
2,828,3.838179588317871
2,829,3.858929395675659
2,830,3.7702317237854004
2,831,3.8258697986602783
2,832,3.6786041259765625
2,833,3.8299453258514404
2,834,3.766101837158203
2,835,3.6687965393066406
2,836,3.7451090812683105
2,837,3.6634745597839355
2,838,3.7409515380859375
2,839,3.790621280670166
2,840,3.7338929176330566
2,841,3.7476675510406494
2,842,3.74015474319458
2,843,3.82753586769104
2,844,3.734405994415283
2,845,3.7582366466522217
2,846,3.6863045692443848
2,847,3.914060115814209
2,848,3.820413589477539
2,849,3.8362581729888916
2,850,3.865194320678711
2,851,3.779207944869995
2,852,3.7664220333099365
2,853,3.7639708518981934
2,854,3.8183741569519043
2,855,3.704463005065918
2,856,3.8057401180267334
2,857,3.8480443954467773
2,858,3.719377040863037
2,859,3.6966497898101807
2,860,3.7779781818389893
2,861,3.8487119674682617
2,862,3.8602242469787598
2,863,3.8241429328918457
2,864,3.724820613861084
2,865,3.7234349250793457
2,866,3.661564350128174
2,867,3.756161689758301
2,868,3.7918601036071777
2,869,3.7826528549194336
2,870,3.7460579872131348
2,871,3.7537012100219727
2,872,3.8038954734802246
2,873,3.7744011878967285
2,874,3.911533832550049
2,875,3.7466907501220703
2,876,3.7149767875671387
2,877,3.8229408264160156
2,878,3.7950193881988525
2,879,3.6883535385131836
2,880,3.908026695251465
2,881,3.7651875019073486
2,882,3.751253604888916
2,883,3.7565486431121826
2,884,3.748354434967041
2,885,4.01430082321167
2,886,3.753567695617676
2,887,3.7883353233337402
2,888,3.7818524837493896
2,889,3.719257354736328
2,890,3.831531047821045
2,891,3.574863910675049
2,892,3.7182705402374268
2,893,3.9122915267944336
2,894,3.6864402294158936
2,895,3.6852807998657227
2,896,3.7906174659729004
2,897,3.6116864681243896
2,898,3.7399344444274902
2,899,3.797736406326294
2,900,3.8613028526306152
2,901,3.6251211166381836
2,902,3.7832884788513184
2,903,3.7233126163482666
2,904,3.7469186782836914
2,905,3.703089714050293
2,906,3.7289514541625977
2,907,3.877995014190674
2,908,3.725674629211426
2,909,3.7637429237365723
2,910,3.7284703254699707
2,911,3.8733816146850586
2,912,3.8762309551239014
2,913,3.8175854682922363
2,914,3.7921152114868164
2,915,3.8266396522521973
2,916,3.783626079559326
2,917,3.687023401260376
2,918,3.692889928817749
2,919,3.695697546005249
2,920,3.6455111503601074
2,921,3.7630484104156494
2,922,3.7475690841674805
2,923,3.8215930461883545
2,924,3.7161333560943604
2,925,3.696089744567871
2,926,3.7318129539489746
2,927,3.718045949935913
2,928,3.7876203060150146
2,929,3.6734111309051514
2,930,3.669694662094116
2,931,3.717693328857422
2,932,3.781437873840332
2,933,3.785994529724121
2,934,3.6984152793884277
2,935,3.78346848487854
2,936,3.666163444519043
2,937,3.741211414337158
2,938,3.803919553756714
2,939,3.7491302490234375
2,940,3.805799961090088
2,941,3.8023691177368164
2,942,3.681710720062256
2,943,3.732151985168457
2,944,3.686767101287842
2,945,3.7017242908477783
2,946,3.8953804969787598
2,947,3.7148799896240234
2,948,3.7126946449279785
2,949,3.5884125232696533
2,950,3.7145869731903076
2,951,3.7793703079223633
2,952,3.5879452228546143
2,953,3.679218053817749
2,954,3.7035722732543945
2,955,3.706089496612549
2,956,3.7104902267456055
2,957,3.8769359588623047
2,958,3.783755302429199
2,959,3.7177562713623047
2,960,3.8733832836151123
2,961,3.85599946975708
2,962,3.750173568725586
2,963,3.7708020210266113
2,964,3.7723331451416016
2,965,3.6832680702209473
2,966,3.66703200340271
2,967,3.7265679836273193
2,968,3.665623664855957
2,969,3.823643684387207
2,970,3.7504677772521973
2,971,3.7200708389282227
2,972,3.635127544403076
2,973,3.628990650177002
2,974,3.7124199867248535
2,975,3.830841064453125
2,976,3.770446300506592
2,977,3.8481225967407227
2,978,3.7895283699035645
2,979,3.8720016479492188
2,980,3.6923201084136963
2,981,3.67276930809021
2,982,3.818845272064209
2,983,3.6874892711639404
2,984,3.7491891384124756
2,985,3.6073598861694336
2,986,3.696063756942749
2,987,3.760406494140625
2,988,3.7133240699768066
2,989,3.656348705291748
2,990,3.8068699836730957
2,991,3.7012085914611816
2,992,3.6983466148376465
2,993,3.725433588027954
2,994,3.7251315116882324
2,995,3.7357611656188965
2,996,3.838280200958252
2,997,3.762801170349121
2,998,3.7166032791137695
2,999,3.7313873767852783
2,1000,3.678731918334961
2,1001,3.6937222480773926
2,1002,3.6685147285461426
2,1003,3.767519474029541
2,1004,3.6833295822143555
2,1005,3.7758865356445312
2,1006,3.781465530395508
2,1007,3.7566728591918945
2,1008,3.6750776767730713
2,1009,3.6219472885131836
2,1010,3.7737019062042236
2,1011,3.7734644412994385
2,1012,3.8457813262939453
2,1013,3.548969268798828
2,1014,3.7683634757995605
2,1015,3.7822842597961426
2,1016,3.6882662773132324
2,1017,3.6936748027801514
2,1018,3.7257328033447266
2,1019,3.6272053718566895
2,1020,3.8003621101379395
2,1021,3.714003562927246
2,1022,3.7162718772888184
2,1023,3.6681935787200928
2,1024,3.7859292030334473
2,1025,3.809035301208496
2,1026,3.813488245010376
2,1027,3.795948028564453
2,1028,3.600367546081543
2,1029,3.808361768722534
2,1030,3.6502575874328613
2,1031,3.6327033042907715
2,1032,3.6566052436828613
2,1033,3.7745325565338135
2,1034,3.699960231781006
2,1035,3.8460757732391357
2,1036,3.597510576248169
2,1037,3.6456637382507324
2,1038,3.8088455200195312
2,1039,3.7199668884277344
2,1040,3.77207350730896
2,1041,3.7561371326446533
2,1042,3.8301429748535156
2,1043,3.730219841003418
2,1044,3.7671263217926025
2,1045,3.860692024230957
2,1046,3.751422882080078
2,1047,3.7548255920410156
2,1048,3.7241928577423096
2,1049,3.8081464767456055
2,1050,3.73856782913208
2,1051,3.8548166751861572
2,1052,3.6259593963623047
2,1053,3.7745730876922607
2,1054,3.768230438232422
2,1055,3.778925895690918
2,1056,3.6818790435791016
2,1057,3.8141469955444336
2,1058,3.8280415534973145
2,1059,3.712174892425537
2,1060,3.791813373565674
2,1061,3.7118754386901855
2,1062,3.7448325157165527
2,1063,3.713344097137451
2,1064,3.763640880584717
2,1065,3.6053237915039062
2,1066,3.679668426513672
2,1067,3.770585536956787
2,1068,3.629213333129883
2,1069,3.7813029289245605
2,1070,3.7024154663085938
2,1071,3.7001125812530518
2,1072,3.862672805786133
2,1073,3.7068376541137695
2,1074,3.722647190093994
2,1075,3.6516332626342773
2,1076,3.799060344696045
2,1077,3.753371238708496
2,1078,3.889695644378662
2,1079,3.764014482498169
2,1080,3.7490105628967285
2,1081,3.906985282897949
2,1082,3.766157627105713
2,1083,3.6392359733581543
2,1084,3.7326250076293945
2,1085,3.651754379272461
2,1086,3.6566758155822754
2,1087,3.685688018798828
2,1088,3.7141060829162598
2,1089,3.8261473178863525
2,1090,3.662682294845581
2,1091,3.681489944458008
2,1092,3.735647678375244
2,1093,3.685718059539795
2,1094,3.896148681640625
2,1095,3.6385011672973633
2,1096,3.8260514736175537
2,1097,3.7623977661132812
2,1098,3.7507786750793457
2,1099,3.626209020614624
2,1100,3.7439675331115723
2,1101,3.7116143703460693
2,1102,3.67611026763916
2,1103,3.7514467239379883
2,1104,3.734886646270752
2,1105,3.7780661582946777
2,1106,3.7283406257629395
2,1107,3.5915944576263428
2,1108,3.6931610107421875
2,1109,3.6433467864990234
2,1110,3.7096846103668213
2,1111,3.7520856857299805
2,1112,3.725825071334839
2,1113,3.6867551803588867
2,1114,3.796912670135498
2,1115,3.7920479774475098
2,1116,3.95990252494812
2,1117,3.6792118549346924
2,1118,3.733412027359009
2,1119,3.8318190574645996
2,1120,3.7627618312835693
2,1121,3.7520015239715576
2,1122,3.7775096893310547
2,1123,3.6921229362487793
2,1124,3.6401214599609375
2,1125,3.7491636276245117
2,1126,3.720496654510498
2,1127,3.739713668823242
2,1128,3.7567474842071533
2,1129,3.673189401626587
2,1130,3.688584327697754
2,1131,3.7140283584594727
2,1132,3.7665395736694336
2,1133,3.622234582901001
2,1134,3.7203855514526367
2,1135,3.6981754302978516
2,1136,3.6475090980529785
2,1137,3.7338175773620605
2,1138,3.7835440635681152
2,1139,3.677279472351074
2,1140,3.708691120147705
2,1141,3.774507761001587
2,1142,3.6425838470458984
2,1143,3.730396270751953
2,1144,3.6389694213867188
2,1145,3.6909987926483154
2,1146,3.699172019958496
2,1147,3.625138282775879
2,1148,3.600543737411499
2,1149,3.7452383041381836
2,1150,3.7417101860046387
2,1151,3.777350902557373
2,1152,3.6503138542175293
2,1153,3.7190070152282715
2,1154,3.704113245010376
2,1155,3.6600165367126465
2,1156,3.807124614715576
2,1157,3.711118698120117
2,1158,3.7745931148529053
2,1159,3.81887149810791
2,1160,3.714315891265869
2,1161,3.698681354522705
2,1162,3.6322011947631836
2,1163,3.6086764335632324
2,1164,3.8399322032928467
2,1165,3.773775577545166
2,1166,3.737795352935791
2,1167,3.7782673835754395
2,1168,3.726439952850342
2,1169,3.7431206703186035
2,1170,3.706806182861328
2,1171,3.767366409301758
2,1172,3.761829376220703
2,1173,3.7287464141845703
2,1174,3.824038505554199
2,1175,3.708144187927246
2,1176,3.719005823135376
2,1177,3.5934529304504395
2,1178,3.8239803314208984
2,1179,3.7120118141174316
2,1180,3.861510753631592
2,1181,3.6216816902160645
2,1182,3.711895227432251
2,1183,3.696340322494507
2,1184,3.7703912258148193
2,1185,3.73040509223938
2,1186,3.6839561462402344
2,1187,3.6716294288635254
2,1188,3.67339825630188
2,1189,3.5930445194244385
2,1190,3.7505345344543457
2,1191,3.6405882835388184
2,1192,3.690155029296875
2,1193,3.79020357131958
2,1194,3.8320603370666504
2,1195,3.6173977851867676
2,1196,3.70247745513916
2,1197,3.72562837600708
2,1198,3.749112129211426
2,1199,3.8332509994506836
2,1200,3.6875483989715576
2,1201,3.6987948417663574
2,1202,3.821108341217041
2,1203,3.633096694946289
2,1204,3.7065906524658203
2,1205,3.6334123611450195
2,1206,3.840097188949585
2,1207,3.696625232696533
2,1208,3.6009974479675293
2,1209,3.7331526279449463
2,1210,3.7597827911376953
2,1211,3.7735838890075684
2,1212,3.712721347808838
2,1213,3.696605682373047
2,1214,3.8279266357421875
2,1215,3.759308099746704
2,1216,3.6820127964019775
2,1217,3.682999610900879
2,1218,3.6763181686401367
2,1219,3.7985451221466064
2,1220,3.7213077545166016
2,1221,3.6031906604766846
2,1222,3.671743392944336
2,1223,3.6695499420166016
2,1224,3.6874637603759766
2,1225,3.8001761436462402
2,1226,3.656123638153076
2,1227,3.779599905014038
2,1228,3.662750720977783
2,1229,3.7216289043426514
2,1230,3.7491183280944824
2,1231,3.677788257598877
2,1232,3.7279603481292725
2,1233,3.5772321224212646
2,1234,3.726896047592163
2,1235,3.632624626159668
2,1236,3.7374045848846436
2,1237,3.634789228439331
2,1238,3.617143392562866
2,1239,3.6417794227600098
2,1240,3.6981678009033203
2,1241,3.6087543964385986
2,1242,3.649512529373169
2,1243,3.6601157188415527
2,1244,3.65813946723938
2,1245,3.712427854537964
2,1246,3.763732433319092
2,1247,3.7699551582336426
2,1248,3.641134738922119
2,1249,3.7487356662750244
2,1250,3.7412946224212646
2,1251,3.5875468254089355
2,1252,3.6680240631103516
2,1253,3.7194137573242188
2,1254,3.6310625076293945
2,1255,3.7795894145965576
2,1256,3.65798020362854
2,1257,3.703625202178955
2,1258,3.8024215698242188
2,1259,3.676600933074951
2,1260,3.7602295875549316
2,1261,3.7159571647644043
2,1262,3.676175832748413
2,1263,3.652111768722534
2,1264,3.6882550716400146
2,1265,3.5591466426849365
2,1266,3.593872308731079
2,1267,3.6524338722229004
2,1268,3.7108962535858154
2,1269,3.8455374240875244
2,1270,3.7764573097229004
2,1271,3.662721872329712
2,1272,3.6461026668548584
2,1273,3.721464157104492
2,1274,3.555924892425537
2,1275,3.7021007537841797
2,1276,3.717613697052002
2,1277,3.588881254196167
2,1278,3.7755484580993652
2,1279,3.733703851699829
2,1280,3.6575729846954346
2,1281,3.7086803913116455
2,1282,3.5758495330810547
2,1283,3.5854289531707764
2,1284,3.6846015453338623
2,1285,3.7289586067199707
2,1286,3.6741814613342285
2,1287,3.6954617500305176
2,1288,3.681497097015381
2,1289,3.718219757080078
2,1290,3.6876702308654785
2,1291,3.694308280944824
2,1292,3.6811468601226807
2,1293,3.6302742958068848
2,1294,3.701457977294922
2,1295,3.649277925491333
2,1296,3.5759177207946777
2,1297,3.597562074661255
2,1298,3.66823148727417
2,1299,3.6452696323394775
2,1300,3.617208480834961
2,1301,3.6811423301696777
2,1302,3.5069053173065186
2,1303,3.5679430961608887
2,1304,3.7217345237731934
2,1305,3.6312999725341797
2,1306,3.6820945739746094
2,1307,3.7302513122558594
2,1308,3.713374614715576
2,1309,3.71566104888916
2,1310,3.6536779403686523
2,1311,3.8058719635009766
2,1312,3.65250301361084
2,1313,3.6818835735321045
2,1314,3.695950508117676
2,1315,3.685410499572754
2,1316,3.6656413078308105
2,1317,3.689168930053711
2,1318,3.7135443687438965
2,1319,3.6434054374694824
2,1320,3.531087875366211
2,1321,3.729928970336914
2,1322,3.641322135925293
2,1323,3.7943620681762695
2,1324,3.6018269062042236
2,1325,3.686739921569824
2,1326,3.5782017707824707
2,1327,3.6210618019104004
2,1328,3.737067222595215
2,1329,3.7168521881103516
2,1330,3.784285068511963
2,1331,3.7248640060424805
2,1332,3.7970938682556152
2,1333,3.7612152099609375
2,1334,3.692913055419922
2,1335,3.7165489196777344
2,1336,3.6867423057556152
2,1337,3.576664447784424
2,1338,3.6849679946899414
2,1339,3.6627864837646484
2,1340,3.6458401679992676
2,1341,3.707368850708008
2,1342,3.788425922393799
2,1343,3.6256537437438965
2,1344,3.736006736755371
2,1345,3.754129409790039
2,1346,3.5904078483581543
2,1347,3.6552815437316895
2,1348,3.6553549766540527
2,1349,3.6498351097106934
2,1350,3.6812872886657715
2,1351,3.7525272369384766
2,1352,3.69526743888855
2,1353,3.6558992862701416
2,1354,3.679141044616699
2,1355,3.6686220169067383
2,1356,3.6593873500823975
2,1357,3.6245408058166504
2,1358,3.66264271736145
2,1359,3.8087267875671387
2,1360,3.5456602573394775
2,1361,3.78904128074646
2,1362,3.783341884613037
2,1363,3.6915268898010254
2,1364,3.5904715061187744
2,1365,3.623321533203125
2,1366,3.636213779449463
2,1367,3.7340054512023926
2,1368,3.687708616256714
2,1369,3.6775457859039307
2,1370,3.6987242698669434
2,1371,3.8012616634368896
2,1372,3.6270532608032227
2,1373,3.719031810760498
2,1374,3.639545440673828
2,1375,3.5846214294433594
2,1376,3.6675007343292236
2,1377,3.7364907264709473
2,1378,3.8150501251220703
2,1379,3.6294655799865723
2,1380,3.726888656616211
2,1381,3.6161837577819824
2,1382,3.7523739337921143
2,1383,3.6324095726013184
2,1384,3.757521152496338
2,1385,3.6275320053100586
2,1386,3.676213264465332
2,1387,3.624537944793701
2,1388,3.796633243560791
2,1389,3.6947407722473145
2,1390,3.704594612121582
2,1391,3.5532546043395996
2,1392,3.745574474334717
2,1393,3.7544822692871094
2,1394,3.56781005859375
2,1395,3.846268892288208
2,1396,3.676588535308838
2,1397,3.698063373565674
2,1398,3.617877244949341
2,1399,3.606583595275879
2,1400,3.7489118576049805
2,1401,3.6701812744140625
2,1402,3.63392972946167
2,1403,3.6916348934173584
2,1404,3.711730480194092
2,1405,3.6023778915405273
2,1406,3.631502389907837
2,1407,3.6747164726257324
2,1408,3.673473358154297
2,1409,3.6546497344970703
2,1410,3.729550838470459
2,1411,3.661529064178467
2,1412,3.7788805961608887
2,1413,3.620591640472412
2,1414,3.6133227348327637
2,1415,3.6198418140411377
2,1416,3.6815571784973145
2,1417,3.651003837585449
2,1418,3.6988296508789062
2,1419,3.674905776977539
2,1420,3.803140640258789
2,1421,3.803607940673828
2,1422,3.717745304107666
2,1423,3.811923027038574
2,1424,3.7380049228668213
2,1425,3.806971311569214
2,1426,3.643930435180664
2,1427,3.6728811264038086
2,1428,3.6257801055908203
2,1429,3.615701198577881
2,1430,3.6164002418518066
2,1431,3.6712963581085205
2,1432,3.784327507019043
2,1433,3.744781017303467
2,1434,3.7642831802368164
2,1435,3.6714277267456055
2,1436,3.6736135482788086
2,1437,3.613790512084961
2,1438,3.631648063659668
2,1439,3.7217307090759277
2,1440,3.645814895629883
2,1441,3.807196617126465
2,1442,3.809753894805908
2,1443,3.6212692260742188
2,1444,3.6189393997192383
2,1445,3.703617811203003
2,1446,3.724153995513916
2,1447,3.5622992515563965
2,1448,3.6999237537384033
2,1449,3.633392810821533
2,1450,3.691333055496216
2,1451,3.861546277999878
2,1452,3.590263605117798
2,1453,3.6108481884002686
2,1454,3.6653666496276855
2,1455,3.607745409011841
2,1456,3.6392922401428223
2,1457,3.7425830364227295
2,1458,3.6065673828125
2,1459,3.529623508453369
2,1460,3.6875691413879395
2,1461,3.7416749000549316
2,1462,3.655916690826416
2,1463,3.575960636138916
2,1464,3.7769646644592285
2,1465,3.7219903469085693
2,1466,3.6693849563598633
2,1467,3.70884370803833
2,1468,3.675028085708618
2,1469,3.6446218490600586
2,1470,3.6679816246032715
2,1471,3.6957650184631348
2,1472,3.6019997596740723
2,1473,3.5998432636260986
2,1474,3.6495983600616455
2,1475,3.5706276893615723
2,1476,3.677825689315796
2,1477,3.6952290534973145
2,1478,3.7573773860931396
2,1479,3.6940855979919434
2,1480,3.6423535346984863
2,1481,3.7520861625671387
2,1482,3.65431547164917
2,1483,3.6398186683654785
2,1484,3.702972888946533
2,1485,3.5960206985473633
2,1486,3.6877899169921875
2,1487,3.651254653930664
2,1488,3.605170249938965
2,1489,3.6005806922912598
2,1490,3.6980886459350586
2,1491,3.688188314437866
2,1492,3.730020523071289
2,1493,3.70676851272583
2,1494,3.610936403274536
2,1495,3.7051219940185547
2,1496,3.6523537635803223
2,1497,3.666320562362671
2,1498,3.6501665115356445
2,1499,3.6627707481384277
2,1500,3.802154541015625
2,1501,3.7064919471740723
2,1502,3.724334478378296
2,1503,3.6921048164367676
2,1504,3.657890796661377
2,1505,3.669095277786255
2,1506,3.7534382343292236
2,1507,3.6868233680725098
2,1508,3.6413021087646484
2,1509,3.8019967079162598
2,1510,3.5845398902893066
2,1511,3.64030122756958
2,1512,3.6839542388916016
2,1513,3.5450525283813477
2,1514,3.7255148887634277
2,1515,3.5565950870513916
2,1516,3.6625914573669434
2,1517,3.723418712615967
2,1518,3.600827217102051
2,1519,3.742727518081665
2,1520,3.7031469345092773
2,1521,3.661954879760742
2,1522,3.6585793495178223
2,1523,3.775594472885132
2,1524,3.5765018463134766
2,1525,3.716371774673462
2,1526,3.6452975273132324
2,1527,3.646303653717041
2,1528,3.669621706008911
2,1529,3.581036329269409
2,1530,3.6837291717529297
2,1531,3.7311692237854004
2,1532,3.6234469413757324
2,1533,3.5359373092651367
2,1534,3.7950048446655273
2,1535,3.665907621383667
2,1536,3.7336483001708984
2,1537,3.649458885192871
2,1538,3.6370701789855957
2,1539,3.6149396896362305
2,1540,3.6953282356262207
2,1541,3.61181378364563
2,1542,3.712888479232788
2,1543,3.724506139755249
2,1544,3.5853121280670166
2,1545,3.7061495780944824
2,1546,3.6698977947235107
2,1547,3.6824326515197754
2,1548,3.6377313137054443
2,1549,3.665767192840576
2,1550,3.636007308959961
2,1551,3.541743278503418
2,1552,3.5334935188293457
2,1553,3.6359291076660156
2,1554,3.7021725177764893
2,1555,3.701953887939453
2,1556,3.71579647064209
2,1557,3.74615740776062
2,1558,3.634401321411133
2,1559,3.710758924484253
2,1560,3.786022663116455
2,1561,3.731619358062744
2,1562,3.682283639907837
3,1563,3.5860958099365234
3,1564,3.6645703315734863
3,1565,3.6475441455841064
3,1566,3.610872745513916
3,1567,3.7040677070617676
3,1568,3.698786973953247
3,1569,3.6203722953796387
3,1570,3.632545232772827
3,1571,3.7199301719665527
3,1572,3.6861414909362793
3,1573,3.645616054534912
3,1574,3.6797986030578613
3,1575,3.630439281463623
3,1576,3.5388009548187256
3,1577,3.840456962585449
3,1578,3.6725122928619385
3,1579,3.584547758102417
3,1580,3.765913963317871
3,1581,3.665904998779297
3,1582,3.6394829750061035
3,1583,3.653852939605713
3,1584,3.737483024597168
3,1585,3.627254009246826
3,1586,3.618720054626465
3,1587,3.644193649291992
3,1588,3.64910888671875
3,1589,3.6417698860168457
3,1590,3.6444201469421387
3,1591,3.626800060272217
3,1592,3.6787283420562744
3,1593,3.576909065246582
3,1594,3.543243885040283
3,1595,3.714437961578369
3,1596,3.8756821155548096
3,1597,3.746009588241577
3,1598,3.654125213623047
3,1599,3.6505517959594727
3,1600,3.6358482837677
3,1601,3.7046351432800293
3,1602,3.5943784713745117
3,1603,3.7149298191070557
3,1604,3.697808027267456
3,1605,3.610258102416992
3,1606,3.6615071296691895
3,1607,3.623690128326416
3,1608,3.715285539627075
3,1609,3.7036166191101074
3,1610,3.6390833854675293
3,1611,3.6720471382141113
3,1612,3.7467856407165527
3,1613,3.7430150508880615
3,1614,3.799354314804077
3,1615,3.624328851699829
3,1616,3.595579147338867
3,1617,3.52687668800354
3,1618,3.716370105743408
3,1619,3.624741554260254
3,1620,3.643221139907837
3,1621,3.563248872756958
3,1622,3.6699814796447754
3,1623,3.5648059844970703
3,1624,3.7271881103515625
3,1625,3.7804179191589355
3,1626,3.576974391937256
3,1627,3.5814526081085205
3,1628,3.6402769088745117
3,1629,3.6087656021118164
3,1630,3.62343168258667
3,1631,3.588590145111084
3,1632,3.5857715606689453
3,1633,3.6508052349090576
3,1634,3.585386276245117
3,1635,3.6210317611694336
3,1636,3.5258560180664062
3,1637,3.565708875656128
3,1638,3.7560086250305176
3,1639,3.6162514686584473
3,1640,3.5491580963134766
3,1641,3.6837353706359863
3,1642,3.62335205078125
3,1643,3.754788875579834
3,1644,3.7409770488739014
3,1645,3.6323535442352295
3,1646,3.6186587810516357
3,1647,3.7164742946624756
3,1648,3.6807849407196045
3,1649,3.6765999794006348
3,1650,3.639822244644165
3,1651,3.6089062690734863
3,1652,3.655595541000366
3,1653,3.6335079669952393
3,1654,3.609018325805664
3,1655,3.598170280456543
3,1656,3.677475929260254
3,1657,3.7445363998413086
3,1658,3.556023120880127
3,1659,3.7017970085144043
3,1660,3.596921682357788
3,1661,3.5702998638153076
3,1662,3.68221378326416
3,1663,3.5917716026306152
3,1664,3.6846814155578613
3,1665,3.648484706878662
3,1666,3.764763116836548
3,1667,3.6150171756744385
3,1668,3.714183807373047
3,1669,3.640997886657715
3,1670,3.7523322105407715
3,1671,3.706813335418701
3,1672,3.609454393386841
3,1673,3.611022472381592
3,1674,3.668933153152466
3,1675,3.6622438430786133
3,1676,3.5297415256500244
3,1677,3.6976523399353027
3,1678,3.593205451965332
3,1679,3.636810779571533
3,1680,3.532132625579834
3,1681,3.561208724975586
3,1682,3.675229549407959
3,1683,3.578871250152588
3,1684,3.659100294113159
3,1685,3.621330738067627
3,1686,3.707763433456421
3,1687,3.63895320892334
3,1688,3.5404305458068848
3,1689,3.572716236114502
3,1690,3.70043683052063
3,1691,3.5661234855651855
3,1692,3.6100194454193115
3,1693,3.594172954559326
3,1694,3.6126465797424316
3,1695,3.716045379638672
3,1696,3.5425891876220703
3,1697,3.580765724182129
3,1698,3.706644058227539
3,1699,3.663907289505005
3,1700,3.6708223819732666
3,1701,3.5515494346618652
3,1702,3.6987686157226562
3,1703,3.567330837249756
3,1704,3.6334524154663086
3,1705,3.6375505924224854
3,1706,3.6149957180023193
3,1707,3.6662752628326416
3,1708,3.532040596008301
3,1709,3.782215118408203
3,1710,3.6356358528137207
3,1711,3.594913959503174
3,1712,3.6678085327148438
3,1713,3.629903793334961
3,1714,3.576530933380127
3,1715,3.61132550239563
3,1716,3.4727683067321777
3,1717,3.6056582927703857
3,1718,3.6965465545654297
3,1719,3.6325583457946777
3,1720,3.6052379608154297
3,1721,3.560305595397949
3,1722,3.638195514678955
3,1723,3.6511850357055664
3,1724,3.573977470397949
3,1725,3.688045024871826
3,1726,3.609821319580078
3,1727,3.6463682651519775
3,1728,3.6051971912384033
3,1729,3.5399250984191895
3,1730,3.6048004627227783
3,1731,3.715707778930664
3,1732,3.779451847076416
3,1733,3.627821922302246
3,1734,3.586048126220703
3,1735,3.700220823287964
3,1736,3.6231627464294434
3,1737,3.5876805782318115
3,1738,3.7279248237609863
3,1739,3.7037177085876465
3,1740,3.663107395172119
3,1741,3.567054271697998
3,1742,3.614969491958618
3,1743,3.6139473915100098
3,1744,3.5945043563842773
3,1745,3.6403512954711914
3,1746,3.6492388248443604
3,1747,3.5746912956237793
3,1748,3.5328545570373535
3,1749,3.732758045196533
3,1750,3.561967372894287
3,1751,3.717949390411377
3,1752,3.6658010482788086
3,1753,3.7196948528289795
3,1754,3.612123489379883
3,1755,3.769343614578247
3,1756,3.7017202377319336
3,1757,3.6565065383911133
3,1758,3.6761255264282227
3,1759,3.603557825088501
3,1760,3.562278985977173
3,1761,3.520301103591919
3,1762,3.576955795288086
3,1763,3.6402745246887207
3,1764,3.7292795181274414
3,1765,3.6979820728302
3,1766,3.5935404300689697
3,1767,3.686246395111084
3,1768,3.6338419914245605
3,1769,3.6396279335021973
3,1770,3.5210843086242676
3,1771,3.6346940994262695
3,1772,3.620811939239502
3,1773,3.7130985260009766
3,1774,3.7995877265930176
3,1775,3.6541404724121094
3,1776,3.690544843673706
3,1777,3.6464195251464844
3,1778,3.6590323448181152
3,1779,3.590426445007324
3,1780,3.6928553581237793
3,1781,3.6242527961730957
3,1782,3.770048141479492
3,1783,3.600614070892334
3,1784,3.6735029220581055
3,1785,3.567347288131714
3,1786,3.6237473487854004
3,1787,3.8315813541412354
3,1788,3.590646505355835
3,1789,3.6494598388671875
3,1790,3.6540732383728027
3,1791,3.6175460815429688
3,1792,3.7198147773742676
3,1793,3.6226954460144043
3,1794,3.6135029792785645
3,1795,3.6224470138549805
3,1796,3.545708656311035
3,1797,3.6682534217834473
3,1798,3.742521286010742
3,1799,3.6123046875
3,1800,3.6531805992126465
3,1801,3.5781426429748535
3,1802,3.653625965118408
3,1803,3.6093156337738037
3,1804,3.5804331302642822
3,1805,3.680459499359131
3,1806,3.645838737487793
3,1807,3.686640739440918
3,1808,3.6374616622924805
3,1809,3.6164746284484863
3,1810,3.761549472808838
3,1811,3.6448135375976562
3,1812,3.6572182178497314
3,1813,3.6627254486083984
3,1814,3.648303270339966
3,1815,3.5882720947265625
3,1816,3.6728954315185547
3,1817,3.563776969909668
3,1818,3.6195247173309326
3,1819,3.5525074005126953
3,1820,3.6495821475982666
3,1821,3.6543753147125244
3,1822,3.633975028991699
3,1823,3.6598682403564453
3,1824,3.6079189777374268
3,1825,3.6406407356262207
3,1826,3.70023512840271
3,1827,3.732713222503662
3,1828,3.6603684425354004
3,1829,3.6034088134765625
3,1830,3.6833791732788086
3,1831,3.599729061126709
3,1832,3.6009697914123535
3,1833,3.609055519104004
3,1834,3.59338641166687
3,1835,3.522243022918701
3,1836,3.6675257682800293
3,1837,3.6204285621643066
3,1838,3.6241037845611572
3,1839,3.6475367546081543
3,1840,3.577793836593628
3,1841,3.614668369293213
3,1842,3.7574777603149414
3,1843,3.5554630756378174
3,1844,3.630338191986084
3,1845,3.6092731952667236
3,1846,3.6266965866088867
3,1847,3.615506649017334
3,1848,3.6749050617218018
3,1849,3.664375066757202
3,1850,3.6245861053466797
3,1851,3.530639886856079
3,1852,3.580242156982422
3,1853,3.665717124938965
3,1854,3.514695167541504
3,1855,3.609354019165039
3,1856,3.616333484649658
3,1857,3.740205764770508
3,1858,3.703418731689453
3,1859,3.587815284729004
3,1860,3.6211905479431152
3,1861,3.575658082962036
3,1862,3.7020087242126465
3,1863,3.6584482192993164
3,1864,3.6216964721679688
3,1865,3.5765132904052734
3,1866,3.6145551204681396
3,1867,3.744215488433838
3,1868,3.631951093673706
3,1869,3.5972952842712402
3,1870,3.7049779891967773
3,1871,3.751619338989258
3,1872,3.544173240661621
3,1873,3.5781588554382324
3,1874,3.593515396118164
3,1875,3.507453680038452
3,1876,3.633183002471924
3,1877,3.5363473892211914
3,1878,3.6979598999023438
3,1879,3.6823220252990723
3,1880,3.6146702766418457
3,1881,3.7376065254211426
3,1882,3.654890537261963
3,1883,3.6280360221862793
3,1884,3.5215015411376953
3,1885,3.5806591510772705
3,1886,3.507418394088745
3,1887,3.652632236480713
3,1888,3.6363534927368164
3,1889,3.616757869720459
3,1890,3.60435152053833
3,1891,3.50942325592041
3,1892,3.6416409015655518
3,1893,3.654785633087158
3,1894,3.5909857749938965
3,1895,3.4823360443115234
3,1896,3.5364441871643066
3,1897,3.656827688217163
3,1898,3.685598850250244
3,1899,3.5666520595550537
3,1900,3.6484580039978027
3,1901,3.594722032546997
3,1902,3.679603099822998
3,1903,3.6721670627593994
3,1904,3.5351972579956055
3,1905,3.619879961013794
3,1906,3.63434100151062
3,1907,3.5177628993988037
3,1908,3.5788722038269043
3,1909,3.6145894527435303
3,1910,3.643892526626587
3,1911,3.6703109741210938
3,1912,3.6385183334350586
3,1913,3.5324811935424805
3,1914,3.606692314147949
3,1915,3.5724191665649414
3,1916,3.549546003341675
3,1917,3.5887818336486816
3,1918,3.6459908485412598
3,1919,3.5276637077331543
3,1920,3.642681121826172
3,1921,3.5269713401794434
3,1922,3.6402840614318848
3,1923,3.6770195960998535
3,1924,3.624011516571045
3,1925,3.5200493335723877
3,1926,3.6979570388793945
3,1927,3.6844608783721924
3,1928,3.680142641067505
3,1929,3.590121269226074
3,1930,3.620692729949951
3,1931,3.6388864517211914
3,1932,3.736469268798828
3,1933,3.589953660964966
3,1934,3.5772385597229004
3,1935,3.619973659515381
3,1936,3.6747238636016846
3,1937,3.575352191925049
3,1938,3.6048245429992676
3,1939,3.550593852996826
3,1940,3.5232577323913574
3,1941,3.6063849925994873
3,1942,3.7105698585510254
3,1943,3.658967971801758
3,1944,3.6473007202148438
3,1945,3.6658148765563965
3,1946,3.577197313308716
3,1947,3.4919943809509277
3,1948,3.686375379562378
3,1949,3.619560956954956
3,1950,3.6058907508850098
3,1951,3.6239423751831055
3,1952,3.62508487701416
3,1953,3.5859463214874268
3,1954,3.5850963592529297
3,1955,3.6109366416931152
3,1956,3.531964063644409
3,1957,3.547715663909912
3,1958,3.5298194885253906
3,1959,3.677259922027588
3,1960,3.5520591735839844
3,1961,3.7268896102905273
3,1962,3.651031017303467
3,1963,3.582549571990967
3,1964,3.531425952911377
3,1965,3.5174927711486816
3,1966,3.5532922744750977
3,1967,3.6317684650421143
3,1968,3.6413865089416504
3,1969,3.590088367462158
3,1970,3.593418836593628
3,1971,3.4832849502563477
3,1972,3.6698904037475586
3,1973,3.540898323059082
3,1974,3.5556931495666504
3,1975,3.6442043781280518
3,1976,3.5696983337402344
3,1977,3.6811599731445312
3,1978,3.6304473876953125
3,1979,3.5776093006134033
3,1980,3.6098389625549316
3,1981,3.769012451171875
3,1982,3.644925832748413
3,1983,3.632807731628418
3,1984,3.682079792022705
3,1985,3.6263914108276367
3,1986,3.7120957374572754
3,1987,3.544619560241699
3,1988,3.610686779022217
3,1989,3.525416374206543
3,1990,3.5772480964660645
3,1991,3.503676414489746
3,1992,3.675168037414551
3,1993,3.612330913543701
3,1994,3.635812997817993
3,1995,3.638237953186035
3,1996,3.6146225929260254
3,1997,3.6644465923309326
3,1998,3.566251039505005
3,1999,3.526562213897705
3,2000,3.665705442428589
3,2001,3.565544366836548
3,2002,3.5329010486602783
3,2003,3.5816965103149414
3,2004,3.5719549655914307
3,2005,3.6111741065979004
3,2006,3.625119209289551
3,2007,3.5864951610565186
3,2008,3.564751625061035
3,2009,3.660782814025879
3,2010,3.611382246017456
3,2011,3.5756850242614746
3,2012,3.6184935569763184
3,2013,3.5712146759033203
3,2014,3.502298355102539
3,2015,3.6689205169677734
3,2016,3.5914955139160156
3,2017,3.6759095191955566
3,2018,3.543081045150757
3,2019,3.7268457412719727
3,2020,3.5957441329956055
3,2021,3.645010471343994
3,2022,3.71880841255188
3,2023,3.6683146953582764
3,2024,3.585749387741089
3,2025,3.60495924949646
3,2026,3.6348674297332764
3,2027,3.6280031204223633
3,2028,3.6193337440490723
3,2029,3.629711389541626
3,2030,3.646920680999756
3,2031,3.535625457763672
3,2032,3.6198949813842773
3,2033,3.597797155380249
3,2034,3.5684666633605957
3,2035,3.589750289916992
3,2036,3.691844940185547
3,2037,3.686316728591919
3,2038,3.628744602203369
3,2039,3.7087082862854004
3,2040,3.6161904335021973
3,2041,3.588118553161621
3,2042,3.6652352809906006
3,2043,3.6725499629974365
3,2044,3.621342897415161
3,2045,3.5399162769317627
3,2046,3.6301794052124023
3,2047,3.6169614791870117
3,2048,3.7471420764923096
3,2049,3.697258472442627
3,2050,3.613199234008789
3,2051,3.65901517868042
3,2052,3.595689296722412
3,2053,3.604421377182007
3,2054,3.620590925216675
3,2055,3.50652813911438
3,2056,3.503089189529419
3,2057,3.5401456356048584
3,2058,3.701547145843506
3,2059,3.6167516708374023
3,2060,3.599669933319092
3,2061,3.561525344848633
3,2062,3.606168746948242
3,2063,3.5133063793182373
3,2064,3.6036980152130127
3,2065,3.5038933753967285
3,2066,3.540437698364258
3,2067,3.5997753143310547
3,2068,3.5684027671813965
3,2069,3.646698474884033
3,2070,3.588416814804077
3,2071,3.5474610328674316
3,2072,3.4456357955932617
3,2073,3.6603307723999023
3,2074,3.5635390281677246
3,2075,3.618717908859253
3,2076,3.596961498260498
3,2077,3.6153862476348877
3,2078,3.5647568702697754
3,2079,3.6904854774475098
3,2080,3.6300244331359863
3,2081,3.6434755325317383
3,2082,3.5288338661193848
3,2083,3.669280529022217
3,2084,3.708676815032959
3,2085,3.6530351638793945
3,2086,3.560471534729004
3,2087,3.567487955093384
3,2088,3.6171960830688477
3,2089,3.6352314949035645
3,2090,3.6572442054748535
3,2091,3.5777435302734375
3,2092,3.6729719638824463
3,2093,3.6708285808563232
3,2094,3.5865275859832764
3,2095,3.5217933654785156
3,2096,3.682858467102051
3,2097,3.5233092308044434
3,2098,3.5782103538513184
3,2099,3.5851988792419434
3,2100,3.609971523284912
3,2101,3.681428909301758
3,2102,3.559293270111084
3,2103,3.5711288452148438
3,2104,3.734736919403076
3,2105,3.541135787963867
3,2106,3.581347703933716
3,2107,3.545224666595459
3,2108,3.6379241943359375
3,2109,3.662324905395508
3,2110,3.556971549987793
3,2111,3.6250829696655273
3,2112,3.5928637981414795
3,2113,3.554027795791626
3,2114,3.55216646194458
3,2115,3.6868391036987305
3,2116,3.6116557121276855
3,2117,3.6078875064849854
3,2118,3.5407321453094482
3,2119,3.555605173110962
3,2120,3.7124133110046387
3,2121,3.5358595848083496
3,2122,3.538233518600464
3,2123,3.7392306327819824
3,2124,3.6581947803497314
3,2125,3.59751558303833
3,2126,3.59922456741333
3,2127,3.7252798080444336
3,2128,3.5826311111450195
3,2129,3.6159911155700684
3,2130,3.609988212585449
3,2131,3.503336191177368
3,2132,3.5756289958953857
3,2133,3.6838037967681885
3,2134,3.597304344177246
3,2135,3.576939582824707
3,2136,3.531928062438965
3,2137,3.5861754417419434
3,2138,3.593994140625
3,2139,3.580599308013916
3,2140,3.5690701007843018
3,2141,3.6562185287475586
3,2142,3.58830189704895
3,2143,3.6406962871551514
3,2144,3.6445319652557373
3,2145,3.484661102294922
3,2146,3.5473036766052246
3,2147,3.5331907272338867
3,2148,3.468219518661499
3,2149,3.620312213897705
3,2150,3.546356439590454
3,2151,3.6919188499450684
3,2152,3.6013786792755127
3,2153,3.5811305046081543
3,2154,3.60223650932312
3,2155,3.6102991104125977
3,2156,3.659162759780884
3,2157,3.48484206199646
3,2158,3.5284931659698486
3,2159,3.565223217010498
3,2160,3.625941514968872
3,2161,3.687849521636963
3,2162,3.641364097595215
3,2163,3.696585178375244
3,2164,3.5985469818115234
3,2165,3.5704410076141357
3,2166,3.7042927742004395
3,2167,3.5196890830993652
3,2168,3.5603270530700684
3,2169,3.488752603530884
3,2170,3.5195188522338867
3,2171,3.6237080097198486
3,2172,3.6306066513061523
3,2173,3.6404449939727783
3,2174,3.5272467136383057
3,2175,3.597813367843628
3,2176,3.5673117637634277
3,2177,3.649078845977783
3,2178,3.5385689735412598
3,2179,3.6831979751586914
3,2180,3.742985248565674
3,2181,3.618779182434082
3,2182,3.573101043701172
3,2183,3.5609078407287598
3,2184,3.5832529067993164
3,2185,3.5660669803619385
3,2186,3.5345044136047363
3,2187,3.658525228500366
3,2188,3.6705713272094727
3,2189,3.5443854331970215
3,2190,3.6246085166931152
3,2191,3.536485433578491
3,2192,3.609004020690918
3,2193,3.7087559700012207
3,2194,3.538564682006836
3,2195,3.5460617542266846
3,2196,3.6034698486328125
3,2197,3.5272367000579834
3,2198,3.658334970474243
3,2199,3.520294189453125
3,2200,3.69134521484375
3,2201,3.6247310638427734
3,2202,3.6350197792053223
3,2203,3.5320825576782227
3,2204,3.6032209396362305
3,2205,3.5871336460113525
3,2206,3.5343475341796875
3,2207,3.615262031555176
3,2208,3.585437297821045
3,2209,3.652215003967285
3,2210,3.6371006965637207
3,2211,3.6177515983581543
3,2212,3.6572632789611816
3,2213,3.65118408203125
3,2214,3.5960326194763184
3,2215,3.732520580291748
3,2216,3.572383403778076
3,2217,3.448523998260498
3,2218,3.550180673599243
3,2219,3.601825714111328
3,2220,3.552863597869873
3,2221,3.5620644092559814
3,2222,3.5727946758270264
3,2223,3.6413731575012207
3,2224,3.57150936126709
3,2225,3.5694150924682617
3,2226,3.543743848800659
3,2227,3.5704541206359863
3,2228,3.663078546524048
3,2229,3.6460108757019043
3,2230,3.5791285037994385
3,2231,3.634927749633789
3,2232,3.579827070236206
3,2233,3.5623726844787598
3,2234,3.505742073059082
3,2235,3.6782307624816895
3,2236,3.5743112564086914
3,2237,3.645979642868042
3,2238,3.5139472484588623
3,2239,3.5475144386291504
3,2240,3.559715747833252
3,2241,3.5499627590179443
3,2242,3.578787326812744
3,2243,3.574134111404419
3,2244,3.5032100677490234
3,2245,3.6241908073425293
3,2246,3.628726005554199
3,2247,3.5221190452575684
3,2248,3.6249990463256836
3,2249,3.6287009716033936
3,2250,3.5789406299591064
3,2251,3.531280994415283
3,2252,3.5222599506378174
3,2253,3.6203370094299316
3,2254,3.5041677951812744
3,2255,3.633885622024536
3,2256,3.560396671295166
3,2257,3.597135305404663
3,2258,3.630549907684326
3,2259,3.5133676528930664
3,2260,3.6076948642730713
3,2261,3.611652374267578
3,2262,3.655694007873535
3,2263,3.5398812294006348
3,2264,3.682126045227051
3,2265,3.5662190914154053
3,2266,3.671595573425293
3,2267,3.739802837371826
3,2268,3.549602508544922
3,2269,3.548692226409912
3,2270,3.62839937210083
3,2271,3.690319538116455
3,2272,3.603720188140869
3,2273,3.6006617546081543
3,2274,3.683732509613037
3,2275,3.6979763507843018
3,2276,3.6014492511749268
3,2277,3.6446549892425537
3,2278,3.5880978107452393
3,2279,3.6417856216430664
3,2280,3.6142964363098145
3,2281,3.5557689666748047
3,2282,3.737894058227539
3,2283,3.562230110168457
3,2284,3.6500205993652344
3,2285,3.6015963554382324
3,2286,3.583357810974121
3,2287,3.5364108085632324
3,2288,3.636101245880127
3,2289,3.573340892791748
3,2290,3.5833845138549805
3,2291,3.56866455078125
3,2292,3.5841336250305176
3,2293,3.7280220985412598
3,2294,3.7137482166290283
3,2295,3.532945156097412
3,2296,3.6567766666412354
3,2297,3.5193583965301514
3,2298,3.6128039360046387
3,2299,3.667156219482422
3,2300,3.7138545513153076
3,2301,3.532322406768799
3,2302,3.5778403282165527
3,2303,3.597163677215576
3,2304,3.456596851348877
3,2305,3.610426425933838
3,2306,3.635511636734009
3,2307,3.5765702724456787
3,2308,3.5520896911621094
3,2309,3.5880346298217773
3,2310,3.5759029388427734
3,2311,3.529526710510254
3,2312,3.478485107421875
3,2313,3.6771135330200195
3,2314,3.6408872604370117
3,2315,3.6109249591827393
3,2316,3.584825277328491
3,2317,3.6331582069396973
3,2318,3.667064666748047
3,2319,3.6395652294158936
3,2320,3.6578779220581055
3,2321,3.5977697372436523
3,2322,3.548283576965332
3,2323,3.6530771255493164
3,2324,3.6329445838928223
3,2325,3.5797510147094727
3,2326,3.5746757984161377
3,2327,3.575578212738037
3,2328,3.68161678314209
3,2329,3.622488498687744
3,2330,3.5935537815093994
3,2331,3.468517780303955
3,2332,3.7173633575439453
3,2333,3.565406322479248
3,2334,3.547330379486084
3,2335,3.560225009918213
3,2336,3.556628465652466
3,2337,3.5878045558929443
3,2338,3.5653977394104004
3,2339,3.5384361743927
3,2340,3.6488637924194336
3,2341,3.551044225692749
3,2342,3.622638702392578
3,2343,3.5291037559509277
4,2344,3.61574125289917
4,2345,3.5978617668151855
4,2346,3.620309591293335
4,2347,3.6260366439819336
4,2348,3.5922141075134277
4,2349,3.5650925636291504
4,2350,3.494811534881592
4,2351,3.5219950675964355
4,2352,3.528850555419922
4,2353,3.5662755966186523
4,2354,3.6712565422058105
4,2355,3.5754618644714355
4,2356,3.6168322563171387
4,2357,3.602857828140259
4,2358,3.575603485107422
4,2359,3.667994976043701
4,2360,3.570401191711426
4,2361,3.5607242584228516
4,2362,3.5571093559265137
4,2363,3.6491928100585938
4,2364,3.5692570209503174
4,2365,3.5612049102783203
4,2366,3.5899658203125
4,2367,3.578711986541748
4,2368,3.5787301063537598
4,2369,3.704674243927002
4,2370,3.5593068599700928
4,2371,3.628073215484619
4,2372,3.623638868331909
4,2373,3.508115530014038
4,2374,3.5823493003845215
4,2375,3.569422721862793
4,2376,3.5303244590759277
4,2377,3.5095996856689453
4,2378,3.5979480743408203
4,2379,3.549607753753662
4,2380,3.6386194229125977
4,2381,3.5306434631347656
4,2382,3.4961137771606445
4,2383,3.670382022857666
4,2384,3.5446624755859375
4,2385,3.6675679683685303
4,2386,3.512786865234375
4,2387,3.6216225624084473
4,2388,3.6877567768096924
4,2389,3.5615780353546143
4,2390,3.572598457336426
4,2391,3.6452443599700928
4,2392,3.578608989715576
4,2393,3.6463608741760254
4,2394,3.6471660137176514
4,2395,3.7506070137023926
4,2396,3.5555031299591064
4,2397,3.5931482315063477
4,2398,3.608503580093384
4,2399,3.6009573936462402
4,2400,3.576341152191162
4,2401,3.6126415729522705
4,2402,3.5805299282073975
4,2403,3.5648443698883057
4,2404,3.5722336769104004
4,2405,3.5470616817474365
4,2406,3.64697527885437
4,2407,3.656766176223755
4,2408,3.6112992763519287
4,2409,3.5109269618988037
4,2410,3.4423584938049316
4,2411,3.5034618377685547
4,2412,3.528289794921875
4,2413,3.5955312252044678
4,2414,3.6092281341552734
4,2415,3.5501718521118164
4,2416,3.495049476623535
4,2417,3.628222942352295
4,2418,3.617765188217163
4,2419,3.6178901195526123
4,2420,3.5797929763793945
4,2421,3.6124093532562256
4,2422,3.4601895809173584
4,2423,3.589918375015259
4,2424,3.659580945968628
4,2425,3.599489212036133
4,2426,3.6239242553710938
4,2427,3.577364444732666
4,2428,3.592240810394287
4,2429,3.588881731033325
4,2430,3.4922494888305664
4,2431,3.479067325592041
4,2432,3.7173900604248047
4,2433,3.705057144165039
4,2434,3.5866785049438477
4,2435,3.585455894470215
4,2436,3.535688638687134
4,2437,3.582923173904419
4,2438,3.626265048980713
4,2439,3.6665282249450684
4,2440,3.531747341156006
4,2441,3.544947624206543
4,2442,3.5790188312530518
4,2443,3.6852779388427734
4,2444,3.6490907669067383
4,2445,3.509490966796875
4,2446,3.5994133949279785
4,2447,3.736727714538574
4,2448,3.5110421180725098
4,2449,3.49076509475708
4,2450,3.5733566284179688
4,2451,3.6444971561431885
4,2452,3.562431573867798
4,2453,3.6338694095611572
4,2454,3.559276819229126
4,2455,3.570352554321289
4,2456,3.5328683853149414
4,2457,3.582855224609375
4,2458,3.663369655609131
4,2459,3.5177900791168213
4,2460,3.5192956924438477
4,2461,3.577568292617798
4,2462,3.681941032409668
4,2463,3.5965733528137207
4,2464,3.5028703212738037
4,2465,3.6648943424224854
4,2466,3.6478095054626465
4,2467,3.589409828186035
4,2468,3.669851064682007
4,2469,3.5497443675994873
4,2470,3.6211495399475098
4,2471,3.5876007080078125
4,2472,3.6603879928588867
4,2473,3.4619760513305664
4,2474,3.529656410217285
4,2475,3.5230085849761963
4,2476,3.515796184539795
4,2477,3.6813883781433105
4,2478,3.4624388217926025
4,2479,3.542710781097412
4,2480,3.5505685806274414
4,2481,3.5612998008728027
4,2482,3.5810904502868652
4,2483,3.6148884296417236
4,2484,3.693175792694092
4,2485,3.5928821563720703
4,2486,3.5137782096862793
4,2487,3.4483413696289062
4,2488,3.5305562019348145
4,2489,3.5150129795074463
4,2490,3.52300763130188
4,2491,3.6512818336486816
4,2492,3.62758207321167
4,2493,3.582059621810913
4,2494,3.569784164428711
4,2495,3.6210880279541016
4,2496,3.631240129470825
4,2497,3.5708048343658447
4,2498,3.5444717407226562
4,2499,3.560478687286377
4,2500,3.6496124267578125
4,2501,3.476901054382324
4,2502,3.637566566467285
4,2503,3.5410056114196777
4,2504,3.5461227893829346
4,2505,3.5489869117736816
4,2506,3.5608184337615967
4,2507,3.5259478092193604
4,2508,3.6101932525634766
4,2509,3.5827910900115967
4,2510,3.640127182006836
4,2511,3.6037611961364746
4,2512,3.523655414581299
4,2513,3.569591522216797
4,2514,3.5943214893341064
4,2515,3.566946029663086
4,2516,3.5648159980773926
4,2517,3.521355152130127
4,2518,3.479886531829834
4,2519,3.6003804206848145
4,2520,3.5315113067626953
4,2521,3.542856216430664
4,2522,3.655388355255127
4,2523,3.5288219451904297
4,2524,3.4852328300476074
4,2525,3.5853593349456787
4,2526,3.5196704864501953
4,2527,3.5998902320861816
4,2528,3.6155076026916504
4,2529,3.488292694091797
4,2530,3.5273258686065674
4,2531,3.557389497756958
4,2532,3.636206865310669
4,2533,3.588189125061035
4,2534,3.552083730697632
4,2535,3.6857500076293945
4,2536,3.588533401489258
4,2537,3.5096442699432373
4,2538,3.632373571395874
4,2539,3.5550899505615234
4,2540,3.5598111152648926
4,2541,3.5098817348480225
4,2542,3.557832956314087
4,2543,3.4897208213806152
4,2544,3.6005403995513916
4,2545,3.4779062271118164
4,2546,3.5467207431793213
4,2547,3.5416665077209473
4,2548,3.593231201171875
4,2549,3.570584774017334
4,2550,3.589010715484619
4,2551,3.5954132080078125
4,2552,3.5592856407165527
4,2553,3.561168670654297
4,2554,3.6221418380737305
4,2555,3.4556069374084473
4,2556,3.614473342895508
4,2557,3.5598702430725098
4,2558,3.631997585296631
4,2559,3.5975751876831055
4,2560,3.5265355110168457
4,2561,3.650362014770508
4,2562,3.5013558864593506
4,2563,3.552248001098633
4,2564,3.520113229751587
4,2565,3.5911943912506104
4,2566,3.604781150817871
4,2567,3.5574817657470703
4,2568,3.6347413063049316
4,2569,3.591442823410034
4,2570,3.638782024383545
4,2571,3.520995855331421
4,2572,3.574993848800659
4,2573,3.588536262512207
4,2574,3.524425983428955
4,2575,3.53464412689209
4,2576,3.639554500579834
4,2577,3.6567306518554688
4,2578,3.6647191047668457
4,2579,3.603957176208496
4,2580,3.553936243057251
4,2581,3.51705265045166
4,2582,3.5193543434143066
4,2583,3.5488672256469727
4,2584,3.4821057319641113
4,2585,3.587951421737671
4,2586,3.6399378776550293
4,2587,3.6087732315063477
4,2588,3.5854568481445312
4,2589,3.573415517807007
4,2590,3.579275131225586
4,2591,3.515183925628662
4,2592,3.489670753479004
4,2593,3.5428154468536377
4,2594,3.5072426795959473
4,2595,3.569173812866211
4,2596,3.547191858291626
4,2597,3.685819149017334
4,2598,3.535820722579956
4,2599,3.559507369995117
4,2600,3.5869956016540527
4,2601,3.530404567718506
4,2602,3.614403247833252
4,2603,3.510044574737549
4,2604,3.5005807876586914
4,2605,3.7039952278137207
4,2606,3.6030426025390625
4,2607,3.54510498046875
4,2608,3.608161211013794
4,2609,3.650729179382324
4,2610,3.512925148010254
4,2611,3.502749443054199
4,2612,3.523324489593506
4,2613,3.5500965118408203
4,2614,3.588465690612793
4,2615,3.5769424438476562
4,2616,3.541222095489502
4,2617,3.5078797340393066
4,2618,3.4609735012054443
4,2619,3.5501832962036133
4,2620,3.4874014854431152
4,2621,3.4920859336853027
4,2622,3.5462751388549805
4,2623,3.600900173187256
4,2624,3.648495674133301
4,2625,3.553901195526123
4,2626,3.576072931289673
4,2627,3.656892776489258
4,2628,3.5811662673950195
4,2629,3.648845911026001
4,2630,3.483254909515381
4,2631,3.570240020751953
4,2632,3.659442901611328
4,2633,3.4928412437438965
4,2634,3.567059278488159
4,2635,3.59451961517334
4,2636,3.532464027404785
4,2637,3.569246292114258
4,2638,3.4499452114105225
4,2639,3.5638926029205322
4,2640,3.5474579334259033
4,2641,3.6138768196105957
4,2642,3.524613380432129
4,2643,3.529059886932373
4,2644,3.4827165603637695
4,2645,3.590484142303467
4,2646,3.6110594272613525
4,2647,3.4868407249450684
4,2648,3.538238048553467
4,2649,3.638920307159424
4,2650,3.5136806964874268
4,2651,3.6855947971343994
4,2652,3.6116394996643066
4,2653,3.5480778217315674
4,2654,3.5961222648620605
4,2655,3.5967578887939453
4,2656,3.5260515213012695
4,2657,3.617872476577759
4,2658,3.6608939170837402
4,2659,3.5344579219818115
4,2660,3.6328341960906982
4,2661,3.5912132263183594
4,2662,3.6249985694885254
4,2663,3.571296215057373
4,2664,3.5506858825683594
4,2665,3.558872938156128
4,2666,3.481790542602539
4,2667,3.6448848247528076
4,2668,3.516068458557129
4,2669,3.5060575008392334
4,2670,3.5257229804992676
4,2671,3.517481803894043
4,2672,3.48103404045105
4,2673,3.512777328491211
4,2674,3.54575777053833
4,2675,3.546840190887451
4,2676,3.5585265159606934
4,2677,3.590113639831543
4,2678,3.638169288635254
4,2679,3.534301996231079
4,2680,3.5546228885650635
4,2681,3.563249111175537
4,2682,3.494931697845459
4,2683,3.5439863204956055
4,2684,3.5676827430725098
4,2685,3.4587621688842773
4,2686,3.474832534790039
4,2687,3.583080291748047
4,2688,3.479213237762451
4,2689,3.522524833679199
4,2690,3.601325035095215
4,2691,3.5098037719726562
4,2692,3.5793347358703613
4,2693,3.488907814025879
4,2694,3.5533034801483154
4,2695,3.506340980529785
4,2696,3.5472421646118164
4,2697,3.484823703765869
4,2698,3.4750442504882812
4,2699,3.518535852432251
4,2700,3.5587213039398193
4,2701,3.5439016819000244
4,2702,3.4722368717193604
4,2703,3.541372776031494
4,2704,3.7539663314819336
4,2705,3.5536208152770996
4,2706,3.5531015396118164
4,2707,3.538180351257324
4,2708,3.6858439445495605
4,2709,3.6019368171691895
4,2710,3.5734503269195557
4,2711,3.594806432723999
4,2712,3.5805530548095703
4,2713,3.6790409088134766
4,2714,3.541743278503418
4,2715,3.5641109943389893
4,2716,3.4687654972076416
4,2717,3.4735021591186523
4,2718,3.628920793533325
4,2719,3.6964902877807617
4,2720,3.499786376953125
4,2721,3.6202704906463623
4,2722,3.5759153366088867
4,2723,3.559042453765869
4,2724,3.474393606185913
4,2725,3.522935628890991
4,2726,3.565052032470703
4,2727,3.50185489654541
4,2728,3.5299506187438965
4,2729,3.572038173675537
4,2730,3.6296722888946533
4,2731,3.5488452911376953
4,2732,3.6634531021118164
4,2733,3.53082275390625
4,2734,3.5599544048309326
4,2735,3.569978713989258
4,2736,3.5642294883728027
4,2737,3.539112091064453
4,2738,3.678152561187744
4,2739,3.595813274383545
4,2740,3.696444511413574
4,2741,3.550968647003174
4,2742,3.506716728210449
4,2743,3.5787410736083984
4,2744,3.5573906898498535
4,2745,3.5807905197143555
4,2746,3.585970401763916
4,2747,3.53238582611084
4,2748,3.5975265502929688
4,2749,3.5273630619049072
4,2750,3.571946382522583
4,2751,3.502979278564453
4,2752,3.5824098587036133
4,2753,3.6048812866210938
4,2754,3.5244569778442383
4,2755,3.5509796142578125
4,2756,3.5594842433929443
4,2757,3.570010185241699
4,2758,3.4928033351898193
4,2759,3.4708948135375977
4,2760,3.5683772563934326
4,2761,3.5257835388183594
4,2762,3.6680099964141846
4,2763,3.5624303817749023
4,2764,3.5587198734283447
4,2765,3.4848031997680664
4,2766,3.509267807006836
4,2767,3.5890579223632812
4,2768,3.636823892593384
4,2769,3.59867787361145
4,2770,3.599210262298584
4,2771,3.5067315101623535
4,2772,3.666562557220459
4,2773,3.504333257675171
4,2774,3.477531909942627
4,2775,3.529527187347412
4,2776,3.5510120391845703
4,2777,3.5248708724975586
4,2778,3.5775694847106934
4,2779,3.5991759300231934
4,2780,3.626288890838623
4,2781,3.556905508041382
4,2782,3.663952589035034
4,2783,3.638657331466675
4,2784,3.40877628326416
4,2785,3.5328917503356934
4,2786,3.5287985801696777
4,2787,3.5873141288757324
4,2788,3.5140116214752197
4,2789,3.5317482948303223
4,2790,3.4162049293518066
4,2791,3.6817679405212402
4,2792,3.571796417236328
4,2793,3.596599578857422
4,2794,3.584068536758423
4,2795,3.578799247741699
4,2796,3.6188478469848633
4,2797,3.5236783027648926
4,2798,3.553345203399658
4,2799,3.4820456504821777
4,2800,3.5283117294311523
4,2801,3.5164222717285156
4,2802,3.6312313079833984
4,2803,3.4948089122772217
4,2804,3.6374049186706543
4,2805,3.559523582458496
4,2806,3.5265069007873535
4,2807,3.6300888061523438
4,2808,3.4914119243621826
4,2809,3.55379581451416
4,2810,3.5653929710388184
4,2811,3.5761666297912598
4,2812,3.5740747451782227
4,2813,3.4702391624450684
4,2814,3.5630407333374023
4,2815,3.578618288040161
4,2816,3.5546233654022217
4,2817,3.5500378608703613
4,2818,3.557694435119629
4,2819,3.6030497550964355
4,2820,3.5290708541870117
4,2821,3.5279288291931152
4,2822,3.521390914916992
4,2823,3.528688430786133
4,2824,3.5638492107391357
4,2825,3.543527603149414
4,2826,3.508604049682617
4,2827,3.4718329906463623
4,2828,3.489466428756714
4,2829,3.449734926223755
4,2830,3.5567123889923096
4,2831,3.579360008239746
4,2832,3.570321559906006
4,2833,3.4942750930786133
4,2834,3.471904754638672
4,2835,3.588951587677002
4,2836,3.6063361167907715
4,2837,3.4516797065734863
4,2838,3.6214041709899902
4,2839,3.656515121459961
4,2840,3.5572376251220703
4,2841,3.5841829776763916
4,2842,3.5323352813720703
4,2843,3.5669872760772705
4,2844,3.513308525085449
4,2845,3.517223834991455
4,2846,3.553895950317383
4,2847,3.594310760498047
4,2848,3.5083303451538086
4,2849,3.5145225524902344
4,2850,3.5311222076416016
4,2851,3.5975918769836426
4,2852,3.4973597526550293
4,2853,3.6036980152130127
4,2854,3.575869083404541
4,2855,3.5944108963012695
4,2856,3.5275325775146484
4,2857,3.5754313468933105
4,2858,3.4819459915161133
4,2859,3.5474843978881836
4,2860,3.6276562213897705
4,2861,3.5830578804016113
4,2862,3.6101315021514893
4,2863,3.679940700531006
4,2864,3.523719072341919
4,2865,3.623487710952759
4,2866,3.5644733905792236
4,2867,3.5665154457092285
4,2868,3.540548801422119
4,2869,3.562580108642578
4,2870,3.584501266479492
4,2871,3.5889892578125
4,2872,3.642618417739868
4,2873,3.4901020526885986
4,2874,3.5354220867156982
4,2875,3.5271458625793457
4,2876,3.517289638519287
4,2877,3.544848680496216
4,2878,3.5461277961730957
4,2879,3.491596221923828
4,2880,3.583545207977295
4,2881,3.558980703353882
4,2882,3.540438652038574
4,2883,3.4729723930358887
4,2884,3.5244510173797607
4,2885,3.525845527648926
4,2886,3.574991226196289
4,2887,3.481630325317383
4,2888,3.510560989379883
4,2889,3.518270969390869
4,2890,3.531036615371704
4,2891,3.5097053050994873
4,2892,3.456812858581543
4,2893,3.6049509048461914
4,2894,3.5620851516723633
4,2895,3.5651044845581055
4,2896,3.5390119552612305
4,2897,3.558915615081787
4,2898,3.4650068283081055
4,2899,3.5459060668945312
4,2900,3.595977544784546
4,2901,3.6207499504089355
4,2902,3.6835813522338867
4,2903,3.4520702362060547
4,2904,3.569586753845215
4,2905,3.599055767059326
4,2906,3.519979238510132
4,2907,3.5042378902435303
4,2908,3.5227506160736084
4,2909,3.628319263458252
4,2910,3.5356855392456055
4,2911,3.5642616748809814
4,2912,3.4818873405456543
4,2913,3.6854071617126465
4,2914,3.51921010017395
4,2915,3.655351161956787
4,2916,3.5586748123168945
4,2917,3.5239832401275635
4,2918,3.588510513305664
4,2919,3.5408148765563965
4,2920,3.560394287109375
4,2921,3.61008358001709
4,2922,3.64003586769104
4,2923,3.5548267364501953
4,2924,3.522891044616699
4,2925,3.5606117248535156
4,2926,3.5325491428375244
4,2927,3.5155787467956543
4,2928,3.5551743507385254
4,2929,3.4756579399108887
4,2930,3.553523063659668
4,2931,3.5839123725891113
4,2932,3.5962748527526855
4,2933,3.508082866668701
4,2934,3.580791473388672
4,2935,3.5052504539489746
4,2936,3.5597610473632812
4,2937,3.6413354873657227
4,2938,3.665032386779785
4,2939,3.5719685554504395
4,2940,3.5766754150390625
4,2941,3.4695589542388916
4,2942,3.5608434677124023
4,2943,3.551051616668701
4,2944,3.5224854946136475
4,2945,3.577893018722534
4,2946,3.662538528442383
4,2947,3.621767044067383
4,2948,3.5197224617004395
4,2949,3.62821102142334
4,2950,3.6902599334716797
4,2951,3.5374531745910645
4,2952,3.656212329864502
4,2953,3.5715644359588623
4,2954,3.64570951461792
4,2955,3.5535922050476074
4,2956,3.5362470149993896
4,2957,3.5067954063415527
4,2958,3.58538818359375
4,2959,3.6269679069519043
4,2960,3.5383312702178955
4,2961,3.479891300201416
4,2962,3.549588680267334
4,2963,3.5889432430267334
4,2964,3.6917474269866943
4,2965,3.5417165756225586
4,2966,3.596226692199707
4,2967,3.6158008575439453
4,2968,3.5557312965393066
4,2969,3.5491952896118164
4,2970,3.6234681606292725
4,2971,3.6519742012023926
4,2972,3.546957492828369
4,2973,3.5680506229400635
4,2974,3.5383760929107666
4,2975,3.588763475418091
4,2976,3.4858791828155518
4,2977,3.590470314025879
4,2978,3.5632171630859375
4,2979,3.64760422706604
4,2980,3.6484670639038086
4,2981,3.444878101348877
4,2982,3.539562702178955
4,2983,3.4412574768066406
4,2984,3.481302499771118
4,2985,3.588967800140381
4,2986,3.4747931957244873
4,2987,3.5405433177948
4,2988,3.5811123847961426
4,2989,3.5461082458496094
4,2990,3.424683094024658
4,2991,3.5703883171081543
4,2992,3.5794224739074707
4,2993,3.504796266555786
4,2994,3.5590264797210693
4,2995,3.525826930999756
4,2996,3.529639959335327
4,2997,3.5267269611358643
4,2998,3.6331424713134766
4,2999,3.506051778793335
4,3000,3.6078295707702637
4,3001,3.639385461807251
4,3002,3.594967842102051
4,3003,3.5043506622314453
4,3004,3.5523109436035156
4,3005,3.5658137798309326
4,3006,3.588371515274048
4,3007,3.5760650634765625
4,3008,3.488349437713623
4,3009,3.5920615196228027
4,3010,3.582953929901123
4,3011,3.5144691467285156
4,3012,3.625260829925537
4,3013,3.6046457290649414
4,3014,3.497222423553467
4,3015,3.627063751220703
4,3016,3.5098154544830322
4,3017,3.6126413345336914
4,3018,3.587097644805908
4,3019,3.544320583343506
4,3020,3.5452537536621094
4,3021,3.522505044937134
4,3022,3.537400245666504
4,3023,3.5786828994750977
4,3024,3.609327793121338
4,3025,3.5132689476013184
4,3026,3.525330066680908
4,3027,3.5730583667755127
4,3028,3.5752689838409424
4,3029,3.5316083431243896
4,3030,3.5479373931884766
4,3031,3.4903488159179688
4,3032,3.5184240341186523
4,3033,3.428050994873047
4,3034,3.5076122283935547
4,3035,3.6312990188598633
4,3036,3.500974655151367
4,3037,3.6489815711975098
4,3038,3.5768256187438965
4,3039,3.5385751724243164
4,3040,3.4931981563568115
4,3041,3.493856906890869
4,3042,3.5873570442199707
4,3043,3.5869479179382324
4,3044,3.575544834136963
4,3045,3.5465331077575684
4,3046,3.4802284240722656
4,3047,3.5644242763519287
4,3048,3.625460147857666
4,3049,3.4496495723724365
4,3050,3.5394654273986816
4,3051,3.5590343475341797
4,3052,3.5660829544067383
4,3053,3.5095701217651367
4,3054,3.470705270767212
4,3055,3.580155372619629
4,3056,3.526139736175537
4,3057,3.591658115386963
4,3058,3.636038303375244
4,3059,3.583540916442871
4,3060,3.535059928894043
4,3061,3.5569798946380615
4,3062,3.459916830062866
4,3063,3.4771718978881836
4,3064,3.5204696655273438
4,3065,3.50189208984375
4,3066,3.5360217094421387
4,3067,3.500805377960205
4,3068,3.5991523265838623
4,3069,3.563138723373413
4,3070,3.58084774017334
4,3071,3.460585594177246
4,3072,3.5281174182891846
4,3073,3.51713228225708
4,3074,3.587527275085449
4,3075,3.6786751747131348
4,3076,3.503243923187256
4,3077,3.565410852432251
4,3078,3.5221996307373047
4,3079,3.5276660919189453
4,3080,3.491487741470337
4,3081,3.520197868347168
4,3082,3.591212749481201
4,3083,3.4663307666778564
4,3084,3.4983468055725098
4,3085,3.634105682373047
4,3086,3.537991523742676
4,3087,3.5558133125305176
4,3088,3.4446921348571777
4,3089,3.5380115509033203
4,3090,3.5683822631835938
4,3091,3.6088156700134277
4,3092,3.490355968475342
4,3093,3.520071506500244
4,3094,3.507077217102051
4,3095,3.534358501434326
4,3096,3.4449987411499023
4,3097,3.5601625442504883
4,3098,3.610442638397217
4,3099,3.655938148498535
4,3100,3.530362844467163
4,3101,3.6189627647399902
4,3102,3.4902615547180176
4,3103,3.542656898498535
4,3104,3.5040385723114014
4,3105,3.53645658493042
4,3106,3.612757682800293
4,3107,3.5045461654663086
4,3108,3.5591986179351807
4,3109,3.484780788421631
4,3110,3.5388102531433105
4,3111,3.5591819286346436
4,3112,3.467703342437744
4,3113,3.640317440032959
4,3114,3.5199527740478516
4,3115,3.5339784622192383
4,3116,3.578494071960449
4,3117,3.478619337081909
4,3118,3.629892110824585
4,3119,3.5336530208587646
4,3120,3.5006837844848633
4,3121,3.5344362258911133
4,3122,3.5712661743164062
4,3123,3.547818899154663
4,3124,3.5124430656433105
5,3125,3.689101219177246
5,3126,3.5371615886688232
5,3127,3.557722568511963
5,3128,3.4984729290008545
5,3129,3.5436408519744873
5,3130,3.557626247406006
5,3131,3.5576629638671875
5,3132,3.5435404777526855
5,3133,3.716886281967163
5,3134,3.511122465133667
5,3135,3.5522236824035645
5,3136,3.4673149585723877
5,3137,3.5048656463623047
5,3138,3.5930371284484863
5,3139,3.4721693992614746
5,3140,3.462568521499634
5,3141,3.563152313232422
5,3142,3.508744716644287
5,3143,3.425957441329956
5,3144,3.5288171768188477
5,3145,3.527590274810791
5,3146,3.5493268966674805
5,3147,3.485058069229126
5,3148,3.4678080081939697
5,3149,3.5077929496765137
5,3150,3.5563058853149414
5,3151,3.4547860622406006
5,3152,3.6940369606018066
5,3153,3.508106231689453
5,3154,3.531153440475464
5,3155,3.517077922821045
5,3156,3.62174129486084
5,3157,3.5523667335510254
5,3158,3.5084662437438965
5,3159,3.4646849632263184
5,3160,3.563051223754883
5,3161,3.550420045852661
5,3162,3.536665916442871
5,3163,3.600592613220215
5,3164,3.532723903656006
5,3165,3.549959182739258
5,3166,3.5266590118408203
5,3167,3.606717586517334
5,3168,3.4988582134246826
5,3169,3.653346061706543
5,3170,3.5556387901306152
5,3171,3.5150516033172607
5,3172,3.5252952575683594
5,3173,3.4350247383117676
5,3174,3.6374340057373047
5,3175,3.4908716678619385
5,3176,3.5252251625061035
5,3177,3.6017842292785645
5,3178,3.6436920166015625
5,3179,3.541635513305664
5,3180,3.447183609008789
5,3181,3.557995319366455
5,3182,3.588548421859741
5,3183,3.5559580326080322
5,3184,3.5363550186157227
5,3185,3.523651599884033
5,3186,3.592637062072754
5,3187,3.503267288208008
5,3188,3.583031177520752
5,3189,3.551619052886963
5,3190,3.517679214477539
5,3191,3.4581398963928223
5,3192,3.664153575897217
5,3193,3.620784282684326
5,3194,3.4637861251831055
5,3195,3.4920220375061035
5,3196,3.5995452404022217
5,3197,3.544495105743408
5,3198,3.5470919609069824
5,3199,3.480595827102661
5,3200,3.551168441772461
5,3201,3.423011302947998
5,3202,3.5756640434265137
5,3203,3.497204303741455
5,3204,3.5183112621307373
5,3205,3.447070360183716
5,3206,3.5702216625213623
5,3207,3.467681407928467
5,3208,3.5517454147338867
5,3209,3.4841878414154053
5,3210,3.52074933052063
5,3211,3.491203784942627
5,3212,3.4901366233825684
5,3213,3.4268312454223633
5,3214,3.488065004348755
5,3215,3.594181537628174
5,3216,3.492184638977051
5,3217,3.5073623657226562
5,3218,3.545400619506836
5,3219,3.544184684753418
5,3220,3.606691598892212
5,3221,3.5312094688415527
5,3222,3.4949278831481934
5,3223,3.5282535552978516
5,3224,3.6024856567382812
5,3225,3.6171607971191406
5,3226,3.5157392024993896
5,3227,3.5008673667907715
5,3228,3.578610897064209
5,3229,3.6325302124023438
5,3230,3.5607478618621826
5,3231,3.464287042617798
5,3232,3.522725820541382
5,3233,3.46112060546875
5,3234,3.5767340660095215
5,3235,3.5575053691864014
5,3236,3.6299140453338623
5,3237,3.58672833442688
5,3238,3.629316806793213
5,3239,3.550656318664551
5,3240,3.6611220836639404
5,3241,3.586862325668335
5,3242,3.5179364681243896
5,3243,3.534775733947754
5,3244,3.613503932952881
5,3245,3.6177477836608887
5,3246,3.5149729251861572
5,3247,3.468745708465576
5,3248,3.5222034454345703
5,3249,3.5208921432495117
5,3250,3.5782251358032227
5,3251,3.5860037803649902
5,3252,3.5269405841827393
5,3253,3.545532464981079
5,3254,3.4901695251464844
5,3255,3.53068208694458
5,3256,3.451312780380249
5,3257,3.513254165649414
5,3258,3.600710391998291
5,3259,3.5382070541381836
5,3260,3.6368179321289062
5,3261,3.667811155319214
5,3262,3.5560832023620605
5,3263,3.466150999069214
5,3264,3.605353832244873
5,3265,3.528932809829712
5,3266,3.5415842533111572
5,3267,3.553307056427002
5,3268,3.4560153484344482
5,3269,3.4383301734924316
5,3270,3.446995258331299
5,3271,3.4899981021881104
5,3272,3.4939303398132324
5,3273,3.4946999549865723
5,3274,3.535301446914673
5,3275,3.5376713275909424
5,3276,3.5191149711608887
5,3277,3.554504632949829
5,3278,3.474039077758789
5,3279,3.471708059310913
5,3280,3.512091636657715
5,3281,3.5945568084716797
5,3282,3.4966843128204346
5,3283,3.559218168258667
5,3284,3.5476434230804443
5,3285,3.564495801925659
5,3286,3.6703896522521973
5,3287,3.5555949211120605
5,3288,3.4710335731506348
5,3289,3.446104049682617
5,3290,3.6520814895629883
5,3291,3.526731491088867
5,3292,3.486881971359253
5,3293,3.4910550117492676
5,3294,3.4617931842803955
5,3295,3.5575215816497803
5,3296,3.4804635047912598
5,3297,3.5140295028686523
5,3298,3.6031723022460938
5,3299,3.5640172958374023
5,3300,3.5399632453918457
5,3301,3.438319683074951
5,3302,3.5157737731933594
5,3303,3.5505287647247314
5,3304,3.5039188861846924
5,3305,3.540698528289795
5,3306,3.5196216106414795
5,3307,3.5264830589294434
5,3308,3.5296809673309326
5,3309,3.489591598510742
5,3310,3.468086004257202
5,3311,3.5334651470184326
5,3312,3.6342153549194336
5,3313,3.580313205718994
5,3314,3.4902138710021973
5,3315,3.529689311981201
5,3316,3.4467222690582275
5,3317,3.48052716255188
5,3318,3.5332767963409424
5,3319,3.531345844268799
5,3320,3.5170793533325195
5,3321,3.5024733543395996
5,3322,3.5409178733825684
5,3323,3.475142478942871
5,3324,3.5214107036590576
5,3325,3.573854446411133
5,3326,3.4846582412719727
5,3327,3.518326997756958
5,3328,3.5637612342834473
5,3329,3.5653810501098633
5,3330,3.5196917057037354
5,3331,3.496145486831665
5,3332,3.50246000289917
5,3333,3.463832378387451
5,3334,3.4805870056152344
5,3335,3.5143280029296875
5,3336,3.596825122833252
5,3337,3.5159013271331787
5,3338,3.55698299407959
5,3339,3.4534666538238525
5,3340,3.5241167545318604
5,3341,3.649257183074951
5,3342,3.5918922424316406
5,3343,3.500825881958008
5,3344,3.516369104385376
5,3345,3.6027040481567383
5,3346,3.5294132232666016
5,3347,3.506284236907959
5,3348,3.45560359954834
5,3349,3.5188992023468018
5,3350,3.4852254390716553
5,3351,3.5639138221740723
5,3352,3.455430507659912
5,3353,3.543588161468506
5,3354,3.613574504852295
5,3355,3.5507092475891113
5,3356,3.5142099857330322
5,3357,3.550053596496582
5,3358,3.5472257137298584
5,3359,3.5850677490234375
5,3360,3.530500650405884
5,3361,3.4895713329315186
5,3362,3.5170137882232666
5,3363,3.5223336219787598
5,3364,3.488304853439331
5,3365,3.6406702995300293
5,3366,3.4722115993499756
5,3367,3.4934921264648438
5,3368,3.5639591217041016
5,3369,3.490863561630249
5,3370,3.588468551635742
5,3371,3.616818904876709
5,3372,3.4711556434631348
5,3373,3.5177433490753174
5,3374,3.506946563720703
5,3375,3.510737419128418
5,3376,3.513723373413086
5,3377,3.5529520511627197
5,3378,3.5079119205474854
5,3379,3.557572841644287
5,3380,3.6007018089294434
5,3381,3.5560853481292725
5,3382,3.5781712532043457
5,3383,3.561565637588501
5,3384,3.5675363540649414
5,3385,3.5288524627685547
5,3386,3.4797139167785645
5,3387,3.5859813690185547
5,3388,3.534935474395752
5,3389,3.511364221572876
5,3390,3.5789945125579834
5,3391,3.556985378265381
5,3392,3.466336727142334
5,3393,3.523676872253418
5,3394,3.576859951019287
5,3395,3.4290952682495117
5,3396,3.4645681381225586
5,3397,3.5024585723876953
5,3398,3.5289394855499268
5,3399,3.496732234954834
5,3400,3.494896173477173
5,3401,3.526599645614624
5,3402,3.512223720550537
5,3403,3.4626691341400146
5,3404,3.524505138397217
5,3405,3.476388692855835
5,3406,3.4786601066589355
5,3407,3.543137550354004
5,3408,3.5959205627441406
5,3409,3.629758358001709
5,3410,3.492236375808716
5,3411,3.5059049129486084
5,3412,3.564669609069824
5,3413,3.5457658767700195
5,3414,3.4571123123168945
5,3415,3.5755538940429688
5,3416,3.5411906242370605
5,3417,3.5754148960113525
5,3418,3.4716956615448
5,3419,3.580282211303711
5,3420,3.5067973136901855
5,3421,3.522204637527466
5,3422,3.504347324371338
5,3423,3.505983829498291
5,3424,3.5507614612579346
5,3425,3.447746753692627
5,3426,3.5027055740356445
5,3427,3.3902504444122314
5,3428,3.5572872161865234
5,3429,3.4794881343841553
5,3430,3.4705941677093506
5,3431,3.485456943511963
5,3432,3.5513226985931396
5,3433,3.561288833618164
5,3434,3.565922260284424
5,3435,3.4790148735046387
5,3436,3.5038697719573975
5,3437,3.4484519958496094
5,3438,3.4950315952301025
5,3439,3.607135772705078
5,3440,3.5703940391540527
5,3441,3.5808475017547607
5,3442,3.536235809326172
5,3443,3.482621431350708
5,3444,3.557690143585205
5,3445,3.5644893646240234
5,3446,3.518433094024658
5,3447,3.540860176086426
5,3448,3.5367231369018555
5,3449,3.513965368270874
5,3450,3.506321907043457
5,3451,3.5999672412872314
5,3452,3.4716238975524902
5,3453,3.5053203105926514
5,3454,3.5485188961029053
5,3455,3.642207622528076
5,3456,3.5406017303466797
5,3457,3.404022216796875
5,3458,3.485548734664917
5,3459,3.4851953983306885
5,3460,3.6068739891052246
5,3461,3.5231130123138428
5,3462,3.474292278289795
5,3463,3.5193796157836914
5,3464,3.6008925437927246
5,3465,3.5496973991394043
5,3466,3.5918426513671875
5,3467,3.5101428031921387
5,3468,3.469360589981079
5,3469,3.5125889778137207
5,3470,3.475858449935913
5,3471,3.5429537296295166
5,3472,3.50109601020813
5,3473,3.663417339324951
5,3474,3.608856201171875
5,3475,3.4823532104492188
5,3476,3.4964704513549805
5,3477,3.491831064224243
5,3478,3.4941091537475586
5,3479,3.4676172733306885
5,3480,3.512455463409424
5,3481,3.5519065856933594
5,3482,3.4490723609924316
5,3483,3.4777684211730957
5,3484,3.5016279220581055
5,3485,3.510104179382324
5,3486,3.519308567047119
5,3487,3.558887004852295
5,3488,3.5176281929016113
5,3489,3.5209250450134277
5,3490,3.5015664100646973
5,3491,3.491921901702881
5,3492,3.613830089569092
5,3493,3.4899046421051025
5,3494,3.480928897857666
5,3495,3.5352587699890137
5,3496,3.5593652725219727
5,3497,3.4490957260131836
5,3498,3.5593247413635254
5,3499,3.5198473930358887
5,3500,3.5213463306427
5,3501,3.5158586502075195
5,3502,3.4975359439849854
5,3503,3.5622777938842773
5,3504,3.5647482872009277
5,3505,3.4811484813690186
5,3506,3.585853338241577
5,3507,3.5005359649658203
5,3508,3.53139328956604
5,3509,3.4573211669921875
5,3510,3.6314780712127686
5,3511,3.4737935066223145
5,3512,3.5523757934570312
5,3513,3.532834529876709
5,3514,3.4638028144836426
5,3515,3.5242981910705566
5,3516,3.4734206199645996
5,3517,3.6179137229919434
5,3518,3.59200382232666
5,3519,3.5152554512023926
5,3520,3.4941134452819824
5,3521,3.5496726036071777
5,3522,3.591695785522461
5,3523,3.604083776473999
5,3524,3.5975341796875
5,3525,3.4369397163391113
5,3526,3.504269599914551
5,3527,3.4921815395355225
5,3528,3.550201416015625
5,3529,3.4942312240600586
5,3530,3.5539257526397705
5,3531,3.6060147285461426
5,3532,3.4807143211364746
5,3533,3.527829647064209
5,3534,3.555588483810425
5,3535,3.519367218017578
5,3536,3.5102291107177734
5,3537,3.471656322479248
5,3538,3.5432958602905273
5,3539,3.4862022399902344
5,3540,3.461257219314575
5,3541,3.6082844734191895
5,3542,3.608808994293213
5,3543,3.5613880157470703
5,3544,3.4298791885375977
5,3545,3.6181201934814453
5,3546,3.5330283641815186
5,3547,3.6079158782958984
5,3548,3.5169382095336914
5,3549,3.492318630218506
5,3550,3.552868366241455
5,3551,3.5366086959838867
5,3552,3.526514768600464
5,3553,3.456023693084717
5,3554,3.540839195251465
5,3555,3.5491867065429688
5,3556,3.591527223587036
5,3557,3.596158027648926
5,3558,3.5390543937683105
5,3559,3.50563907623291
5,3560,3.5351743698120117
5,3561,3.5991451740264893
5,3562,3.556636333465576
5,3563,3.4122016429901123
5,3564,3.5521881580352783
5,3565,3.4615986347198486
5,3566,3.454678535461426
5,3567,3.5928239822387695
5,3568,3.5914359092712402
5,3569,3.5303151607513428
5,3570,3.458303928375244
5,3571,3.541323661804199
5,3572,3.473653793334961
5,3573,3.438896894454956
5,3574,3.6098392009735107
5,3575,3.511536121368408
5,3576,3.469257354736328
5,3577,3.503389835357666
5,3578,3.487852096557617
5,3579,3.5841290950775146
5,3580,3.5753440856933594
5,3581,3.4426333904266357
5,3582,3.4833006858825684
5,3583,3.476360321044922
5,3584,3.4880905151367188
5,3585,3.5415616035461426
5,3586,3.603856086730957
5,3587,3.5221333503723145
5,3588,3.518444538116455
5,3589,3.484682321548462
5,3590,3.5648727416992188
5,3591,3.51100492477417
5,3592,3.4906184673309326
5,3593,3.520719528198242
5,3594,3.5090956687927246
5,3595,3.479179620742798
5,3596,3.4870195388793945
5,3597,3.517925977706909
5,3598,3.537959575653076
5,3599,3.601083517074585
5,3600,3.509392261505127
5,3601,3.5941343307495117
5,3602,3.471979856491089
5,3603,3.4716830253601074
5,3604,3.6463615894317627
5,3605,3.486187696456909
5,3606,3.4898386001586914
5,3607,3.5264620780944824
5,3608,3.5592806339263916
5,3609,3.4883155822753906
5,3610,3.524078369140625
5,3611,3.5815927982330322
5,3612,3.5236282348632812
5,3613,3.4732863903045654
5,3614,3.527330160140991
5,3615,3.650864362716675
5,3616,3.614065170288086
5,3617,3.5156490802764893
5,3618,3.5608694553375244
5,3619,3.655545711517334
5,3620,3.474071979522705
5,3621,3.477011203765869
5,3622,3.5234897136688232
5,3623,3.490084648132324
5,3624,3.5015759468078613
5,3625,3.558861494064331
5,3626,3.582249402999878
5,3627,3.4706778526306152
5,3628,3.5241541862487793
5,3629,3.5176713466644287
5,3630,3.495079755783081
5,3631,3.587006092071533
5,3632,3.5981671810150146
5,3633,3.544320821762085
5,3634,3.51802921295166
5,3635,3.518907070159912
5,3636,3.516700029373169
5,3637,3.5123729705810547
5,3638,3.4993515014648438
5,3639,3.4503331184387207
5,3640,3.574228286743164
5,3641,3.4080088138580322
5,3642,3.4341726303100586
5,3643,3.544156312942505
5,3644,3.544253349304199
5,3645,3.5310840606689453
5,3646,3.544362783432007
5,3647,3.6134114265441895
5,3648,3.4708330631256104
5,3649,3.516900062561035
5,3650,3.572000503540039
5,3651,3.4448623657226562
5,3652,3.525540351867676
5,3653,3.4970309734344482
5,3654,3.543187141418457
5,3655,3.6067566871643066
5,3656,3.4362692832946777
5,3657,3.518740653991699
5,3658,3.4609904289245605
5,3659,3.4427261352539062
5,3660,3.508608818054199
5,3661,3.5748326778411865
5,3662,3.540940046310425
5,3663,3.491044521331787
5,3664,3.49832820892334
5,3665,3.4612154960632324
5,3666,3.5672554969787598
5,3667,3.519808769226074
5,3668,3.4782357215881348
5,3669,3.517117500305176
5,3670,3.467029571533203
5,3671,3.525324583053589
5,3672,3.5194203853607178
5,3673,3.4803433418273926
5,3674,3.519275665283203
5,3675,3.501227378845215
5,3676,3.559896945953369
5,3677,3.5755929946899414
5,3678,3.5158042907714844
5,3679,3.518359661102295
5,3680,3.407583236694336
5,3681,3.55837345123291
5,3682,3.512589931488037
5,3683,3.608611583709717
5,3684,3.595778703689575
5,3685,3.493932008743286
5,3686,3.4930856227874756
5,3687,3.5415782928466797
5,3688,3.5679831504821777
5,3689,3.5060319900512695
5,3690,3.670362949371338
5,3691,3.5005404949188232
5,3692,3.484318256378174
5,3693,3.470224380493164
5,3694,3.487931966781616
5,3695,3.516205072402954
5,3696,3.512878894805908
5,3697,3.4897255897521973
5,3698,3.4616646766662598
5,3699,3.508777379989624
5,3700,3.4722800254821777
5,3701,3.5445261001586914
5,3702,3.5352349281311035
5,3703,3.5058555603027344
5,3704,3.432556629180908
5,3705,3.5174951553344727
5,3706,3.4571545124053955
5,3707,3.528956174850464
5,3708,3.4880313873291016
5,3709,3.525615692138672
5,3710,3.454662322998047
5,3711,3.5174484252929688
5,3712,3.4937169551849365
5,3713,3.588817596435547
5,3714,3.5339760780334473
5,3715,3.491392135620117
5,3716,3.4922385215759277
5,3717,3.469841241836548
5,3718,3.438861846923828
5,3719,3.5243005752563477
5,3720,3.4989094734191895
5,3721,3.504493474960327
5,3722,3.5370848178863525
5,3723,3.5613207817077637
5,3724,3.4301891326904297
5,3725,3.466083288192749
5,3726,3.566161632537842
5,3727,3.5000882148742676
5,3728,3.57997465133667
5,3729,3.4952642917633057
5,3730,3.537438154220581
5,3731,3.517961025238037
5,3732,3.471681594848633
5,3733,3.5616254806518555
5,3734,3.391658306121826
5,3735,3.4991469383239746
5,3736,3.5198726654052734
5,3737,3.538940191268921
5,3738,3.5037710666656494
5,3739,3.5230603218078613
5,3740,3.5421247482299805
5,3741,3.5956051349639893
5,3742,3.456251859664917
5,3743,3.526446580886841
5,3744,3.468449354171753
5,3745,3.4768729209899902
5,3746,3.6046252250671387
5,3747,3.5204901695251465
5,3748,3.525031328201294
5,3749,3.5158777236938477
5,3750,3.549605369567871
5,3751,3.5217480659484863
5,3752,3.5840065479278564
5,3753,3.481778621673584
5,3754,3.5159239768981934
5,3755,3.456900119781494
5,3756,3.5581560134887695
5,3757,3.4651994705200195
5,3758,3.6338725090026855
5,3759,3.4864206314086914
5,3760,3.550971508026123
5,3761,3.5425267219543457
5,3762,3.5780529975891113
5,3763,3.547574043273926
5,3764,3.5325963497161865
5,3765,3.5142016410827637
5,3766,3.550417900085449
5,3767,3.512638568878174
5,3768,3.439887046813965
5,3769,3.5117368698120117
5,3770,3.472022771835327
5,3771,3.5591206550598145
5,3772,3.4560747146606445
5,3773,3.5329430103302
5,3774,3.51027250289917
5,3775,3.602391004562378
5,3776,3.5147037506103516
5,3777,3.479630708694458
5,3778,3.586798667907715
5,3779,3.55234432220459
5,3780,3.551464557647705
5,3781,3.4918317794799805
5,3782,3.6416797637939453
5,3783,3.5251173973083496
5,3784,3.50919771194458
5,3785,3.5789191722869873
5,3786,3.5378434658050537
5,3787,3.5920536518096924
5,3788,3.5852303504943848
5,3789,3.5012238025665283
5,3790,3.590752124786377
5,3791,3.455479860305786
5,3792,3.4625096321105957
5,3793,3.517216205596924
5,3794,3.5368714332580566
5,3795,3.6029863357543945
5,3796,3.486238956451416
5,3797,3.557178258895874
5,3798,3.4955639839172363
5,3799,3.5206105709075928
5,3800,3.536831855773926
5,3801,3.4831442832946777
5,3802,3.536252498626709
5,3803,3.486201763153076
5,3804,3.4938302040100098
5,3805,3.459406852722168
5,3806,3.6208667755126953
5,3807,3.4708056449890137
5,3808,3.52764630317688
5,3809,3.5806031227111816
5,3810,3.6398909091949463
5,3811,3.5021562576293945
5,3812,3.6914420127868652
5,3813,3.4234132766723633
5,3814,3.476207733154297
5,3815,3.545546054840088
5,3816,3.4846673011779785
5,3817,3.5222227573394775
5,3818,3.5437188148498535
5,3819,3.5008389949798584
5,3820,3.439786911010742
5,3821,3.489203929901123
5,3822,3.4442975521087646
5,3823,3.6051087379455566
5,3824,3.5299205780029297
5,3825,3.5154526233673096
5,3826,3.5048882961273193
5,3827,3.569580078125
5,3828,3.560659885406494
5,3829,3.509756326675415
5,3830,3.460033893585205
5,3831,3.5224223136901855
5,3832,3.479210138320923
5,3833,3.4729411602020264
5,3834,3.5067460536956787
5,3835,3.5643365383148193
5,3836,3.4708166122436523
5,3837,3.4908242225646973
5,3838,3.5662379264831543
5,3839,3.5581138134002686
5,3840,3.484128475189209
5,3841,3.557758331298828
5,3842,3.5299129486083984
5,3843,3.506865978240967
5,3844,3.5076587200164795
5,3845,3.4640846252441406
5,3846,3.484923839569092
5,3847,3.4736499786376953
5,3848,3.644859790802002
5,3849,3.523149013519287
5,3850,3.6478445529937744
5,3851,3.6177408695220947
5,3852,3.547119617462158
5,3853,3.437767505645752
5,3854,3.526784896850586
5,3855,3.43849515914917
5,3856,3.5574734210968018
5,3857,3.623600959777832
5,3858,3.5103225708007812
5,3859,3.463820457458496
5,3860,3.517442226409912
5,3861,3.521766185760498
5,3862,3.5811080932617188
5,3863,3.4972333908081055
5,3864,3.584784507751465
5,3865,3.5035715103149414
5,3866,3.447432518005371
5,3867,3.4751415252685547
5,3868,3.5247325897216797
5,3869,3.4604387283325195
5,3870,3.5476200580596924
5,3871,3.512910842895508
5,3872,3.5401198863983154
5,3873,3.5068373680114746
5,3874,3.492952823638916
5,3875,3.4850144386291504
5,3876,3.502561330795288
5,3877,3.464700698852539
5,3878,3.5241854190826416
5,3879,3.54085636138916
5,3880,3.473862648010254
5,3881,3.4798026084899902
5,3882,3.489821195602417
5,3883,3.582357883453369
5,3884,3.4470877647399902
5,3885,3.4570884704589844
5,3886,3.5163114070892334
5,3887,3.528829574584961
5,3888,3.551790714263916
5,3889,3.525743246078491
5,3890,3.5676279067993164
5,3891,3.621760845184326
5,3892,3.528372049331665
5,3893,3.5191121101379395
5,3894,3.5124330520629883
5,3895,3.440185070037842
5,3896,3.452416181564331
5,3897,3.5132083892822266
5,3898,3.5352840423583984
5,3899,3.5086917877197266
5,3900,3.576838970184326
5,3901,3.500174045562744
5,3902,3.5541324615478516
5,3903,3.4879088401794434
5,3904,3.4907724857330322
5,3905,3.5133702754974365
6,3906,3.4689440727233887
6,3907,3.5217809677124023
6,3908,3.4724974632263184
6,3909,3.4307408332824707
6,3910,3.508159637451172
6,3911,3.4935271739959717
6,3912,3.467194080352783
6,3913,3.5378451347351074
6,3914,3.4632349014282227
6,3915,3.418386936187744
6,3916,3.520251989364624
6,3917,3.428590774536133
6,3918,3.4859414100646973
6,3919,3.490309476852417
6,3920,3.4310123920440674
6,3921,3.456773042678833
6,3922,3.3974547386169434
6,3923,3.4731011390686035
6,3924,3.481253147125244
6,3925,3.5462756156921387
6,3926,3.5603275299072266
6,3927,3.4825315475463867
6,3928,3.5458436012268066
6,3929,3.5878474712371826
6,3930,3.5723493099212646
6,3931,3.559830665588379
6,3932,3.5799219608306885
6,3933,3.468841075897217
6,3934,3.591876268386841
6,3935,3.4963808059692383
6,3936,3.4957571029663086
6,3937,3.5251593589782715
6,3938,3.5418684482574463
6,3939,3.490060806274414
6,3940,3.4961743354797363
6,3941,3.4913687705993652
6,3942,3.458033323287964
6,3943,3.487069606781006
6,3944,3.483459711074829
6,3945,3.4810850620269775
6,3946,3.4959325790405273
6,3947,3.5362205505371094
6,3948,3.580345869064331
6,3949,3.641099452972412
6,3950,3.458193302154541
6,3951,3.518369436264038
6,3952,3.555440902709961
6,3953,3.490812301635742
6,3954,3.487318992614746
6,3955,3.5612668991088867
6,3956,3.488781452178955
6,3957,3.458371639251709
6,3958,3.4184980392456055
6,3959,3.489173173904419
6,3960,3.505244731903076
6,3961,3.51815128326416
6,3962,3.5398213863372803
6,3963,3.430908203125
6,3964,3.503664970397949
6,3965,3.6048545837402344
6,3966,3.3894615173339844
6,3967,3.5081710815429688
6,3968,3.477139472961426
6,3969,3.5789384841918945
6,3970,3.5133209228515625
6,3971,3.6229896545410156
6,3972,3.4941837787628174
6,3973,3.5445334911346436
6,3974,3.4933228492736816
6,3975,3.5489330291748047
6,3976,3.459635019302368
6,3977,3.489448070526123
6,3978,3.513148784637451
6,3979,3.5357375144958496
6,3980,3.467886447906494
6,3981,3.4339780807495117
6,3982,3.6286325454711914
6,3983,3.4284186363220215
6,3984,3.509871482849121
6,3985,3.4590978622436523
6,3986,3.6111245155334473
6,3987,3.3761391639709473
6,3988,3.508474826812744
6,3989,3.392062187194824
6,3990,3.4866013526916504
6,3991,3.5435101985931396
6,3992,3.544853687286377
6,3993,3.480384111404419
6,3994,3.5416765213012695
6,3995,3.5790696144104004
6,3996,3.521923065185547
6,3997,3.429986000061035
6,3998,3.428680181503296
6,3999,3.452601194381714
6,4000,3.4472222328186035
6,4001,3.607583522796631
6,4002,3.5651907920837402
6,4003,3.5467865467071533
6,4004,3.507368564605713
6,4005,3.4771673679351807
6,4006,3.489818572998047
6,4007,3.542414903640747
6,4008,3.4720802307128906
6,4009,3.5264573097229004
6,4010,3.545487403869629
6,4011,3.535421848297119
6,4012,3.5060877799987793
6,4013,3.4421815872192383
6,4014,3.468285322189331
6,4015,3.5472412109375
6,4016,3.5567626953125
6,4017,3.4722790718078613
6,4018,3.5793285369873047
6,4019,3.493957042694092
6,4020,3.4500014781951904
6,4021,3.4010157585144043
6,4022,3.430384635925293
6,4023,3.4898557662963867
6,4024,3.499603748321533
6,4025,3.492781162261963
6,4026,3.5406248569488525
6,4027,3.4420650005340576
6,4028,3.4704387187957764
6,4029,3.526273250579834
6,4030,3.4783756732940674
6,4031,3.523804187774658
6,4032,3.4838333129882812
6,4033,3.5516016483306885
6,4034,3.4384865760803223
6,4035,3.5124387741088867
6,4036,3.561901807785034
6,4037,3.499845266342163
6,4038,3.579279661178589
6,4039,3.5244297981262207
6,4040,3.4518752098083496
6,4041,3.5578603744506836
6,4042,3.5100042819976807
6,4043,3.534168243408203
6,4044,3.5889384746551514
6,4045,3.487133264541626
6,4046,3.57875657081604
6,4047,3.4615848064422607
6,4048,3.5034642219543457
6,4049,3.553528308868408
6,4050,3.518847942352295
6,4051,3.4754858016967773
6,4052,3.416541576385498
6,4053,3.5279810428619385
6,4054,3.5713911056518555
6,4055,3.506870746612549
6,4056,3.545342445373535
6,4057,3.516183614730835
6,4058,3.5411646366119385
6,4059,3.4687342643737793
6,4060,3.4416913986206055
6,4061,3.5416579246520996
6,4062,3.514847993850708
6,4063,3.539844036102295
6,4064,3.4594476222991943
6,4065,3.502960205078125
6,4066,3.4704902172088623
6,4067,3.5003714561462402
6,4068,3.4964377880096436
6,4069,3.495983123779297
6,4070,3.5511977672576904
6,4071,3.577866554260254
6,4072,3.489253520965576
6,4073,3.512538194656372
6,4074,3.5587267875671387
6,4075,3.5485072135925293
6,4076,3.4960572719573975
6,4077,3.4925880432128906
6,4078,3.5065150260925293
6,4079,3.50125789642334
6,4080,3.55413818359375
6,4081,3.5189414024353027
6,4082,3.508237600326538
6,4083,3.563736915588379
6,4084,3.530562400817871
6,4085,3.521883487701416
6,4086,3.522718906402588
6,4087,3.4552736282348633
6,4088,3.5089306831359863
6,4089,3.510324001312256
6,4090,3.5718207359313965
6,4091,3.5164194107055664
6,4092,3.47733736038208
6,4093,3.471031904220581
6,4094,3.470364809036255
6,4095,3.5779495239257812
6,4096,3.5590174198150635
6,4097,3.4701995849609375
6,4098,3.4893980026245117
6,4099,3.495351791381836
6,4100,3.446204900741577
6,4101,3.583904266357422
6,4102,3.5884337425231934
6,4103,3.609313488006592
6,4104,3.4868907928466797
6,4105,3.547332286834717
6,4106,3.435239791870117
6,4107,3.4738221168518066
6,4108,3.5773775577545166
6,4109,3.518582582473755
6,4110,3.4509737491607666
6,4111,3.4659423828125
6,4112,3.5442378520965576
6,4113,3.5355896949768066
6,4114,3.467529058456421
6,4115,3.496565818786621
6,4116,3.486299991607666
6,4117,3.518346071243286
6,4118,3.4656362533569336
6,4119,3.486666440963745
6,4120,3.5194592475891113
6,4121,3.5802392959594727
6,4122,3.426542043685913
6,4123,3.468803882598877
6,4124,3.4610610008239746
6,4125,3.4532175064086914
6,4126,3.4359240531921387
6,4127,3.492645263671875
6,4128,3.462749481201172
6,4129,3.512162446975708
6,4130,3.5074498653411865
6,4131,3.5022592544555664
6,4132,3.496671438217163
6,4133,3.52193546295166
6,4134,3.5802628993988037
6,4135,3.4927520751953125
6,4136,3.4902501106262207
6,4137,3.429382801055908
6,4138,3.490645170211792
6,4139,3.5008721351623535
6,4140,3.5057308673858643
6,4141,3.496915340423584
6,4142,3.495589256286621
6,4143,3.4615466594696045
6,4144,3.4875731468200684
6,4145,3.5380892753601074
6,4146,3.477907657623291
6,4147,3.5157928466796875
6,4148,3.4663727283477783
6,4149,3.4158143997192383
6,4150,3.4962100982666016
6,4151,3.4375462532043457
6,4152,3.5786092281341553
6,4153,3.511889696121216
6,4154,3.521777629852295
6,4155,3.4665133953094482
6,4156,3.465714931488037
6,4157,3.474647283554077
6,4158,3.5003294944763184
6,4159,3.524794101715088
6,4160,3.555284023284912
6,4161,3.538975715637207
6,4162,3.5721001625061035
6,4163,3.603442907333374
6,4164,3.490457534790039
6,4165,3.44942569732666
6,4166,3.4698872566223145
6,4167,3.5433526039123535
6,4168,3.4637818336486816
6,4169,3.4321846961975098
6,4170,3.5003135204315186
6,4171,3.545328140258789
6,4172,3.46669340133667
6,4173,3.507117986679077
6,4174,3.555026054382324
6,4175,3.4529881477355957
6,4176,3.5271267890930176
6,4177,3.4699044227600098
6,4178,3.614889621734619
6,4179,3.54905366897583
6,4180,3.5590879917144775
6,4181,3.484720230102539
6,4182,3.571268081665039
6,4183,3.490328311920166
6,4184,3.5073609352111816
6,4185,3.4112391471862793
6,4186,3.493187665939331
6,4187,3.4853262901306152
6,4188,3.5711421966552734
6,4189,3.511565685272217
6,4190,3.4633796215057373
6,4191,3.4535231590270996
6,4192,3.530588150024414
6,4193,3.477687358856201
6,4194,3.4636852741241455
6,4195,3.5806844234466553
6,4196,3.472672700881958
6,4197,3.515451431274414
6,4198,3.448643684387207
6,4199,3.491705894470215
6,4200,3.5052452087402344
6,4201,3.5441102981567383
6,4202,3.480599880218506
6,4203,3.561487913131714
6,4204,3.470545530319214
6,4205,3.559849977493286
6,4206,3.601590633392334
6,4207,3.5896425247192383
6,4208,3.5302906036376953
6,4209,3.521763324737549
6,4210,3.582057476043701
6,4211,3.500178575515747
6,4212,3.4997949600219727
6,4213,3.5598344802856445
6,4214,3.5468733310699463
6,4215,3.577601909637451
6,4216,3.5566022396087646
6,4217,3.487298011779785
6,4218,3.4756507873535156
6,4219,3.433798313140869
6,4220,3.5273098945617676
6,4221,3.5530622005462646
6,4222,3.5224733352661133
6,4223,3.4510507583618164
6,4224,3.47129487991333
6,4225,3.535935878753662
6,4226,3.50189471244812
6,4227,3.415510892868042
6,4228,3.4580321311950684
6,4229,3.557910919189453
6,4230,3.5276401042938232
6,4231,3.4854631423950195
6,4232,3.50486421585083
6,4233,3.522540330886841
6,4234,3.5639543533325195
6,4235,3.5041825771331787
6,4236,3.387347459793091
6,4237,3.502383232116699
6,4238,3.541665554046631
6,4239,3.4918549060821533
6,4240,3.517223834991455
6,4241,3.489535331726074
6,4242,3.5667576789855957
6,4243,3.4582741260528564
6,4244,3.45047926902771
6,4245,3.450352191925049
6,4246,3.4807956218719482
6,4247,3.4788503646850586
6,4248,3.587388038635254
6,4249,3.486818790435791
6,4250,3.572413206100464
6,4251,3.414830207824707
6,4252,3.601667881011963
6,4253,3.603463888168335
6,4254,3.4808502197265625
6,4255,3.5414376258850098
6,4256,3.459110975265503
6,4257,3.4973948001861572
6,4258,3.4968507289886475
6,4259,3.4798710346221924
6,4260,3.4641592502593994
6,4261,3.5186357498168945
6,4262,3.440531015396118
6,4263,3.43835186958313
6,4264,3.5395560264587402
6,4265,3.4574615955352783
6,4266,3.428741455078125
6,4267,3.5098748207092285
6,4268,3.4790310859680176
6,4269,3.377598285675049
6,4270,3.494986057281494
6,4271,3.468367099761963
6,4272,3.527637481689453
6,4273,3.5464768409729004
6,4274,3.5594568252563477
6,4275,3.5013012886047363
6,4276,3.4701528549194336
6,4277,3.503995418548584
6,4278,3.5028939247131348
6,4279,3.5349345207214355
6,4280,3.4711973667144775
6,4281,3.5729548931121826
6,4282,3.491370677947998
6,4283,3.4346606731414795
6,4284,3.512779712677002
6,4285,3.476177453994751
6,4286,3.4768543243408203
6,4287,3.490922451019287
6,4288,3.549652099609375
6,4289,3.4421005249023438
6,4290,3.469845771789551
6,4291,3.561401605606079
6,4292,3.5619773864746094
6,4293,3.5055975914001465
6,4294,3.479257106781006
6,4295,3.568500518798828
6,4296,3.470829963684082
6,4297,3.4341397285461426
6,4298,3.514127492904663
6,4299,3.510974407196045
6,4300,3.440765619277954
6,4301,3.501401424407959
6,4302,3.653003454208374
6,4303,3.5065112113952637
6,4304,3.4554576873779297
6,4305,3.4879798889160156
6,4306,3.5064313411712646
6,4307,3.4550704956054688
6,4308,3.5471441745758057
6,4309,3.487964391708374
6,4310,3.6170413494110107
6,4311,3.4932785034179688
6,4312,3.5039963722229004
6,4313,3.4509732723236084
6,4314,3.447908401489258
6,4315,3.401240348815918
6,4316,3.4887328147888184
6,4317,3.52877140045166
6,4318,3.522261142730713
6,4319,3.503279685974121
6,4320,3.498965263366699
6,4321,3.525606632232666
6,4322,3.4927101135253906
6,4323,3.3894267082214355
6,4324,3.5408449172973633
6,4325,3.4608664512634277
6,4326,3.528543472290039
6,4327,3.493557929992676
6,4328,3.5233850479125977
6,4329,3.4742071628570557
6,4330,3.510749340057373
6,4331,3.4544224739074707
6,4332,3.5293350219726562
6,4333,3.436859607696533
6,4334,3.456141471862793
6,4335,3.536087989807129
6,4336,3.5438404083251953
6,4337,3.462364435195923
6,4338,3.536423683166504
6,4339,3.5676190853118896
6,4340,3.5199694633483887
6,4341,3.4790685176849365
6,4342,3.4335999488830566
6,4343,3.5202107429504395
6,4344,3.4905953407287598
6,4345,3.5634310245513916
6,4346,3.4254839420318604
6,4347,3.3763084411621094
6,4348,3.5568480491638184
6,4349,3.5008702278137207
6,4350,3.5072574615478516
6,4351,3.4128291606903076
6,4352,3.5888752937316895
6,4353,3.4280128479003906
6,4354,3.506403923034668
6,4355,3.5605685710906982
6,4356,3.4781899452209473
6,4357,3.436490058898926
6,4358,3.416898012161255
6,4359,3.4704058170318604
6,4360,3.5342483520507812
6,4361,3.5449512004852295
6,4362,3.512742519378662
6,4363,3.522946357727051
6,4364,3.4897685050964355
6,4365,3.528080463409424
6,4366,3.5047502517700195
6,4367,3.5050466060638428
6,4368,3.477761745452881
6,4369,3.4122443199157715
6,4370,3.5000224113464355
6,4371,3.4951581954956055
6,4372,3.460526704788208
6,4373,3.445925235748291
6,4374,3.4576852321624756
6,4375,3.537466049194336
6,4376,3.516392230987549
6,4377,3.4719715118408203
6,4378,3.3954098224639893
6,4379,3.505542755126953
6,4380,3.4851813316345215
6,4381,3.468596935272217
6,4382,3.448512077331543
6,4383,3.4044837951660156
6,4384,3.522252082824707
6,4385,3.5008363723754883
6,4386,3.48651385307312
6,4387,3.5218231678009033
6,4388,3.5232672691345215
6,4389,3.4101226329803467
6,4390,3.525434970855713
6,4391,3.5085136890411377
6,4392,3.5119762420654297
6,4393,3.457047462463379
6,4394,3.4924564361572266
6,4395,3.5632433891296387
6,4396,3.4323325157165527
6,4397,3.4524996280670166
6,4398,3.487417697906494
6,4399,3.474329948425293
6,4400,3.4842562675476074
6,4401,3.508803367614746
6,4402,3.474367618560791
6,4403,3.455950975418091
6,4404,3.5203988552093506
6,4405,3.561011791229248
6,4406,3.510563373565674
6,4407,3.5036187171936035
6,4408,3.478654146194458
6,4409,3.4344539642333984
6,4410,3.401355743408203
6,4411,3.484774589538574
6,4412,3.477292060852051
6,4413,3.4711685180664062
6,4414,3.461352825164795
6,4415,3.4891915321350098
6,4416,3.543490409851074
6,4417,3.520592451095581
6,4418,3.453402042388916
6,4419,3.511021852493286
6,4420,3.441499710083008
6,4421,3.461210250854492
6,4422,3.4092249870300293
6,4423,3.542996406555176
6,4424,3.5055878162384033
6,4425,3.5295181274414062
6,4426,3.5441856384277344
6,4427,3.5853419303894043
6,4428,3.458404541015625
6,4429,3.431795597076416
6,4430,3.473916530609131
6,4431,3.424074649810791
6,4432,3.452045440673828
6,4433,3.4536244869232178
6,4434,3.4945878982543945
6,4435,3.428654909133911
6,4436,3.5288827419281006
6,4437,3.387665271759033
6,4438,3.477235794067383
6,4439,3.4805760383605957
6,4440,3.485714912414551
6,4441,3.4532666206359863
6,4442,3.4863574504852295
6,4443,3.4516654014587402
6,4444,3.4598686695098877
6,4445,3.513672351837158
6,4446,3.4150681495666504
6,4447,3.596672773361206
6,4448,3.443599224090576
6,4449,3.6242387294769287
6,4450,3.3686649799346924
6,4451,3.4439306259155273
6,4452,3.491795778274536
6,4453,3.5101068019866943
6,4454,3.534514904022217
6,4455,3.4989960193634033
6,4456,3.4322893619537354
6,4457,3.420896053314209
6,4458,3.4667277336120605
6,4459,3.412168025970459
6,4460,3.510866641998291
6,4461,3.4491770267486572
6,4462,3.3812520503997803
6,4463,3.4954309463500977
6,4464,3.524643898010254
6,4465,3.6528477668762207
6,4466,3.3725719451904297
6,4467,3.4902100563049316
6,4468,3.5325183868408203
6,4469,3.482900857925415
6,4470,3.483938217163086
6,4471,3.55037784576416
6,4472,3.572805881500244
6,4473,3.4199607372283936
6,4474,3.4302735328674316
6,4475,3.4716744422912598
6,4476,3.4885621070861816
6,4477,3.5946297645568848
6,4478,3.5405194759368896
6,4479,3.554306745529175
6,4480,3.48935604095459
6,4481,3.445441722869873
6,4482,3.525439500808716
6,4483,3.5325491428375244
6,4484,3.463080406188965
6,4485,3.5149736404418945
6,4486,3.6257922649383545
6,4487,3.53239107131958
6,4488,3.5236639976501465
6,4489,3.4458625316619873
6,4490,3.5744409561157227
6,4491,3.4970083236694336
6,4492,3.455010414123535
6,4493,3.509274482727051
6,4494,3.5246455669403076
6,4495,3.449380874633789
6,4496,3.4779412746429443
6,4497,3.4380083084106445
6,4498,3.5251903533935547
6,4499,3.4856224060058594
6,4500,3.391068458557129
6,4501,3.500372886657715
6,4502,3.482804298400879
6,4503,3.4912378787994385
6,4504,3.4633946418762207
6,4505,3.469707727432251
6,4506,3.4881954193115234
6,4507,3.449558973312378
6,4508,3.5455076694488525
6,4509,3.4858500957489014
6,4510,3.4966683387756348
6,4511,3.450784683227539
6,4512,3.494399309158325
6,4513,3.528085470199585
6,4514,3.4947333335876465
6,4515,3.5128166675567627
6,4516,3.503317356109619
6,4517,3.5029871463775635
6,4518,3.4501190185546875
6,4519,3.4223902225494385
6,4520,3.4640612602233887
6,4521,3.4855117797851562
6,4522,3.5275487899780273
6,4523,3.558541774749756
6,4524,3.4257822036743164
6,4525,3.5752549171447754
6,4526,3.5080158710479736
6,4527,3.5199952125549316
6,4528,3.518886089324951
6,4529,3.5037903785705566
6,4530,3.5106375217437744
6,4531,3.455960750579834
6,4532,3.5248398780822754
6,4533,3.460207462310791
6,4534,3.6075987815856934
6,4535,3.401916980743408
6,4536,3.4595680236816406
6,4537,3.4076013565063477
6,4538,3.5697598457336426
6,4539,3.5074172019958496
6,4540,3.486760139465332
6,4541,3.555060625076294
6,4542,3.428853988647461
6,4543,3.46858286857605
6,4544,3.515244245529175
6,4545,3.448029041290283
6,4546,3.443507671356201
6,4547,3.5056517124176025
6,4548,3.540738105773926
6,4549,3.491744041442871
6,4550,3.5004348754882812
6,4551,3.5483298301696777
6,4552,3.5498833656311035
6,4553,3.5251779556274414
6,4554,3.5346035957336426
6,4555,3.4886977672576904
6,4556,3.4837517738342285
6,4557,3.474357843399048
6,4558,3.4745664596557617
6,4559,3.5032553672790527
6,4560,3.4849886894226074
6,4561,3.452857255935669
6,4562,3.545989751815796
6,4563,3.568559169769287
6,4564,3.5124239921569824
6,4565,3.560058832168579
6,4566,3.4954209327697754
6,4567,3.4705333709716797
6,4568,3.4066085815429688
6,4569,3.476473093032837
6,4570,3.4497551918029785
6,4571,3.546921730041504
6,4572,3.447787284851074
6,4573,3.583467721939087
6,4574,3.4713685512542725
6,4575,3.494062900543213
6,4576,3.4610869884490967
6,4577,3.5007834434509277
6,4578,3.4880316257476807
6,4579,3.420079231262207
6,4580,3.563488245010376
6,4581,3.505786180496216
6,4582,3.5927000045776367
6,4583,3.521365165710449
6,4584,3.5030288696289062
6,4585,3.4104056358337402
6,4586,3.4881341457366943
6,4587,3.532991409301758
6,4588,3.4305124282836914
6,4589,3.4926483631134033
6,4590,3.564537286758423
6,4591,3.551255702972412
6,4592,3.512721061706543
6,4593,3.494535446166992
6,4594,3.542876720428467
6,4595,3.4502639770507812
6,4596,3.562159299850464
6,4597,3.516846179962158
6,4598,3.5896122455596924
6,4599,3.491713047027588
6,4600,3.4280104637145996
6,4601,3.428837776184082
6,4602,3.4946231842041016
6,4603,3.489401340484619
6,4604,3.4901487827301025
6,4605,3.466916084289551
6,4606,3.518991470336914
6,4607,3.523186206817627
6,4608,3.4776291847229004
6,4609,3.492745876312256
6,4610,3.576308250427246
6,4611,3.506995439529419
6,4612,3.460685968399048
6,4613,3.4389243125915527
6,4614,3.4504828453063965
6,4615,3.492877244949341
6,4616,3.434924364089966
6,4617,3.448946714401245
6,4618,3.474597930908203
6,4619,3.495781898498535
6,4620,3.4719510078430176
6,4621,3.5095973014831543
6,4622,3.423586845397949
6,4623,3.606860399246216
6,4624,3.512565851211548
6,4625,3.4450888633728027
6,4626,3.548262596130371
6,4627,3.4150938987731934
6,4628,3.501431941986084
6,4629,3.4485080242156982
6,4630,3.5569348335266113
6,4631,3.469616413116455
6,4632,3.4936132431030273
6,4633,3.473020076751709
6,4634,3.4584219455718994
6,4635,3.442310333251953
6,4636,3.4778285026550293
6,4637,3.4640541076660156
6,4638,3.549445152282715
6,4639,3.5741143226623535
6,4640,3.503164291381836
6,4641,3.5379891395568848
6,4642,3.4680142402648926
6,4643,3.547671318054199
6,4644,3.513357639312744
6,4645,3.399479389190674
6,4646,3.476850986480713
6,4647,3.5035486221313477
6,4648,3.556732177734375
6,4649,3.5087451934814453
6,4650,3.438150644302368
6,4651,3.550058603286743
6,4652,3.4717578887939453
6,4653,3.4110779762268066
6,4654,3.4232311248779297
6,4655,3.4969186782836914
6,4656,3.473728656768799
6,4657,3.484889507293701
6,4658,3.5153636932373047
6,4659,3.5304970741271973
6,4660,3.5259249210357666
6,4661,3.5233261585235596
6,4662,3.538135051727295
6,4663,3.4920706748962402
6,4664,3.5041146278381348
6,4665,3.491818904876709
6,4666,3.555227279663086
6,4667,3.5143892765045166
6,4668,3.582460880279541
6,4669,3.491743326187134
6,4670,3.516566276550293
6,4671,3.498976945877075
6,4672,3.5716476440429688
6,4673,3.430431842803955
6,4674,3.514359474182129
6,4675,3.4482712745666504
6,4676,3.506408214569092
6,4677,3.4632556438446045
6,4678,3.3829288482666016
6,4679,3.5022549629211426
6,4680,3.5429813861846924
6,4681,3.4603936672210693
6,4682,3.5727622509002686
6,4683,3.583408832550049
6,4684,3.588322162628174
6,4685,3.4441235065460205
6,4686,3.4818906784057617
7,4687,3.568230628967285
7,4688,3.5360755920410156
7,4689,3.447371006011963
7,4690,3.491960287094116
7,4691,3.4746994972229004
7,4692,3.529263496398926
7,4693,3.491964817047119
7,4694,3.4731698036193848
7,4695,3.391925811767578
7,4696,3.4134674072265625
7,4697,3.4969348907470703
7,4698,3.4802403450012207
7,4699,3.474538564682007
7,4700,3.5610737800598145
7,4701,3.4546456336975098
7,4702,3.5186967849731445
7,4703,3.5543951988220215
7,4704,3.470531940460205
7,4705,3.5085089206695557
7,4706,3.405038356781006
7,4707,3.4240596294403076
7,4708,3.447537899017334
7,4709,3.558380126953125
7,4710,3.453953742980957
7,4711,3.5340676307678223
7,4712,3.47365665435791
7,4713,3.4734601974487305
7,4714,3.438875913619995
7,4715,3.472806453704834
7,4716,3.484701633453369
7,4717,3.5103111267089844
7,4718,3.371349811553955
7,4719,3.5566749572753906
7,4720,3.5253820419311523
7,4721,3.371716260910034
7,4722,3.4214961528778076
7,4723,3.5153839588165283
7,4724,3.4934840202331543
7,4725,3.497292995452881
7,4726,3.443129062652588
7,4727,3.4953317642211914
7,4728,3.4702601432800293
7,4729,3.435814619064331
7,4730,3.5885696411132812
7,4731,3.471909761428833
7,4732,3.4510927200317383
7,4733,3.436187744140625
7,4734,3.4399731159210205
7,4735,3.423548460006714
7,4736,3.549424171447754
7,4737,3.429720401763916
7,4738,3.501901149749756
7,4739,3.5110890865325928
7,4740,3.4517178535461426
7,4741,3.38405704498291
7,4742,3.4810280799865723
7,4743,3.452991008758545
7,4744,3.457524299621582
7,4745,3.423738956451416
7,4746,3.5930657386779785
7,4747,3.492032766342163
7,4748,3.4871068000793457
7,4749,3.470365047454834
7,4750,3.4540138244628906
7,4751,3.510730266571045
7,4752,3.47406005859375
7,4753,3.5164334774017334
7,4754,3.5736794471740723
7,4755,3.566366195678711
7,4756,3.4772090911865234
7,4757,3.584122657775879
7,4758,3.5313851833343506
7,4759,3.493147850036621
7,4760,3.475192070007324
7,4761,3.548693895339966
7,4762,3.509758949279785
7,4763,3.4435057640075684
7,4764,3.5851266384124756
7,4765,3.5188851356506348
7,4766,3.5192089080810547
7,4767,3.529989719390869
7,4768,3.4365732669830322
7,4769,3.4562807083129883
7,4770,3.4828040599823
7,4771,3.6098506450653076
7,4772,3.4203009605407715
7,4773,3.5854716300964355
7,4774,3.465620756149292
7,4775,3.5170602798461914
7,4776,3.4372613430023193
7,4777,3.563082695007324
7,4778,3.4756293296813965
7,4779,3.43815541267395
7,4780,3.5381178855895996
7,4781,3.4865314960479736
7,4782,3.5743966102600098
7,4783,3.4768810272216797
7,4784,3.3832104206085205
7,4785,3.497889280319214
7,4786,3.5309219360351562
7,4787,3.5357675552368164
7,4788,3.4499754905700684
7,4789,3.417330265045166
7,4790,3.577296733856201
7,4791,3.457470417022705
7,4792,3.556553363800049
7,4793,3.43499493598938
7,4794,3.523221015930176
7,4795,3.4943363666534424
7,4796,3.4936704635620117
7,4797,3.447911024093628
7,4798,3.486440658569336
7,4799,3.5181853771209717
7,4800,3.437647819519043
7,4801,3.5768275260925293
7,4802,3.421861171722412
7,4803,3.4374899864196777
7,4804,3.506466865539551
7,4805,3.5144166946411133
7,4806,3.434465169906616
7,4807,3.5285544395446777
7,4808,3.420600414276123
7,4809,3.594944953918457
7,4810,3.4157285690307617
7,4811,3.515470027923584
7,4812,3.4154715538024902
7,4813,3.474468231201172
7,4814,3.532601833343506
7,4815,3.5005698204040527
7,4816,3.463277816772461
7,4817,3.486769914627075
7,4818,3.502732038497925
7,4819,3.4920549392700195
7,4820,3.50225830078125
7,4821,3.423689126968384
7,4822,3.553004503250122
7,4823,3.454380750656128
7,4824,3.5015602111816406
7,4825,3.4518942832946777
7,4826,3.546034336090088
7,4827,3.447643518447876
7,4828,3.433008909225464
7,4829,3.5200419425964355
7,4830,3.416102409362793
7,4831,3.487948179244995
7,4832,3.473262071609497
7,4833,3.5206124782562256
7,4834,3.4832258224487305
7,4835,3.456552028656006
7,4836,3.4537034034729004
7,4837,3.4472780227661133
7,4838,3.4731242656707764
7,4839,3.5272083282470703
7,4840,3.4411892890930176
7,4841,3.5904335975646973
7,4842,3.540605306625366
7,4843,3.6148147583007812
7,4844,3.48105525970459
7,4845,3.4676225185394287
7,4846,3.4723472595214844
7,4847,3.478774070739746
7,4848,3.484990358352661
7,4849,3.5388405323028564
7,4850,3.4706215858459473
7,4851,3.462735176086426
7,4852,3.5647830963134766
7,4853,3.5931880474090576
7,4854,3.4683656692504883
7,4855,3.47721529006958
7,4856,3.5130624771118164
7,4857,3.5063366889953613
7,4858,3.4125800132751465
7,4859,3.506273031234741
7,4860,3.481895685195923
7,4861,3.45523738861084
7,4862,3.458636522293091
7,4863,3.3643107414245605
7,4864,3.648149013519287
7,4865,3.4347121715545654
7,4866,3.4646778106689453
7,4867,3.4640679359436035
7,4868,3.387500047683716
7,4869,3.4489216804504395
7,4870,3.490215301513672
7,4871,3.4971139430999756
7,4872,3.5190682411193848
7,4873,3.4722650051116943
7,4874,3.521930694580078
7,4875,3.441690444946289
7,4876,3.473592758178711
7,4877,3.46321439743042
7,4878,3.4316272735595703
7,4879,3.4800257682800293
7,4880,3.4877419471740723
7,4881,3.526515007019043
7,4882,3.46124529838562
7,4883,3.469292640686035
7,4884,3.4452333450317383
7,4885,3.5622315406799316
7,4886,3.426464557647705
7,4887,3.5533435344696045
7,4888,3.4274349212646484
7,4889,3.542712688446045
7,4890,3.6412353515625
7,4891,3.4694550037384033
7,4892,3.4734907150268555
7,4893,3.463658332824707
7,4894,3.4636478424072266
7,4895,3.43940806388855
7,4896,3.5388002395629883
7,4897,3.5012497901916504
7,4898,3.492600917816162
7,4899,3.439257860183716
7,4900,3.467095136642456
7,4901,3.5200748443603516
7,4902,3.490065336227417
7,4903,3.527190685272217
7,4904,3.5046589374542236
7,4905,3.499499797821045
7,4906,3.5198373794555664
7,4907,3.5836215019226074
7,4908,3.461217164993286
7,4909,3.485790252685547
7,4910,3.470831871032715
7,4911,3.3976292610168457
7,4912,3.459044933319092
7,4913,3.4824886322021484
7,4914,3.4979934692382812
7,4915,3.542255401611328
7,4916,3.422914505004883
7,4917,3.530604362487793
7,4918,3.5073513984680176
7,4919,3.458569049835205
7,4920,3.457235336303711
7,4921,3.45367431640625
7,4922,3.4552552700042725
7,4923,3.482001543045044
7,4924,3.5195112228393555
7,4925,3.4293315410614014
7,4926,3.505215644836426
7,4927,3.5336875915527344
7,4928,3.472439765930176
7,4929,3.432459831237793
7,4930,3.452752113342285
7,4931,3.4946861267089844
7,4932,3.4184303283691406
7,4933,3.4590988159179688
7,4934,3.5388753414154053
7,4935,3.440492630004883
7,4936,3.5135903358459473
7,4937,3.4600746631622314
7,4938,3.451375722885132
7,4939,3.408966541290283
7,4940,3.5862579345703125
7,4941,3.408698558807373
7,4942,3.4932994842529297
7,4943,3.414867877960205
7,4944,3.4434337615966797
7,4945,3.494410753250122
7,4946,3.52805757522583
7,4947,3.5440359115600586
7,4948,3.541830539703369
7,4949,3.3763790130615234
7,4950,3.4094345569610596
7,4951,3.4912219047546387
7,4952,3.454960346221924
7,4953,3.4347903728485107
7,4954,3.5294108390808105
7,4955,3.426769256591797
7,4956,3.4691574573516846
7,4957,3.5117151737213135
7,4958,3.4478979110717773
7,4959,3.5975570678710938
7,4960,3.4756972789764404
7,4961,3.4025919437408447
7,4962,3.421696186065674
7,4963,3.413835048675537
7,4964,3.543123245239258
7,4965,3.449920654296875
7,4966,3.46049165725708
7,4967,3.4434618949890137
7,4968,3.402237892150879
7,4969,3.446105480194092
7,4970,3.4770750999450684
7,4971,3.4627060890197754
7,4972,3.3988633155822754
7,4973,3.465579032897949
7,4974,3.4413669109344482
7,4975,3.5202298164367676
7,4976,3.444645404815674
7,4977,3.426867961883545
7,4978,3.472944736480713
7,4979,3.4066762924194336
7,4980,3.4571752548217773
7,4981,3.424405097961426
7,4982,3.479672908782959
7,4983,3.4633066654205322
7,4984,3.492802143096924
7,4985,3.4436025619506836
7,4986,3.4938812255859375
7,4987,3.37508225440979
7,4988,3.477663040161133
7,4989,3.447082757949829
7,4990,3.5355849266052246
7,4991,3.3876266479492188
7,4992,3.438326120376587
7,4993,3.470632553100586
7,4994,3.52565860748291
7,4995,3.5202488899230957
7,4996,3.479288339614868
7,4997,3.5044071674346924
7,4998,3.552877902984619
7,4999,3.553445339202881
7,5000,3.603343963623047
7,5001,3.4962363243103027
7,5002,3.6230287551879883
7,5003,3.505981922149658
7,5004,3.393089771270752
7,5005,3.553467273712158
7,5006,3.4857232570648193
7,5007,3.4464950561523438
7,5008,3.467759847640991
7,5009,3.500149965286255
7,5010,3.4769515991210938
7,5011,3.5134172439575195
7,5012,3.568439483642578
7,5013,3.496033191680908
7,5014,3.48652720451355
7,5015,3.498330593109131
7,5016,3.518612861633301
7,5017,3.4347047805786133
7,5018,3.5181078910827637
7,5019,3.553793430328369
7,5020,3.507147789001465
7,5021,3.500526189804077
7,5022,3.475536346435547
7,5023,3.424030303955078
7,5024,3.418031930923462
7,5025,3.4295883178710938
7,5026,3.49825382232666
7,5027,3.4651265144348145
7,5028,3.513974189758301
7,5029,3.4082770347595215
7,5030,3.4336318969726562
7,5031,3.4713048934936523
7,5032,3.496601104736328
7,5033,3.3785758018493652
7,5034,3.5174663066864014
7,5035,3.364990711212158
7,5036,3.4292445182800293
7,5037,3.4476237297058105
7,5038,3.411604166030884
7,5039,3.388195276260376
7,5040,3.490346908569336
7,5041,3.473904609680176
7,5042,3.4931185245513916
7,5043,3.4692115783691406
7,5044,3.401778221130371
7,5045,3.4463582038879395
7,5046,3.504563808441162
7,5047,3.346970558166504
7,5048,3.415358066558838
7,5049,3.539994716644287
7,5050,3.493403196334839
7,5051,3.5193731784820557
7,5052,3.5251667499542236
7,5053,3.446004867553711
7,5054,3.4404048919677734
7,5055,3.4616305828094482
7,5056,3.4497313499450684
7,5057,3.46095609664917
7,5058,3.456665515899658
7,5059,3.5709891319274902
7,5060,3.453425884246826
7,5061,3.45711612701416
7,5062,3.4158101081848145
7,5063,3.4714646339416504
7,5064,3.557898998260498
7,5065,3.3862810134887695
7,5066,3.4843409061431885
7,5067,3.473337411880493
7,5068,3.4232113361358643
7,5069,3.503582239151001
7,5070,3.4946818351745605
7,5071,3.5134048461914062
7,5072,3.5180370807647705
7,5073,3.428978443145752
7,5074,3.4602789878845215
7,5075,3.4064221382141113
7,5076,3.50622296333313
7,5077,3.426607131958008
7,5078,3.4595789909362793
7,5079,3.467991590499878
7,5080,3.44281005859375
7,5081,3.3937904834747314
7,5082,3.502880811691284
7,5083,3.538893222808838
7,5084,3.4051990509033203
7,5085,3.5491743087768555
7,5086,3.398244857788086
7,5087,3.442295789718628
7,5088,3.425558567047119
7,5089,3.4229583740234375
7,5090,3.4009041786193848
7,5091,3.4994261264801025
7,5092,3.4427132606506348
7,5093,3.5466537475585938
7,5094,3.4836244583129883
7,5095,3.47520112991333
7,5096,3.460735321044922
7,5097,3.477755308151245
7,5098,3.4760234355926514
7,5099,3.4059014320373535
7,5100,3.436293363571167
7,5101,3.4231274127960205
7,5102,3.4394938945770264
7,5103,3.405553102493286
7,5104,3.474508762359619
7,5105,3.4246809482574463
7,5106,3.404796600341797
7,5107,3.430119037628174
7,5108,3.501405715942383
7,5109,3.451902389526367
7,5110,3.431790828704834
7,5111,3.4330291748046875
7,5112,3.5037574768066406
7,5113,3.449103832244873
7,5114,3.433372735977173
7,5115,3.4196579456329346
7,5116,3.4516303539276123
7,5117,3.4196038246154785
7,5118,3.479473352432251
7,5119,3.436549663543701
7,5120,3.470639705657959
7,5121,3.481318712234497
7,5122,3.4989991188049316
7,5123,3.5250651836395264
7,5124,3.3590307235717773
7,5125,3.4581148624420166
7,5126,3.506204843521118
7,5127,3.489078998565674
7,5128,3.538785457611084
7,5129,3.4599380493164062
7,5130,3.4213294982910156
7,5131,3.5357396602630615
7,5132,3.48952579498291
7,5133,3.5209572315216064
7,5134,3.4945812225341797
7,5135,3.4440107345581055
7,5136,3.388650894165039
7,5137,3.530747175216675
7,5138,3.5094189643859863
7,5139,3.436671495437622
7,5140,3.4556095600128174
7,5141,3.5454483032226562
7,5142,3.4528555870056152
7,5143,3.5346062183380127
7,5144,3.422602653503418
7,5145,3.4487667083740234
7,5146,3.4277729988098145
7,5147,3.4398651123046875
7,5148,3.5377867221832275
7,5149,3.5082273483276367
7,5150,3.5357959270477295
7,5151,3.48587965965271
7,5152,3.415663957595825
7,5153,3.5016064643859863
7,5154,3.397763729095459
7,5155,3.465411901473999
7,5156,3.466276168823242
7,5157,3.5335652828216553
7,5158,3.4683923721313477
7,5159,3.425443410873413
7,5160,3.4833078384399414
7,5161,3.4993438720703125
7,5162,3.5089545249938965
7,5163,3.4386096000671387
7,5164,3.486215829849243
7,5165,3.473630428314209
7,5166,3.4507858753204346
7,5167,3.5072765350341797
7,5168,3.515779495239258
7,5169,3.481152296066284
7,5170,3.5911624431610107
7,5171,3.5707039833068848
7,5172,3.4339170455932617
7,5173,3.4356801509857178
7,5174,3.4176387786865234
7,5175,3.5115599632263184
7,5176,3.4593985080718994
7,5177,3.459076404571533
7,5178,3.5203146934509277
7,5179,3.47935152053833
7,5180,3.492008924484253
7,5181,3.493825912475586
7,5182,3.457141399383545
7,5183,3.5251615047454834
7,5184,3.475691318511963
7,5185,3.553344249725342
7,5186,3.4591689109802246
7,5187,3.4586284160614014
7,5188,3.462430953979492
7,5189,3.51055908203125
7,5190,3.455317735671997
7,5191,3.426318645477295
7,5192,3.496379852294922
7,5193,3.4701738357543945
7,5194,3.5234298706054688
7,5195,3.48626971244812
7,5196,3.4690117835998535
7,5197,3.4786901473999023
7,5198,3.5465493202209473
7,5199,3.558009624481201
7,5200,3.432436227798462
7,5201,3.4942026138305664
7,5202,3.4981367588043213
7,5203,3.558547258377075
7,5204,3.521535634994507
7,5205,3.398571729660034
7,5206,3.445082187652588
7,5207,3.5067906379699707
7,5208,3.528228759765625
7,5209,3.5363080501556396
7,5210,3.516862154006958
7,5211,3.513171434402466
7,5212,3.4905781745910645
7,5213,3.42954683303833
7,5214,3.4280357360839844
7,5215,3.5131092071533203
7,5216,3.468750476837158
7,5217,3.5498294830322266
7,5218,3.4980859756469727
7,5219,3.4684038162231445
7,5220,3.4985463619232178
7,5221,3.516263008117676
7,5222,3.4750239849090576
7,5223,3.5048060417175293
7,5224,3.4055652618408203
7,5225,3.4879255294799805
7,5226,3.467764139175415
7,5227,3.4873063564300537
7,5228,3.475403070449829
7,5229,3.5192179679870605
7,5230,3.511566162109375
7,5231,3.4839210510253906
7,5232,3.4414641857147217
7,5233,3.4930450916290283
7,5234,3.559974431991577
7,5235,3.480374813079834
7,5236,3.568523406982422
7,5237,3.463804244995117
7,5238,3.530506134033203
7,5239,3.4959287643432617
7,5240,3.5244956016540527
7,5241,3.552295207977295
7,5242,3.4181556701660156
7,5243,3.43290376663208
7,5244,3.402277946472168
7,5245,3.4798879623413086
7,5246,3.440722703933716
7,5247,3.3808493614196777
7,5248,3.410583972930908
7,5249,3.429532051086426
7,5250,3.5112924575805664
7,5251,3.4545743465423584
7,5252,3.4153621196746826
7,5253,3.4554524421691895
7,5254,3.4159820079803467
7,5255,3.456231117248535
7,5256,3.498837947845459
7,5257,3.4434566497802734
7,5258,3.434354305267334
7,5259,3.5164990425109863
7,5260,3.4597792625427246
7,5261,3.4576241970062256
7,5262,3.4668452739715576
7,5263,3.455979585647583
7,5264,3.485866069793701
7,5265,3.477510452270508
7,5266,3.4175071716308594
7,5267,3.5011916160583496
7,5268,3.397409439086914
7,5269,3.461649179458618
7,5270,3.4341607093811035
7,5271,3.4885764122009277
7,5272,3.5460779666900635
7,5273,3.490302562713623
7,5274,3.448728322982788
7,5275,3.4435009956359863
7,5276,3.4516119956970215
7,5277,3.50083327293396
7,5278,3.538834571838379
7,5279,3.4272916316986084
7,5280,3.4820175170898438
7,5281,3.4015445709228516
7,5282,3.5463833808898926
7,5283,3.4827656745910645
7,5284,3.4498040676116943
7,5285,3.466602325439453
7,5286,3.5329487323760986
7,5287,3.5713796615600586
7,5288,3.451810121536255
7,5289,3.484947681427002
7,5290,3.4441001415252686
7,5291,3.4746062755584717
7,5292,3.504323959350586
7,5293,3.525482416152954
7,5294,3.5301809310913086
7,5295,3.5263404846191406
7,5296,3.5129995346069336
7,5297,3.5428147315979004
7,5298,3.452179431915283
7,5299,3.4229378700256348
7,5300,3.4564309120178223
7,5301,3.435373306274414
7,5302,3.4670982360839844
7,5303,3.5446054935455322
7,5304,3.4292283058166504
7,5305,3.4990527629852295
7,5306,3.443998336791992
7,5307,3.49491286277771
7,5308,3.4170169830322266
7,5309,3.4490275382995605
7,5310,3.475309133529663
7,5311,3.4529902935028076
7,5312,3.511481285095215
7,5313,3.4254202842712402
7,5314,3.3871545791625977
7,5315,3.437821865081787
7,5316,3.5263023376464844
7,5317,3.5142714977264404
7,5318,3.486499786376953
7,5319,3.440181255340576
7,5320,3.378345012664795
7,5321,3.522261142730713
7,5322,3.5002689361572266
7,5323,3.527388334274292
7,5324,3.556429862976074
7,5325,3.4330780506134033
7,5326,3.396528959274292
7,5327,3.474259376525879
7,5328,3.432044744491577
7,5329,3.4809963703155518
7,5330,3.630577564239502
7,5331,3.4093756675720215
7,5332,3.534557819366455
7,5333,3.47709321975708
7,5334,3.4374606609344482
7,5335,3.5012903213500977
7,5336,3.4247987270355225
7,5337,3.4147462844848633
7,5338,3.447615146636963
7,5339,3.401568651199341
7,5340,3.544753313064575
7,5341,3.4042906761169434
7,5342,3.3757164478302
7,5343,3.4819319248199463
7,5344,3.4036402702331543
7,5345,3.4438512325286865
7,5346,3.4185187816619873
7,5347,3.4742321968078613
7,5348,3.487010955810547
7,5349,3.447564125061035
7,5350,3.497739791870117
7,5351,3.4519753456115723
7,5352,3.5363359451293945
7,5353,3.496932029724121
7,5354,3.3618276119232178
7,5355,3.357426166534424
7,5356,3.469914674758911
7,5357,3.4597978591918945
7,5358,3.4729983806610107
7,5359,3.481187343597412
7,5360,3.4302313327789307
7,5361,3.476051092147827
7,5362,3.4172353744506836
7,5363,3.4467976093292236
7,5364,3.477088689804077
7,5365,3.392122983932495
7,5366,3.4089112281799316
7,5367,3.5262563228607178
7,5368,3.590895652770996
7,5369,3.491499900817871
7,5370,3.436309814453125
7,5371,3.4236953258514404
7,5372,3.4784889221191406
7,5373,3.382732629776001
7,5374,3.496253490447998
7,5375,3.47428035736084
7,5376,3.5531821250915527
7,5377,3.5756120681762695
7,5378,3.3949966430664062
7,5379,3.435798168182373
7,5380,3.4284725189208984
7,5381,3.4138689041137695
7,5382,3.444803476333618
7,5383,3.4462890625
7,5384,3.4515419006347656
7,5385,3.4712917804718018
7,5386,3.5038318634033203
7,5387,3.3287572860717773
7,5388,3.426064968109131
7,5389,3.4380199909210205
7,5390,3.4759626388549805
7,5391,3.5175468921661377
7,5392,3.35831356048584
7,5393,3.4660487174987793
7,5394,3.5128509998321533
7,5395,3.470614433288574
7,5396,3.4756312370300293
7,5397,3.439462423324585
7,5398,3.4212474822998047
7,5399,3.424795150756836
7,5400,3.383781909942627
7,5401,3.5326671600341797
7,5402,3.423502206802368
7,5403,3.4232988357543945
7,5404,3.449500322341919
7,5405,3.4783618450164795
7,5406,3.325361728668213
7,5407,3.4640862941741943
7,5408,3.54361629486084
7,5409,3.3719563484191895
7,5410,3.4571805000305176
7,5411,3.489053726196289
7,5412,3.521028518676758
7,5413,3.495340347290039
7,5414,3.4372615814208984
7,5415,3.4897892475128174
7,5416,3.4428470134735107
7,5417,3.408618450164795
7,5418,3.399139404296875
7,5419,3.4727656841278076
7,5420,3.392190456390381
7,5421,3.4419264793395996
7,5422,3.3978021144866943
7,5423,3.3897228240966797
7,5424,3.440598726272583
7,5425,3.4511032104492188
7,5426,3.432857036590576
7,5427,3.490277051925659
7,5428,3.497225522994995
7,5429,3.46743106842041
7,5430,3.4404568672180176
7,5431,3.445495367050171
7,5432,3.5514984130859375
7,5433,3.5329198837280273
7,5434,3.4318201541900635
7,5435,3.426429271697998
7,5436,3.4344165325164795
7,5437,3.509305953979492
7,5438,3.4082224369049072
7,5439,3.418510913848877
7,5440,3.439042568206787
7,5441,3.4093868732452393
7,5442,3.4480977058410645
7,5443,3.502521514892578
7,5444,3.540454387664795
7,5445,3.441070795059204
7,5446,3.4314346313476562
7,5447,3.3933653831481934
7,5448,3.4143996238708496
7,5449,3.4838802814483643
7,5450,3.4433209896087646
7,5451,3.4499611854553223
7,5452,3.474262237548828
7,5453,3.4082775115966797
7,5454,3.475985050201416
7,5455,3.4371471405029297
7,5456,3.5985279083251953
7,5457,3.378905773162842
7,5458,3.4296889305114746
7,5459,3.3953394889831543
7,5460,3.437828540802002
7,5461,3.4302444458007812
7,5462,3.4517149925231934
7,5463,3.4721100330352783
7,5464,3.4030542373657227
7,5465,3.3854315280914307
7,5466,3.415875196456909
7,5467,3.46523380279541
8,5468,3.5278985500335693
8,5469,3.3621585369110107
8,5470,3.4111928939819336
8,5471,3.576699733734131
8,5472,3.5046885013580322
8,5473,3.427642345428467
8,5474,3.514683961868286
8,5475,3.439819097518921
8,5476,3.4703028202056885
8,5477,3.5219504833221436
8,5478,3.4467711448669434
8,5479,3.403548002243042
8,5480,3.448286533355713
8,5481,3.4758362770080566
8,5482,3.456103801727295
8,5483,3.482003927230835
8,5484,3.517439842224121
8,5485,3.426553726196289
8,5486,3.442399263381958
8,5487,3.452141284942627
8,5488,3.5062813758850098
8,5489,3.456505298614502
8,5490,3.4771370887756348
8,5491,3.4499101638793945
8,5492,3.437986373901367
8,5493,3.4407424926757812
8,5494,3.5041539669036865
8,5495,3.452367067337036
8,5496,3.482231616973877
8,5497,3.4956016540527344
8,5498,3.3801259994506836
8,5499,3.436244249343872
8,5500,3.42343807220459
8,5501,3.45391845703125
8,5502,3.4239931106567383
8,5503,3.3737215995788574
8,5504,3.4633522033691406
8,5505,3.412816047668457
8,5506,3.534480094909668
8,5507,3.5973422527313232
8,5508,3.473045587539673
8,5509,3.521543025970459
8,5510,3.467949867248535
8,5511,3.435166835784912
8,5512,3.528510808944702
8,5513,3.377681255340576
8,5514,3.4259204864501953
8,5515,3.3978824615478516
8,5516,3.469125270843506
8,5517,3.431220531463623
8,5518,3.4353318214416504
8,5519,3.4095382690429688
8,5520,3.4378960132598877
8,5521,3.4218339920043945
8,5522,3.409071207046509
8,5523,3.460207223892212
8,5524,3.4343981742858887
8,5525,3.4095287322998047
8,5526,3.448979377746582
8,5527,3.4439663887023926
8,5528,3.444023609161377
8,5529,3.42350172996521
8,5530,3.526200532913208
8,5531,3.4585728645324707
8,5532,3.48215913772583
8,5533,3.421663999557495
8,5534,3.36189866065979
8,5535,3.467414379119873
8,5536,3.411372184753418
8,5537,3.448871612548828
8,5538,3.5329623222351074
8,5539,3.4857587814331055
8,5540,3.4600589275360107
8,5541,3.4863290786743164
8,5542,3.4057090282440186
8,5543,3.4359207153320312
8,5544,3.524043083190918
8,5545,3.3929085731506348
8,5546,3.4978184700012207
8,5547,3.4220995903015137
8,5548,3.502493143081665
8,5549,3.4959449768066406
8,5550,3.4770357608795166
8,5551,3.4007091522216797
8,5552,3.3788836002349854
8,5553,3.4148902893066406
8,5554,3.4220211505889893
8,5555,3.426077365875244
8,5556,3.5172085762023926
8,5557,3.4930694103240967
8,5558,3.486508846282959
8,5559,3.4692115783691406
8,5560,3.373142957687378
8,5561,3.484255790710449
8,5562,3.4021596908569336
8,5563,3.4863271713256836
8,5564,3.420107841491699
8,5565,3.4490842819213867
8,5566,3.4723143577575684
8,5567,3.544978618621826
8,5568,3.505218744277954
8,5569,3.4788384437561035
8,5570,3.503746747970581
8,5571,3.4887895584106445
8,5572,3.4703574180603027
8,5573,3.4844095706939697
8,5574,3.5320520401000977
8,5575,3.4370851516723633
8,5576,3.4390370845794678
8,5577,3.472893238067627
8,5578,3.421311616897583
8,5579,3.4208507537841797
8,5580,3.436203956604004
8,5581,3.5484089851379395
8,5582,3.4571094512939453
8,5583,3.5442309379577637
8,5584,3.4927659034729004
8,5585,3.43890643119812
8,5586,3.4335906505584717
8,5587,3.4940805435180664
8,5588,3.490969657897949
8,5589,3.498201847076416
8,5590,3.4676854610443115
8,5591,3.461188316345215
8,5592,3.5189173221588135
8,5593,3.4385766983032227
8,5594,3.4300649166107178
8,5595,3.477099657058716
8,5596,3.4565927982330322
8,5597,3.4143247604370117
8,5598,3.5056166648864746
8,5599,3.488615036010742
8,5600,3.478971004486084
8,5601,3.4523825645446777
8,5602,3.4620118141174316
8,5603,3.432453155517578
8,5604,3.4327616691589355
8,5605,3.461280107498169
8,5606,3.426644802093506
8,5607,3.5023210048675537
8,5608,3.477485418319702
8,5609,3.477262020111084
8,5610,3.4618616104125977
8,5611,3.3796017169952393
8,5612,3.3938426971435547
8,5613,3.471691846847534
8,5614,3.4202451705932617
8,5615,3.5319197177886963
8,5616,3.53606915473938
8,5617,3.4497740268707275
8,5618,3.4314451217651367
8,5619,3.452603578567505
8,5620,3.4655160903930664
8,5621,3.4312634468078613
8,5622,3.4315900802612305
8,5623,3.4064345359802246
8,5624,3.4686379432678223
8,5625,3.4457433223724365
8,5626,3.406594753265381
8,5627,3.4828779697418213
8,5628,3.5104470252990723
8,5629,3.4840519428253174
8,5630,3.536007881164551
8,5631,3.527646064758301
8,5632,3.461613416671753
8,5633,3.494169235229492
8,5634,3.484229564666748
8,5635,3.4452099800109863
8,5636,3.5122992992401123
8,5637,3.53824782371521
8,5638,3.4078476428985596
8,5639,3.4960594177246094
8,5640,3.422800064086914
8,5641,3.4862136840820312
8,5642,3.452482223510742
8,5643,3.4494080543518066
8,5644,3.4300074577331543
8,5645,3.3528294563293457
8,5646,3.4025375843048096
8,5647,3.45217227935791
8,5648,3.479214668273926
8,5649,3.417945146560669
8,5650,3.418266534805298
8,5651,3.5171875953674316
8,5652,3.452033519744873
8,5653,3.4395437240600586
8,5654,3.381678342819214
8,5655,3.491149425506592
8,5656,3.4830079078674316
8,5657,3.4773972034454346
8,5658,3.521799087524414
8,5659,3.4105677604675293
8,5660,3.4491872787475586
8,5661,3.4406142234802246
8,5662,3.516017436981201
8,5663,3.4712634086608887
8,5664,3.5321712493896484
8,5665,3.4694395065307617
8,5666,3.4534354209899902
8,5667,3.4560141563415527
8,5668,3.4141077995300293
8,5669,3.4830434322357178
8,5670,3.4577362537384033
8,5671,3.5089025497436523
8,5672,3.4814743995666504
8,5673,3.446664810180664
8,5674,3.4392383098602295
8,5675,3.4619908332824707
8,5676,3.472913980484009
8,5677,3.563264846801758
8,5678,3.4540858268737793
8,5679,3.3747897148132324
8,5680,3.406418561935425
8,5681,3.5149688720703125
8,5682,3.6190223693847656
8,5683,3.457648992538452
8,5684,3.459141731262207
8,5685,3.479969024658203
8,5686,3.4347429275512695
8,5687,3.471200942993164
8,5688,3.527897834777832
8,5689,3.424732208251953
8,5690,3.4136486053466797
8,5691,3.397604465484619
8,5692,3.453044891357422
8,5693,3.4315555095672607
8,5694,3.4853644371032715
8,5695,3.437544345855713
8,5696,3.4548113346099854
8,5697,3.428433895111084
8,5698,3.4565505981445312
8,5699,3.6197428703308105
8,5700,3.4661595821380615
8,5701,3.5560154914855957
8,5702,3.448699951171875
8,5703,3.4319746494293213
8,5704,3.4641847610473633
8,5705,3.541919708251953
8,5706,3.468592882156372
8,5707,3.4644064903259277
8,5708,3.4119105339050293
8,5709,3.5296459197998047
8,5710,3.5054759979248047
8,5711,3.4954147338867188
8,5712,3.5443334579467773
8,5713,3.453253746032715
8,5714,3.4475173950195312
8,5715,3.5114147663116455
8,5716,3.4517524242401123
8,5717,3.483811140060425
8,5718,3.5259861946105957
8,5719,3.3942322731018066
8,5720,3.513183832168579
8,5721,3.441497802734375
8,5722,3.4303171634674072
8,5723,3.481239080429077
8,5724,3.5462594032287598
8,5725,3.383911371231079
8,5726,3.4442038536071777
8,5727,3.4795355796813965
8,5728,3.4127755165100098
8,5729,3.565725803375244
8,5730,3.4542369842529297
8,5731,3.4520630836486816
8,5732,3.5551090240478516
8,5733,3.5048489570617676
8,5734,3.4125471115112305
8,5735,3.377121686935425
8,5736,3.4861364364624023
8,5737,3.4088168144226074
8,5738,3.4707489013671875
8,5739,3.5078907012939453
8,5740,3.423344612121582
8,5741,3.438464641571045
8,5742,3.474392890930176
8,5743,3.42063045501709
8,5744,3.458590030670166
8,5745,3.4067680835723877
8,5746,3.4974799156188965
8,5747,3.511638641357422
8,5748,3.4555575847625732
8,5749,3.4719884395599365
8,5750,3.525188684463501
8,5751,3.479437828063965
8,5752,3.4385738372802734
8,5753,3.5246338844299316
8,5754,3.478562355041504
8,5755,3.364800453186035
8,5756,3.449479579925537
8,5757,3.4876136779785156
8,5758,3.458977699279785
8,5759,3.40781569480896
8,5760,3.527298927307129
8,5761,3.476632595062256
8,5762,3.5061686038970947
8,5763,3.448589324951172
8,5764,3.5347485542297363
8,5765,3.4980878829956055
8,5766,3.406923770904541
8,5767,3.5023951530456543
8,5768,3.422290325164795
8,5769,3.438872814178467
8,5770,3.484651565551758
8,5771,3.417534828186035
8,5772,3.4069912433624268
8,5773,3.437742233276367
8,5774,3.48929500579834
8,5775,3.53086519241333
8,5776,3.452943801879883
8,5777,3.484490394592285
8,5778,3.4166741371154785
8,5779,3.517439365386963
8,5780,3.4373931884765625
8,5781,3.4294397830963135
8,5782,3.5197207927703857
8,5783,3.4381024837493896
8,5784,3.502070188522339
8,5785,3.4660096168518066
8,5786,3.5310256481170654
8,5787,3.437572956085205
8,5788,3.506953477859497
8,5789,3.429180145263672
8,5790,3.542349338531494
8,5791,3.503936290740967
8,5792,3.45430850982666
8,5793,3.393754482269287
8,5794,3.52099609375
8,5795,3.500575065612793
8,5796,3.4224092960357666
8,5797,3.5115396976470947
8,5798,3.4391307830810547
8,5799,3.5292091369628906
8,5800,3.4184951782226562
8,5801,3.4377331733703613
8,5802,3.4027018547058105
8,5803,3.4680285453796387
8,5804,3.5252671241760254
8,5805,3.462148666381836
8,5806,3.494000196456909
8,5807,3.5419869422912598
8,5808,3.4061450958251953
8,5809,3.5693349838256836
8,5810,3.4376931190490723
8,5811,3.475074291229248
8,5812,3.4012269973754883
8,5813,3.499789237976074
8,5814,3.477778434753418
8,5815,3.475221872329712
8,5816,3.491624593734741
8,5817,3.4977598190307617
8,5818,3.4229979515075684
8,5819,3.4163432121276855
8,5820,3.4402096271514893
8,5821,3.550339937210083
8,5822,3.4278829097747803
8,5823,3.4334030151367188
8,5824,3.4392287731170654
8,5825,3.4175562858581543
8,5826,3.48469614982605
8,5827,3.4252092838287354
8,5828,3.3977646827697754
8,5829,3.3820106983184814
8,5830,3.4267709255218506
8,5831,3.4444985389709473
8,5832,3.420328378677368
8,5833,3.4809088706970215
8,5834,3.5129451751708984
8,5835,3.4777727127075195
8,5836,3.4603281021118164
8,5837,3.5224413871765137
8,5838,3.582981586456299
8,5839,3.5130856037139893
8,5840,3.3987927436828613
8,5841,3.424072742462158
8,5842,3.410586357116699
8,5843,3.4507555961608887
8,5844,3.4714579582214355
8,5845,3.503690242767334
8,5846,3.4470183849334717
8,5847,3.430485486984253
8,5848,3.4895410537719727
8,5849,3.493959426879883
8,5850,3.4378223419189453
8,5851,3.492509603500366
8,5852,3.51223087310791
8,5853,3.457315444946289
8,5854,3.4628818035125732
8,5855,3.465049982070923
8,5856,3.519602060317993
8,5857,3.4149646759033203
8,5858,3.509125232696533
8,5859,3.4902901649475098
8,5860,3.462447166442871
8,5861,3.407346725463867
8,5862,3.409175395965576
8,5863,3.529886245727539
8,5864,3.4496254920959473
8,5865,3.5067789554595947
8,5866,3.4100122451782227
8,5867,3.4448065757751465
8,5868,3.360095262527466
8,5869,3.4022116661071777
8,5870,3.361698865890503
8,5871,3.459873914718628
8,5872,3.4601011276245117
8,5873,3.46683406829834
8,5874,3.4733710289001465
8,5875,3.407036066055298
8,5876,3.534335136413574
8,5877,3.3824362754821777
8,5878,3.4944987297058105
8,5879,3.437946081161499
8,5880,3.4170334339141846
8,5881,3.443906307220459
8,5882,3.4626526832580566
8,5883,3.740046977996826
8,5884,3.5363082885742188
8,5885,3.5420446395874023
8,5886,3.484222888946533
8,5887,3.384866714477539
8,5888,3.4288034439086914
8,5889,3.4248533248901367
8,5890,3.455083131790161
8,5891,3.560487747192383
8,5892,3.4010462760925293
8,5893,3.456223726272583
8,5894,3.4297738075256348
8,5895,3.508878231048584
8,5896,3.458059072494507
8,5897,3.4379658699035645
8,5898,3.5270748138427734
8,5899,3.458653688430786
8,5900,3.4331111907958984
8,5901,3.4652204513549805
8,5902,3.534104347229004
8,5903,3.4457883834838867
8,5904,3.4042346477508545
8,5905,3.5140697956085205
8,5906,3.42604923248291
8,5907,3.4814870357513428
8,5908,3.3486621379852295
8,5909,3.4075071811676025
8,5910,3.4965660572052
8,5911,3.4376912117004395
8,5912,3.431778907775879
8,5913,3.442470073699951
8,5914,3.452909469604492
8,5915,3.50227952003479
8,5916,3.4635541439056396
8,5917,3.4521031379699707
8,5918,3.4690256118774414
8,5919,3.464413642883301
8,5920,3.475633382797241
8,5921,3.333308696746826
8,5922,3.3769760131835938
8,5923,3.4369921684265137
8,5924,3.5431594848632812
8,5925,3.433418035507202
8,5926,3.5161900520324707
8,5927,3.4531383514404297
8,5928,3.4261298179626465
8,5929,3.565166473388672
8,5930,3.508312702178955
8,5931,3.509145975112915
8,5932,3.47188138961792
8,5933,3.445916175842285
8,5934,3.507819652557373
8,5935,3.5143380165100098
8,5936,3.531139850616455
8,5937,3.4328107833862305
8,5938,3.6140365600585938
8,5939,3.478059768676758
8,5940,3.49116849899292
8,5941,3.491814136505127
8,5942,3.4652154445648193
8,5943,3.445131778717041
8,5944,3.4820313453674316
8,5945,3.4898786544799805
8,5946,3.550896406173706
8,5947,3.4587202072143555
8,5948,3.4395551681518555
8,5949,3.502147674560547
8,5950,3.4169631004333496
8,5951,3.492741584777832
8,5952,3.5303797721862793
8,5953,3.545414686203003
8,5954,3.489449977874756
8,5955,3.45298433303833
8,5956,3.3988819122314453
8,5957,3.4401044845581055
8,5958,3.4902634620666504
8,5959,3.433216094970703
8,5960,3.4278922080993652
8,5961,3.510572910308838
8,5962,3.405118227005005
8,5963,3.465613603591919
8,5964,3.5544867515563965
8,5965,3.525291919708252
8,5966,3.4989566802978516
8,5967,3.4315788745880127
8,5968,3.3626956939697266
8,5969,3.4393310546875
8,5970,3.439771890640259
8,5971,3.4650473594665527
8,5972,3.4204306602478027
8,5973,3.47125244140625
8,5974,3.466796398162842
8,5975,3.456575393676758
8,5976,3.5396857261657715
8,5977,3.5147154331207275
8,5978,3.420562744140625
8,5979,3.4672799110412598
8,5980,3.4816412925720215
8,5981,3.4731531143188477
8,5982,3.389954090118408
8,5983,3.372427463531494
8,5984,3.438800096511841
8,5985,3.50106143951416
8,5986,3.4780192375183105
8,5987,3.41863751411438
8,5988,3.3883376121520996
8,5989,3.3993003368377686
8,5990,3.381040573120117
8,5991,3.4023513793945312
8,5992,3.46218204498291
8,5993,3.42508602142334
8,5994,3.489555835723877
8,5995,3.5048329830169678
8,5996,3.413153886795044
8,5997,3.37803316116333
8,5998,3.5001168251037598
8,5999,3.4017679691314697
8,6000,3.411285161972046
8,6001,3.464134693145752
8,6002,3.46254563331604
8,6003,3.376091957092285
8,6004,3.4724385738372803
8,6005,3.4191489219665527
8,6006,3.53316068649292
8,6007,3.473487377166748
8,6008,3.443782329559326
8,6009,3.4835433959960938
8,6010,3.465083360671997
8,6011,3.475792407989502
8,6012,3.435708999633789
8,6013,3.497335195541382
8,6014,3.474074363708496
8,6015,3.409137725830078
8,6016,3.4443252086639404
8,6017,3.4946444034576416
8,6018,3.4610562324523926
8,6019,3.454813003540039
8,6020,3.3810315132141113
8,6021,3.456770420074463
8,6022,3.427860736846924
8,6023,3.3983752727508545
8,6024,3.4073073863983154
8,6025,3.418116569519043
8,6026,3.4553089141845703
8,6027,3.4314255714416504
8,6028,3.466822624206543
8,6029,3.4233407974243164
8,6030,3.4518344402313232
8,6031,3.51192569732666
8,6032,3.415025234222412
8,6033,3.381019353866577
8,6034,3.4435830116271973
8,6035,3.5254018306732178
8,6036,3.559802532196045
8,6037,3.44730806350708
8,6038,3.5056605339050293
8,6039,3.4430973529815674
8,6040,3.483128309249878
8,6041,3.4725987911224365
8,6042,3.4535560607910156
8,6043,3.3920950889587402
8,6044,3.4457197189331055
8,6045,3.5234241485595703
8,6046,3.4951987266540527
8,6047,3.56294322013855
8,6048,3.3768773078918457
8,6049,3.429857015609741
8,6050,3.469308853149414
8,6051,3.4509735107421875
8,6052,3.5595521926879883
8,6053,3.50661563873291
8,6054,3.4061338901519775
8,6055,3.3654284477233887
8,6056,3.47430419921875
8,6057,3.4700541496276855
8,6058,3.4672746658325195
8,6059,3.428347587585449
8,6060,3.4574241638183594
8,6061,3.428558588027954
8,6062,3.4863786697387695
8,6063,3.43111515045166
8,6064,3.462270736694336
8,6065,3.5706400871276855
8,6066,3.385066032409668
8,6067,3.4553284645080566
8,6068,3.5115766525268555
8,6069,3.43093204498291
8,6070,3.3942790031433105
8,6071,3.515136957168579
8,6072,3.4674267768859863
8,6073,3.42037296295166
8,6074,3.443260669708252
8,6075,3.4743213653564453
8,6076,3.416738271713257
8,6077,3.4734299182891846
8,6078,3.4721055030822754
8,6079,3.4210331439971924
8,6080,3.4276230335235596
8,6081,3.5146267414093018
8,6082,3.4400475025177
8,6083,3.4687843322753906
8,6084,3.4220666885375977
8,6085,3.4311270713806152
8,6086,3.480755090713501
8,6087,3.4687423706054688
8,6088,3.3854868412017822
8,6089,3.4170479774475098
8,6090,3.418001651763916
8,6091,3.3956503868103027
8,6092,3.460289716720581
8,6093,3.366938591003418
8,6094,3.4487967491149902
8,6095,3.4444096088409424
8,6096,3.4580674171447754
8,6097,3.3536109924316406
8,6098,3.452742576599121
8,6099,3.4554266929626465
8,6100,3.418036460876465
8,6101,3.423823833465576
8,6102,3.437765598297119
8,6103,3.421525478363037
8,6104,3.4398386478424072
8,6105,3.4615707397460938
8,6106,3.4720137119293213
8,6107,3.4234695434570312
8,6108,3.487370252609253
8,6109,3.4188876152038574
8,6110,3.518390655517578
8,6111,3.446512222290039
8,6112,3.409339189529419
8,6113,3.4873836040496826
8,6114,3.4616293907165527
8,6115,3.351071834564209
8,6116,3.45135498046875
8,6117,3.39717435836792
8,6118,3.4618635177612305
8,6119,3.5024545192718506
8,6120,3.4432148933410645
8,6121,3.401163339614868
8,6122,3.3900952339172363
8,6123,3.434483051300049
8,6124,3.422606945037842
8,6125,3.4024147987365723
8,6126,3.5676658153533936
8,6127,3.3973305225372314
8,6128,3.416443347930908
8,6129,3.4928011894226074
8,6130,3.4542555809020996
8,6131,3.618551254272461
8,6132,3.4878551959991455
8,6133,3.4022774696350098
8,6134,3.452651023864746
8,6135,3.439849853515625
8,6136,3.5002713203430176
8,6137,3.411195755004883
8,6138,3.4532241821289062
8,6139,3.4421303272247314
8,6140,3.425032615661621
8,6141,3.5230281352996826
8,6142,3.5552964210510254
8,6143,3.4392316341400146
8,6144,3.4277591705322266
8,6145,3.461256980895996
8,6146,3.466909885406494
8,6147,3.479987144470215
8,6148,3.4220142364501953
8,6149,3.483229160308838
8,6150,3.405796766281128
8,6151,3.473288059234619
8,6152,3.455376148223877
8,6153,3.417759418487549
8,6154,3.4761838912963867
8,6155,3.461378335952759
8,6156,3.394685745239258
8,6157,3.390958309173584
8,6158,3.47342586517334
8,6159,3.3900833129882812
8,6160,3.5050668716430664
8,6161,3.4239821434020996
8,6162,3.378061294555664
8,6163,3.373535633087158
8,6164,3.549241065979004
8,6165,3.3944015502929688
8,6166,3.4176275730133057
8,6167,3.5446836948394775
8,6168,3.4695205688476562
8,6169,3.576622486114502
8,6170,3.4346566200256348
8,6171,3.4534969329833984
8,6172,3.533961296081543
8,6173,3.4299752712249756
8,6174,3.438978433609009
8,6175,3.3772716522216797
8,6176,3.4304096698760986
8,6177,3.4834861755371094
8,6178,3.518369674682617
8,6179,3.425779104232788
8,6180,3.4647440910339355
8,6181,3.5678975582122803
8,6182,3.407395362854004
8,6183,3.451289653778076
8,6184,3.402194023132324
8,6185,3.476595878601074
8,6186,3.495525360107422
8,6187,3.4213593006134033
8,6188,3.437582015991211
8,6189,3.454101800918579
8,6190,3.4555554389953613
8,6191,3.479666233062744
8,6192,3.4200148582458496
8,6193,3.435512065887451
8,6194,3.5306649208068848
8,6195,3.4443793296813965
8,6196,3.4850587844848633
8,6197,3.3632256984710693
8,6198,3.4840025901794434
8,6199,3.4730474948883057
8,6200,3.5088725090026855
8,6201,3.501802682876587
8,6202,3.4828243255615234
8,6203,3.3961901664733887
8,6204,3.3689064979553223
8,6205,3.5159788131713867
8,6206,3.506782293319702
8,6207,3.4303159713745117
8,6208,3.5540425777435303
8,6209,3.4672868251800537
8,6210,3.4433767795562744
8,6211,3.500814199447632
8,6212,3.4147207736968994
8,6213,3.3810462951660156
8,6214,3.4298174381256104
8,6215,3.398529529571533
8,6216,3.568479061126709
8,6217,3.4755444526672363
8,6218,3.454099655151367
8,6219,3.4375386238098145
8,6220,3.4860239028930664
8,6221,3.425166130065918
8,6222,3.502206802368164
8,6223,3.4310226440429688
8,6224,3.4425153732299805
8,6225,3.3911609649658203
8,6226,3.445833683013916
8,6227,3.3540289402008057
8,6228,3.3839690685272217
8,6229,3.4222872257232666
8,6230,3.4679958820343018
8,6231,3.5319275856018066
8,6232,3.404268741607666
8,6233,3.4122695922851562
8,6234,3.4251480102539062
8,6235,3.435986280441284
8,6236,3.4219887256622314
8,6237,3.4384803771972656
8,6238,3.427957773208618
8,6239,3.4557387828826904
8,6240,3.5137734413146973
8,6241,3.431239604949951
8,6242,3.4199283123016357
8,6243,3.37935471534729
8,6244,3.4097530841827393
8,6245,3.426711082458496
8,6246,3.3980789184570312
8,6247,3.4047465324401855
8,6248,3.480379819869995
9,6249,3.366464614868164
9,6250,3.380683183670044
9,6251,3.392760753631592
9,6252,3.4410271644592285
9,6253,3.4379782676696777
9,6254,3.442826747894287
9,6255,3.4314794540405273
9,6256,3.382154941558838
9,6257,3.3623361587524414
9,6258,3.4610936641693115
9,6259,3.411254644393921
9,6260,3.4327311515808105
9,6261,3.511505365371704
9,6262,3.5136313438415527
9,6263,3.442017078399658
9,6264,3.4495067596435547
9,6265,3.4830565452575684
9,6266,3.462447166442871
9,6267,3.4187960624694824
9,6268,3.506458282470703
9,6269,3.405254364013672
9,6270,3.4191346168518066
9,6271,3.411284923553467
9,6272,3.441929578781128
9,6273,3.421130418777466
9,6274,3.4667911529541016
9,6275,3.3679182529449463
9,6276,3.481600761413574
9,6277,3.3645591735839844
9,6278,3.496243476867676
9,6279,3.4417831897735596
9,6280,3.406512975692749
9,6281,3.380311965942383
9,6282,3.4031827449798584
9,6283,3.429873466491699
9,6284,3.513950824737549
9,6285,3.4025187492370605
9,6286,3.3695054054260254
9,6287,3.417881488800049
9,6288,3.4403932094573975
9,6289,3.502361297607422
9,6290,3.4694061279296875
9,6291,3.4428272247314453
9,6292,3.474747657775879
9,6293,3.5328493118286133
9,6294,3.439429759979248
9,6295,3.458587169647217
9,6296,3.538896083831787
9,6297,3.3587589263916016
9,6298,3.400582790374756
9,6299,3.3934717178344727
9,6300,3.4272677898406982
9,6301,3.447997570037842
9,6302,3.4019274711608887
9,6303,3.43123459815979
9,6304,3.4429588317871094
9,6305,3.4617462158203125
9,6306,3.4727935791015625
9,6307,3.464444160461426
9,6308,3.4055581092834473
9,6309,3.4439568519592285
9,6310,3.454529047012329
9,6311,3.3577988147735596
9,6312,3.4316015243530273
9,6313,3.487175941467285
9,6314,3.4817495346069336
9,6315,3.4428863525390625
9,6316,3.398159980773926
9,6317,3.5173516273498535
9,6318,3.4068312644958496
9,6319,3.4768600463867188
9,6320,3.402989387512207
9,6321,3.391108512878418
9,6322,3.424677848815918
9,6323,3.3240790367126465
9,6324,3.39851975440979
9,6325,3.439331531524658
9,6326,3.5575318336486816
9,6327,3.467942237854004
9,6328,3.5030980110168457
9,6329,3.4495062828063965
9,6330,3.4159417152404785
9,6331,3.4984211921691895
9,6332,3.499127149581909
9,6333,3.4283735752105713
9,6334,3.373978614807129
9,6335,3.377206325531006
9,6336,3.4082860946655273
9,6337,3.513707160949707
9,6338,3.4960765838623047
9,6339,3.374382257461548
9,6340,3.3694889545440674
9,6341,3.365131378173828
9,6342,3.3772521018981934
9,6343,3.398069143295288
9,6344,3.477677345275879
9,6345,3.4378862380981445
9,6346,3.392369031906128
9,6347,3.4094789028167725
9,6348,3.42431640625
9,6349,3.447932004928589
9,6350,3.462195634841919
9,6351,3.4275150299072266
9,6352,3.399482488632202
9,6353,3.4833598136901855
9,6354,3.5154452323913574
9,6355,3.4485578536987305
9,6356,3.4509739875793457
9,6357,3.3995118141174316
9,6358,3.4485771656036377
9,6359,3.3867268562316895
9,6360,3.490342140197754
9,6361,3.4127256870269775
9,6362,3.440476894378662
9,6363,3.4352598190307617
9,6364,3.418971538543701
9,6365,3.4449071884155273
9,6366,3.491419792175293
9,6367,3.4583020210266113
9,6368,3.437105178833008
9,6369,3.4872777462005615
9,6370,3.384974479675293
9,6371,3.4823873043060303
9,6372,3.391977310180664
9,6373,3.4593377113342285
9,6374,3.3835184574127197
9,6375,3.5164856910705566
9,6376,3.5227210521698
9,6377,3.4001173973083496
9,6378,3.4209232330322266
9,6379,3.351375102996826
9,6380,3.376415252685547
9,6381,3.507847785949707
9,6382,3.4059932231903076
9,6383,3.425443649291992
9,6384,3.5012381076812744
9,6385,3.441127300262451
9,6386,3.4119207859039307
9,6387,3.4527554512023926
9,6388,3.425929069519043
9,6389,3.431988000869751
9,6390,3.4678351879119873
9,6391,3.543423891067505
9,6392,3.555365562438965
9,6393,3.4616713523864746
9,6394,3.4550814628601074
9,6395,3.413656711578369
9,6396,3.455599308013916
9,6397,3.4601662158966064
9,6398,3.450155258178711
9,6399,3.4914278984069824
9,6400,3.5194129943847656
9,6401,3.4488728046417236
9,6402,3.5261807441711426
9,6403,3.4175667762756348
9,6404,3.48348331451416
9,6405,3.410148859024048
9,6406,3.403589963912964
9,6407,3.51589035987854
9,6408,3.455437183380127
9,6409,3.3807144165039062
9,6410,3.440399169921875
9,6411,3.398707866668701
9,6412,3.3825876712799072
9,6413,3.442105770111084
9,6414,3.444331645965576
9,6415,3.3668065071105957
9,6416,3.4791676998138428
9,6417,3.490973472595215
9,6418,3.464250087738037
9,6419,3.4738755226135254
9,6420,3.4249658584594727
9,6421,3.4925155639648438
9,6422,3.5348474979400635
9,6423,3.465906858444214
9,6424,3.4078023433685303
9,6425,3.429594039916992
9,6426,3.500596523284912
9,6427,3.521852731704712
9,6428,3.3888204097747803
9,6429,3.4336142539978027
9,6430,3.424379348754883
9,6431,3.342128038406372
9,6432,3.41253662109375
9,6433,3.3869118690490723
9,6434,3.520735025405884
9,6435,3.367845058441162
9,6436,3.4014158248901367
9,6437,3.4231557846069336
9,6438,3.4290194511413574
9,6439,3.538233995437622
9,6440,3.4883549213409424
9,6441,3.4557323455810547
9,6442,3.543415069580078
9,6443,3.4827189445495605
9,6444,3.376176118850708
9,6445,3.442533016204834
9,6446,3.456986665725708
9,6447,3.458314895629883
9,6448,3.4227793216705322
9,6449,3.4272754192352295
9,6450,3.4089064598083496
9,6451,3.352919816970825
9,6452,3.4252662658691406
9,6453,3.4710023403167725
9,6454,3.418668746948242
9,6455,3.5307137966156006
9,6456,3.464029550552368
9,6457,3.501194953918457
9,6458,3.4652059078216553
9,6459,3.408998966217041
9,6460,3.3416779041290283
9,6461,3.414273262023926
9,6462,3.490792989730835
9,6463,3.4147706031799316
9,6464,3.4318926334381104
9,6465,3.3930647373199463
9,6466,3.4337284564971924
9,6467,3.4785375595092773
9,6468,3.4789180755615234
9,6469,3.5417394638061523
9,6470,3.5061490535736084
9,6471,3.454655408859253
9,6472,3.4381189346313477
9,6473,3.42549729347229
9,6474,3.463648557662964
9,6475,3.4624452590942383
9,6476,3.425199508666992
9,6477,3.424316883087158
9,6478,3.4011783599853516
9,6479,3.4484004974365234
9,6480,3.3584792613983154
9,6481,3.425826072692871
9,6482,3.460925579071045
9,6483,3.390383720397949
9,6484,3.5426807403564453
9,6485,3.4496068954467773
9,6486,3.4426820278167725
9,6487,3.410916328430176
9,6488,3.42319393157959
9,6489,3.3681254386901855
9,6490,3.486205816268921
9,6491,3.449185848236084
9,6492,3.4929001331329346
9,6493,3.4549803733825684
9,6494,3.5051398277282715
9,6495,3.4906082153320312
9,6496,3.449483871459961
9,6497,3.467780590057373
9,6498,3.462848424911499
9,6499,3.401597023010254
9,6500,3.5692532062530518
9,6501,3.4732298851013184
9,6502,3.4887354373931885
9,6503,3.3964476585388184
9,6504,3.423992395401001
9,6505,3.4895076751708984
9,6506,3.438326835632324
9,6507,3.4013161659240723
9,6508,3.4249558448791504
9,6509,3.4303369522094727
9,6510,3.407255172729492
9,6511,3.4629039764404297
9,6512,3.5156946182250977
9,6513,3.5046002864837646
9,6514,3.42867374420166
9,6515,3.4398856163024902
9,6516,3.447847604751587
9,6517,3.470304489135742
9,6518,3.4023823738098145
9,6519,3.4664273262023926
9,6520,3.4706175327301025
9,6521,3.417518138885498
9,6522,3.4780874252319336
9,6523,3.4785895347595215
9,6524,3.5220775604248047
9,6525,3.468780040740967
9,6526,3.441444158554077
9,6527,3.5452194213867188
9,6528,3.416689872741699
9,6529,3.5106468200683594
9,6530,3.46830415725708
9,6531,3.5226197242736816
9,6532,3.5460638999938965
9,6533,3.535425901412964
9,6534,3.4350175857543945
9,6535,3.5296919345855713
9,6536,3.439467430114746
9,6537,3.4359116554260254
9,6538,3.4999585151672363
9,6539,3.4508731365203857
9,6540,3.466421604156494
9,6541,3.498746395111084
9,6542,3.452829122543335
9,6543,3.441617965698242
9,6544,3.4818801879882812
9,6545,3.4333655834198
9,6546,3.460358142852783
9,6547,3.424259662628174
9,6548,3.424246311187744
9,6549,3.4677257537841797
9,6550,3.5427722930908203
9,6551,3.470201015472412
9,6552,3.430675506591797
9,6553,3.4408135414123535
9,6554,3.4306790828704834
9,6555,3.4114019870758057
9,6556,3.398432970046997
9,6557,3.472109794616699
9,6558,3.390796661376953
9,6559,3.4380123615264893
9,6560,3.441610097885132
9,6561,3.4141621589660645
9,6562,3.4486966133117676
9,6563,3.4257912635803223
9,6564,3.4231128692626953
9,6565,3.426328659057617
9,6566,3.429307699203491
9,6567,3.3872976303100586
9,6568,3.576355218887329
9,6569,3.422940254211426
9,6570,3.5172314643859863
9,6571,3.3945975303649902
9,6572,3.3808670043945312
9,6573,3.460655689239502
9,6574,3.390153408050537
9,6575,3.4032516479492188
9,6576,3.465721607208252
9,6577,3.4296202659606934
9,6578,3.5259017944335938
9,6579,3.456181049346924
9,6580,3.4589803218841553
9,6581,3.3870201110839844
9,6582,3.4180424213409424
9,6583,3.441953182220459
9,6584,3.402817964553833
9,6585,3.4404044151306152
9,6586,3.4323740005493164
9,6587,3.42824125289917
9,6588,3.388014793395996
9,6589,3.4582488536834717
9,6590,3.429771900177002
9,6591,3.4989123344421387
9,6592,3.4359018802642822
9,6593,3.4308767318725586
9,6594,3.389002561569214
9,6595,3.4288225173950195
9,6596,3.4266624450683594
9,6597,3.4089436531066895
9,6598,3.4727957248687744
9,6599,3.4108481407165527
9,6600,3.404383659362793
9,6601,3.423170804977417
9,6602,3.4425783157348633
9,6603,3.504270076751709
9,6604,3.4709973335266113
9,6605,3.491962432861328
9,6606,3.484436511993408
9,6607,3.464709997177124
9,6608,3.466282367706299
9,6609,3.423021078109741
9,6610,3.3904948234558105
9,6611,3.5246427059173584
9,6612,3.43392276763916
9,6613,3.3554420471191406
9,6614,3.4532299041748047
9,6615,3.467393398284912
9,6616,3.5123186111450195
9,6617,3.42579984664917
9,6618,3.4247734546661377
9,6619,3.503394842147827
9,6620,3.381570816040039
9,6621,3.410921812057495
9,6622,3.4509220123291016
9,6623,3.3799328804016113
9,6624,3.4244279861450195
9,6625,3.471189022064209
9,6626,3.411473512649536
9,6627,3.4423556327819824
9,6628,3.3933606147766113
9,6629,3.4392142295837402
9,6630,3.3983473777770996
9,6631,3.479652166366577
9,6632,3.4677135944366455
9,6633,3.4852523803710938
9,6634,3.4152719974517822
9,6635,3.575228452682495
9,6636,3.5013928413391113
9,6637,3.469271183013916
9,6638,3.4809439182281494
9,6639,3.498356342315674
9,6640,3.3943824768066406
9,6641,3.3754425048828125
9,6642,3.4171314239501953
9,6643,3.555851459503174
9,6644,3.435992956161499
9,6645,3.4388084411621094
9,6646,3.474821090698242
9,6647,3.4556596279144287
9,6648,3.4594497680664062
9,6649,3.4230973720550537
9,6650,3.487856388092041
9,6651,3.4215378761291504
9,6652,3.5259909629821777
9,6653,3.357856512069702
9,6654,3.4292612075805664
9,6655,3.4699063301086426
9,6656,3.4334640502929688
9,6657,3.3716282844543457
9,6658,3.4840197563171387
9,6659,3.5019426345825195
9,6660,3.4141478538513184
9,6661,3.4597585201263428
9,6662,3.5102787017822266
9,6663,3.387759208679199
9,6664,3.46161150932312
9,6665,3.445035934448242
9,6666,3.450148582458496
9,6667,3.386153221130371
9,6668,3.412074327468872
9,6669,3.4469988346099854
9,6670,3.437436580657959
9,6671,3.446776866912842
9,6672,3.4793448448181152
9,6673,3.440577507019043
9,6674,3.451024055480957
9,6675,3.4577693939208984
9,6676,3.4276132583618164
9,6677,3.424664258956909
9,6678,3.4351158142089844
9,6679,3.4220926761627197
9,6680,3.446727991104126
9,6681,3.452744483947754
9,6682,3.4458863735198975
9,6683,3.449718713760376
9,6684,3.433729410171509
9,6685,3.350935220718384
9,6686,3.355691432952881
9,6687,3.426270008087158
9,6688,3.436530351638794
9,6689,3.532120943069458
9,6690,3.418684482574463
9,6691,3.4614787101745605
9,6692,3.3500404357910156
9,6693,3.4354968070983887
9,6694,3.4516963958740234
9,6695,3.402860641479492
9,6696,3.4361207485198975
9,6697,3.560659885406494
9,6698,3.428030490875244
9,6699,3.5001657009124756
9,6700,3.455601215362549
9,6701,3.392184257507324
9,6702,3.5405962467193604
9,6703,3.473388433456421
9,6704,3.423243761062622
9,6705,3.372972249984741
9,6706,3.388566493988037
9,6707,3.3996167182922363
9,6708,3.630969524383545
9,6709,3.4326047897338867
9,6710,3.4865047931671143
9,6711,3.4574966430664062
9,6712,3.476017713546753
9,6713,3.422870397567749
9,6714,3.482079267501831
9,6715,3.413247585296631
9,6716,3.471628427505493
9,6717,3.3743083477020264
9,6718,3.444838047027588
9,6719,3.323396921157837
9,6720,3.488076686859131
9,6721,3.4508609771728516
9,6722,3.503418207168579
9,6723,3.411087989807129
9,6724,3.425985097885132
9,6725,3.342168092727661
9,6726,3.50030517578125
9,6727,3.3908190727233887
9,6728,3.527155876159668
9,6729,3.4579529762268066
9,6730,3.5269765853881836
9,6731,3.4344587326049805
9,6732,3.3610422611236572
9,6733,3.479541301727295
9,6734,3.415987014770508
9,6735,3.4639487266540527
9,6736,3.421051502227783
9,6737,3.3713600635528564
9,6738,3.446991443634033
9,6739,3.449486494064331
9,6740,3.5175719261169434
9,6741,3.4410619735717773
9,6742,3.4517199993133545
9,6743,3.357001543045044
9,6744,3.50545072555542
9,6745,3.4685254096984863
9,6746,3.38126277923584
9,6747,3.449246883392334
9,6748,3.443981170654297
9,6749,3.4775547981262207
9,6750,3.457085132598877
9,6751,3.4594688415527344
9,6752,3.4194767475128174
9,6753,3.4222230911254883
9,6754,3.380659580230713
9,6755,3.4478793144226074
9,6756,3.4741604328155518
9,6757,3.468325614929199
9,6758,3.382697582244873
9,6759,3.4103710651397705
9,6760,3.3699100017547607
9,6761,3.4088754653930664
9,6762,3.3880977630615234
9,6763,3.3864145278930664
9,6764,3.472132682800293
9,6765,3.3581693172454834
9,6766,3.3975167274475098
9,6767,3.408881187438965
9,6768,3.450453281402588
9,6769,3.4598395824432373
9,6770,3.3948769569396973
9,6771,3.486412525177002
9,6772,3.5748605728149414
9,6773,3.506195068359375
9,6774,3.433990716934204
9,6775,3.395843982696533
9,6776,3.403866767883301
9,6777,3.4375782012939453
9,6778,3.469531536102295
9,6779,3.4201302528381348
9,6780,3.42470645904541
9,6781,3.361466646194458
9,6782,3.4211232662200928
9,6783,3.455610752105713
9,6784,3.483731985092163
9,6785,3.4137277603149414
9,6786,3.3916070461273193
9,6787,3.486252546310425
9,6788,3.377230644226074
9,6789,3.406893730163574
9,6790,3.394066095352173
9,6791,3.4354963302612305
9,6792,3.488236904144287
9,6793,3.546414375305176
9,6794,3.425477981567383
9,6795,3.4642887115478516
9,6796,3.430595874786377
9,6797,3.4203457832336426
9,6798,3.4121809005737305
9,6799,3.3385329246520996
9,6800,3.476097822189331
9,6801,3.4066386222839355
9,6802,3.4399454593658447
9,6803,3.382164716720581
9,6804,3.4880669116973877
9,6805,3.491973638534546
9,6806,3.4577746391296387
9,6807,3.4628007411956787
9,6808,3.4593164920806885
9,6809,3.4748342037200928
9,6810,3.4226503372192383
9,6811,3.4955942630767822
9,6812,3.392849922180176
9,6813,3.4511077404022217
9,6814,3.460933208465576
9,6815,3.3921611309051514
9,6816,3.5224976539611816
9,6817,3.5033271312713623
9,6818,3.4300029277801514
9,6819,3.3679544925689697
9,6820,3.52571439743042
9,6821,3.3813514709472656
9,6822,3.4608850479125977
9,6823,3.4243879318237305
9,6824,3.420121669769287
9,6825,3.467193126678467
9,6826,3.402010917663574
9,6827,3.5641186237335205
9,6828,3.5060412883758545
9,6829,3.438953161239624
9,6830,3.431642532348633
9,6831,3.4376256465911865
9,6832,3.415288209915161
9,6833,3.4735426902770996
9,6834,3.446068048477173
9,6835,3.377300262451172
9,6836,3.4274678230285645
9,6837,3.450976848602295
9,6838,3.476672649383545
9,6839,3.4370064735412598
9,6840,3.438413381576538
9,6841,3.467484474182129
9,6842,3.4022586345672607
9,6843,3.390994071960449
9,6844,3.368140697479248
9,6845,3.488978385925293
9,6846,3.510962963104248
9,6847,3.4167537689208984
9,6848,3.4360365867614746
9,6849,3.4629006385803223
9,6850,3.5731678009033203
9,6851,3.4858105182647705
9,6852,3.3575706481933594
9,6853,3.4844040870666504
9,6854,3.4218552112579346
9,6855,3.4760851860046387
9,6856,3.3541901111602783
9,6857,3.391406536102295
9,6858,3.4097752571105957
9,6859,3.4418582916259766
9,6860,3.3929429054260254
9,6861,3.434910297393799
9,6862,3.4601097106933594
9,6863,3.389228343963623
9,6864,3.417515277862549
9,6865,3.3790063858032227
9,6866,3.4287333488464355
9,6867,3.4587221145629883
9,6868,3.4457364082336426
9,6869,3.379906415939331
9,6870,3.3935890197753906
9,6871,3.3468470573425293
9,6872,3.429226875305176
9,6873,3.4277548789978027
9,6874,3.4208810329437256
9,6875,3.4309439659118652
9,6876,3.4787158966064453
9,6877,3.4636852741241455
9,6878,3.45456600189209
9,6879,3.440865993499756
9,6880,3.433757781982422
9,6881,3.3902053833007812
9,6882,3.502671241760254
9,6883,3.4184367656707764
9,6884,3.3382463455200195
9,6885,3.5263662338256836
9,6886,3.420563220977783
9,6887,3.458249092102051
9,6888,3.4091956615448
9,6889,3.4166951179504395
9,6890,3.4937961101531982
9,6891,3.366042137145996
9,6892,3.356476306915283
9,6893,3.4555888175964355
9,6894,3.4646544456481934
9,6895,3.387875556945801
9,6896,3.4939963817596436
9,6897,3.406095027923584
9,6898,3.653317928314209
9,6899,3.5205535888671875
9,6900,3.447356700897217
9,6901,3.4493093490600586
9,6902,3.457735300064087
9,6903,3.4576549530029297
9,6904,3.4831769466400146
9,6905,3.370814323425293
9,6906,3.446495532989502
9,6907,3.444936752319336
9,6908,3.406155586242676
9,6909,3.444685220718384
9,6910,3.400581121444702
9,6911,3.5069241523742676
9,6912,3.3943886756896973
9,6913,3.4902639389038086
9,6914,3.5568690299987793
9,6915,3.473966360092163
9,6916,3.444423198699951
9,6917,3.459883213043213
9,6918,3.3583388328552246
9,6919,3.3592519760131836
9,6920,3.47249174118042
9,6921,3.407790184020996
9,6922,3.4664158821105957
9,6923,3.3388137817382812
9,6924,3.4100284576416016
9,6925,3.4189682006835938
9,6926,3.4455080032348633
9,6927,3.3714382648468018
9,6928,3.3920226097106934
9,6929,3.4905049800872803
9,6930,3.4747800827026367
9,6931,3.4594569206237793
9,6932,3.36350417137146
9,6933,3.4516892433166504
9,6934,3.386390209197998
9,6935,3.4906699657440186
9,6936,3.475626230239868
9,6937,3.417548418045044
9,6938,3.5487287044525146
9,6939,3.4814929962158203
9,6940,3.395556926727295
9,6941,3.441218376159668
9,6942,3.509162425994873
9,6943,3.481271266937256
9,6944,3.4339051246643066
9,6945,3.4383504390716553
9,6946,3.3983891010284424
9,6947,3.4794626235961914
9,6948,3.453709125518799
9,6949,3.400399923324585
9,6950,3.5040454864501953
9,6951,3.3933544158935547
9,6952,3.4414010047912598
9,6953,3.4803378582000732
9,6954,3.4431447982788086
9,6955,3.5068814754486084
9,6956,3.4261398315429688
9,6957,3.500028610229492
9,6958,3.3715553283691406
9,6959,3.506829261779785
9,6960,3.493518352508545
9,6961,3.376216411590576
9,6962,3.4419944286346436
9,6963,3.4757163524627686
9,6964,3.5069103240966797
9,6965,3.4200382232666016
9,6966,3.4600741863250732
9,6967,3.468242645263672
9,6968,3.4398488998413086
9,6969,3.5119266510009766
9,6970,3.4801981449127197
9,6971,3.4060964584350586
9,6972,3.3964176177978516
9,6973,3.4245548248291016
9,6974,3.4059364795684814
9,6975,3.4875714778900146
9,6976,3.513756513595581
9,6977,3.4381189346313477
9,6978,3.473381519317627
9,6979,3.397211790084839
9,6980,3.3994140625
9,6981,3.4634687900543213
9,6982,3.406508207321167
9,6983,3.491359233856201
9,6984,3.453580379486084
9,6985,3.4608616828918457
9,6986,3.356842041015625
9,6987,3.4373748302459717
9,6988,3.4837706089019775
9,6989,3.466780662536621
9,6990,3.3795251846313477
9,6991,3.342292308807373
9,6992,3.418635368347168
9,6993,3.4427387714385986
9,6994,3.4562978744506836
9,6995,3.4447808265686035
9,6996,3.400261640548706
9,6997,3.4146103858947754
9,6998,3.4930531978607178
9,6999,3.445500373840332
9,7000,3.4239721298217773
9,7001,3.4626338481903076
9,7002,3.3974316120147705
9,7003,3.3489208221435547
9,7004,3.4268887042999268
9,7005,3.488954544067383
9,7006,3.346731662750244
9,7007,3.4472174644470215
9,7008,3.3421740531921387
9,7009,3.572077512741089
9,7010,3.4442386627197266
9,7011,3.4249184131622314
9,7012,3.4119644165039062
9,7013,3.3979644775390625
9,7014,3.3834173679351807
9,7015,3.4940855503082275
9,7016,3.416995048522949
9,7017,3.390834331512451
9,7018,3.427276849746704
9,7019,3.4541568756103516
9,7020,3.389953374862671
9,7021,3.4814586639404297
9,7022,3.434959888458252
9,7023,3.496084213256836
9,7024,3.4325342178344727
9,7025,3.4541635513305664
9,7026,3.465712308883667
9,7027,3.4824888706207275
9,7028,3.5276474952697754
9,7029,3.4250094890594482
10,7030,3.4688119888305664
10,7031,3.401097297668457
10,7032,3.421961545944214
10,7033,3.417004108428955
10,7034,3.451195478439331
10,7035,3.4862046241760254
10,7036,3.393165111541748
10,7037,3.4404797554016113
10,7038,3.406013011932373
10,7039,3.490051746368408
10,7040,3.3756532669067383
10,7041,3.3881845474243164
10,7042,3.4132447242736816
10,7043,3.6090824604034424
10,7044,3.3909974098205566
10,7045,3.483733654022217
10,7046,3.3860323429107666
10,7047,3.4942574501037598
10,7048,3.503999948501587
10,7049,3.4070444107055664
10,7050,3.513233184814453
10,7051,3.443847179412842
10,7052,3.4490549564361572
10,7053,3.4133174419403076
10,7054,3.3544483184814453
10,7055,3.3965353965759277
10,7056,3.4467649459838867
10,7057,3.4339592456817627
10,7058,3.4355130195617676
10,7059,3.4731955528259277
10,7060,3.4611732959747314
10,7061,3.380688190460205
10,7062,3.5603513717651367
10,7063,3.391356945037842
10,7064,3.4217605590820312
10,7065,3.481081962585449
10,7066,3.375582218170166
10,7067,3.411463737487793
10,7068,3.4135427474975586
10,7069,3.3840699195861816
10,7070,3.382936954498291
10,7071,3.3707523345947266
10,7072,3.4009041786193848
10,7073,3.3935747146606445
10,7074,3.4321651458740234
10,7075,3.344102382659912
10,7076,3.426253318786621
10,7077,3.4885194301605225
10,7078,3.363286256790161
10,7079,3.476900577545166
10,7080,3.400500774383545
10,7081,3.391237258911133
10,7082,3.4241364002227783
10,7083,3.4033422470092773
10,7084,3.3732454776763916
10,7085,3.407559633255005
10,7086,3.4729413986206055
10,7087,3.332484483718872
10,7088,3.41678786277771
10,7089,3.448364734649658
10,7090,3.3862574100494385
10,7091,3.3697919845581055
10,7092,3.4615273475646973
10,7093,3.4589695930480957
10,7094,3.387307643890381
10,7095,3.498790740966797
10,7096,3.5771172046661377
10,7097,3.434748649597168
10,7098,3.376408338546753
10,7099,3.4309701919555664
10,7100,3.488945245742798
10,7101,3.393829107284546
10,7102,3.342355489730835
10,7103,3.4187917709350586
10,7104,3.400726556777954
10,7105,3.3702218532562256
10,7106,3.4753968715667725
10,7107,3.3684778213500977
10,7108,3.5104172229766846
10,7109,3.3668928146362305
10,7110,3.46566104888916
10,7111,3.456362247467041
10,7112,3.4006009101867676
10,7113,3.484264373779297
10,7114,3.380589485168457
10,7115,3.4068634510040283
10,7116,3.4353222846984863
10,7117,3.4311275482177734
10,7118,3.3869504928588867
10,7119,3.423488140106201
10,7120,3.4968514442443848
10,7121,3.428957223892212
10,7122,3.4852662086486816
10,7123,3.50815749168396
10,7124,3.3915483951568604
10,7125,3.4321649074554443
10,7126,3.402672529220581
10,7127,3.443328619003296
10,7128,3.3858165740966797
10,7129,3.3823585510253906
10,7130,3.4184823036193848
10,7131,3.4471828937530518
10,7132,3.389660596847534
10,7133,3.5251076221466064
10,7134,3.4014127254486084
10,7135,3.421081066131592
10,7136,3.450723648071289
10,7137,3.4062976837158203
10,7138,3.540902614593506
10,7139,3.4354515075683594
10,7140,3.418566942214966
10,7141,3.4018425941467285
10,7142,3.439389705657959
10,7143,3.488743782043457
10,7144,3.4184927940368652
10,7145,3.4329304695129395
10,7146,3.421792507171631
10,7147,3.461357831954956
10,7148,3.4259347915649414
10,7149,3.385450601577759
10,7150,3.4900474548339844
10,7151,3.4275126457214355
10,7152,3.4065895080566406
10,7153,3.5219061374664307
10,7154,3.3877501487731934
10,7155,3.3963465690612793
10,7156,3.381875514984131
10,7157,3.3797097206115723
10,7158,3.3910346031188965
10,7159,3.3839192390441895
10,7160,3.4777159690856934
10,7161,3.423405885696411
10,7162,3.409409523010254
10,7163,3.3793270587921143
10,7164,3.4655709266662598
10,7165,3.4416704177856445
10,7166,3.3641464710235596
10,7167,3.4306344985961914
10,7168,3.438660144805908
10,7169,3.4303040504455566
10,7170,3.470780611038208
10,7171,3.4102468490600586
10,7172,3.439016819000244
10,7173,3.4740495681762695
10,7174,3.454634189605713
10,7175,3.473087787628174
10,7176,3.4258878231048584
10,7177,3.399433135986328
10,7178,3.365140199661255
10,7179,3.4535269737243652
10,7180,3.4228758811950684
10,7181,3.3947644233703613
10,7182,3.3752427101135254
10,7183,3.448147773742676
10,7184,3.4982457160949707
10,7185,3.413177967071533
10,7186,3.4098355770111084
10,7187,3.406002998352051
10,7188,3.4109292030334473
10,7189,3.459273099899292
10,7190,3.4089014530181885
10,7191,3.5224928855895996
10,7192,3.4409379959106445
10,7193,3.4261136054992676
10,7194,3.481809139251709
10,7195,3.355280637741089
10,7196,3.3794612884521484
10,7197,3.343454599380493
10,7198,3.4548444747924805
10,7199,3.4541218280792236
10,7200,3.417006015777588
10,7201,3.4004316329956055
10,7202,3.4190969467163086
10,7203,3.488734722137451
10,7204,3.4117512702941895
10,7205,3.42543363571167
10,7206,3.4237332344055176
10,7207,3.4883532524108887
10,7208,3.407168388366699
10,7209,3.378958225250244
10,7210,3.430652141571045
10,7211,3.408839225769043
10,7212,3.399686336517334
10,7213,3.3493947982788086
10,7214,3.4213175773620605
10,7215,3.3914527893066406
10,7216,3.4395859241485596
10,7217,3.51107120513916
10,7218,3.423001289367676
10,7219,3.423844814300537
10,7220,3.41241192817688
10,7221,3.5028762817382812
10,7222,3.4572787284851074
10,7223,3.410529136657715
10,7224,3.498263359069824
10,7225,3.434601068496704
10,7226,3.50058650970459
10,7227,3.339548110961914
10,7228,3.4981534481048584
10,7229,3.409419298171997
10,7230,3.3777408599853516
10,7231,3.431774616241455
10,7232,3.4780683517456055
10,7233,3.378499984741211
10,7234,3.4229445457458496
10,7235,3.3885140419006348
10,7236,3.454052209854126
10,7237,3.3836143016815186
10,7238,3.466500759124756
10,7239,3.389726161956787
10,7240,3.3624119758605957
10,7241,3.4581422805786133
10,7242,3.489203453063965
10,7243,3.4611868858337402
10,7244,3.4779300689697266
10,7245,3.3827662467956543
10,7246,3.4279139041900635
10,7247,3.3840205669403076
10,7248,3.4183926582336426
10,7249,3.4786267280578613
10,7250,3.4394702911376953
10,7251,3.368311643600464
10,7252,3.5061113834381104
10,7253,3.4527268409729004
10,7254,3.4018654823303223
10,7255,3.4385476112365723
10,7256,3.567493438720703
10,7257,3.4378345012664795
10,7258,3.410198211669922
10,7259,3.4771463871002197
10,7260,3.482180118560791
10,7261,3.3260178565979004
10,7262,3.5426573753356934
10,7263,3.4387588500976562
10,7264,3.5010433197021484
10,7265,3.4218692779541016
10,7266,3.451727867126465
10,7267,3.4369404315948486
10,7268,3.4731991291046143
10,7269,3.399783134460449
10,7270,3.490081787109375
10,7271,3.4714293479919434
10,7272,3.4106407165527344
10,7273,3.5413124561309814
10,7274,3.4883623123168945
10,7275,3.4816815853118896
10,7276,3.4084360599517822
10,7277,3.458484172821045
10,7278,3.429497241973877
10,7279,3.469712257385254
10,7280,3.472205877304077
10,7281,3.3528735637664795
10,7282,3.4114527702331543
10,7283,3.5372350215911865
10,7284,3.4024457931518555
10,7285,3.4113054275512695
10,7286,3.3684630393981934
10,7287,3.4532814025878906
10,7288,3.337846279144287
10,7289,3.405939817428589
10,7290,3.3964080810546875
10,7291,3.404435873031616
10,7292,3.3983561992645264
10,7293,3.3391425609588623
10,7294,3.3593361377716064
10,7295,3.372683525085449
10,7296,3.438934087753296
10,7297,3.4095797538757324
10,7298,3.4286739826202393
10,7299,3.3709230422973633
10,7300,3.3788352012634277
10,7301,3.4082112312316895
10,7302,3.40718936920166
10,7303,3.3731956481933594
10,7304,3.452171802520752
10,7305,3.397933006286621
10,7306,3.468198299407959
10,7307,3.4309470653533936
10,7308,3.433065414428711
10,7309,3.402733325958252
10,7310,3.3573079109191895
10,7311,3.5062081813812256
10,7312,3.401667594909668
10,7313,3.494642496109009
10,7314,3.3980517387390137
10,7315,3.385815143585205
10,7316,3.390721082687378
10,7317,3.403532028198242
10,7318,3.393972873687744
10,7319,3.410862445831299
10,7320,3.4478378295898438
10,7321,3.435678243637085
10,7322,3.4217276573181152
10,7323,3.458690643310547
10,7324,3.3767662048339844
10,7325,3.3799798488616943
10,7326,3.453138828277588
10,7327,3.437410831451416
10,7328,3.530494213104248
10,7329,3.485982894897461
10,7330,3.429892063140869
10,7331,3.4559693336486816
10,7332,3.4140756130218506
10,7333,3.4103307723999023
10,7334,3.3265581130981445
10,7335,3.317864418029785
10,7336,3.445159673690796
10,7337,3.4910006523132324
10,7338,3.4577062129974365
10,7339,3.458174705505371
10,7340,3.4734554290771484
10,7341,3.4679760932922363
10,7342,3.390477418899536
10,7343,3.3973705768585205
10,7344,3.4206016063690186
10,7345,3.4771437644958496
10,7346,3.346698522567749
10,7347,3.4791791439056396
10,7348,3.4652585983276367
10,7349,3.501964807510376
10,7350,3.470564842224121
10,7351,3.4156265258789062
10,7352,3.4725446701049805
10,7353,3.422971248626709
10,7354,3.4863057136535645
10,7355,3.5505452156066895
10,7356,3.488027572631836
10,7357,3.3760757446289062
10,7358,3.396763801574707
10,7359,3.432467222213745
10,7360,3.5193967819213867
10,7361,3.460949182510376
10,7362,3.43084716796875
10,7363,3.521186590194702
10,7364,3.4221580028533936
10,7365,3.508329391479492
10,7366,3.417210578918457
10,7367,3.4490413665771484
10,7368,3.380398988723755
10,7369,3.4694228172302246
10,7370,3.410029411315918
10,7371,3.45670485496521
10,7372,3.4848976135253906
10,7373,3.4945363998413086
10,7374,3.520221471786499
10,7375,3.4432241916656494
10,7376,3.40483021736145
10,7377,3.518561601638794
10,7378,3.4014790058135986
10,7379,3.44041109085083
10,7380,3.389292001724243
10,7381,3.422307014465332
10,7382,3.3336591720581055
10,7383,3.4148151874542236
10,7384,3.370635986328125
10,7385,3.4513211250305176
10,7386,3.4365243911743164
10,7387,3.45595383644104
10,7388,3.465521812438965
10,7389,3.465006113052368
10,7390,3.416762113571167
10,7391,3.413590431213379
10,7392,3.473797559738159
10,7393,3.4499716758728027
10,7394,3.471369743347168
10,7395,3.370969772338867
10,7396,3.424799680709839
10,7397,3.4394567012786865
10,7398,3.3313188552856445
10,7399,3.414191484451294
10,7400,3.294753074645996
10,7401,3.442049264907837
10,7402,3.4379444122314453
10,7403,3.366530418395996
10,7404,3.488330125808716
10,7405,3.3966245651245117
10,7406,3.4088611602783203
10,7407,3.454644203186035
10,7408,3.332278251647949
10,7409,3.4514503479003906
10,7410,3.4184460639953613
10,7411,3.59458589553833
10,7412,3.3718113899230957
10,7413,3.382080316543579
10,7414,3.4326276779174805
10,7415,3.3918089866638184
10,7416,3.4641966819763184
10,7417,3.382662296295166
10,7418,3.4351956844329834
10,7419,3.4741408824920654
10,7420,3.4469642639160156
10,7421,3.4946343898773193
10,7422,3.4277451038360596
10,7423,3.4253902435302734
10,7424,3.344508171081543
10,7425,3.539018154144287
10,7426,3.4749274253845215
10,7427,3.419739246368408
10,7428,3.4216413497924805
10,7429,3.4137072563171387
10,7430,3.3856616020202637
10,7431,3.4874773025512695
10,7432,3.4528510570526123
10,7433,3.362727642059326
10,7434,3.4368560314178467
10,7435,3.435168743133545
10,7436,3.4128167629241943
10,7437,3.439399242401123
10,7438,3.4616594314575195
10,7439,3.5063729286193848
10,7440,3.318037509918213
10,7441,3.54091739654541
10,7442,3.363816261291504
10,7443,3.3984756469726562
10,7444,3.4514431953430176
10,7445,3.408757209777832
10,7446,3.348830223083496
10,7447,3.500429153442383
10,7448,3.427171468734741
10,7449,3.418015956878662
10,7450,3.4095873832702637
10,7451,3.361415386199951
10,7452,3.522428274154663
10,7453,3.4110631942749023
10,7454,3.5078482627868652
10,7455,3.4454236030578613
10,7456,3.436255931854248
10,7457,3.4408888816833496
10,7458,3.41603422164917
10,7459,3.4799344539642334
10,7460,3.4134085178375244
10,7461,3.3879988193511963
10,7462,3.5008294582366943
10,7463,3.3413612842559814
10,7464,3.4076547622680664
10,7465,3.453701972961426
10,7466,3.4292171001434326
10,7467,3.4004714488983154
10,7468,3.4242806434631348
10,7469,3.4293808937072754
10,7470,3.4337189197540283
10,7471,3.376067638397217
10,7472,3.3705410957336426
10,7473,3.3963162899017334
10,7474,3.3859100341796875
10,7475,3.4736037254333496
10,7476,3.3961451053619385
10,7477,3.4261083602905273
10,7478,3.4658803939819336
10,7479,3.442600727081299
10,7480,3.3685789108276367
10,7481,3.4413747787475586
10,7482,3.4182522296905518
10,7483,3.445183753967285
10,7484,3.391951084136963
10,7485,3.4496734142303467
10,7486,3.4165797233581543
10,7487,3.4497766494750977
10,7488,3.4984753131866455
10,7489,3.400690793991089
10,7490,3.3578085899353027
10,7491,3.4321484565734863
10,7492,3.5152640342712402
10,7493,3.3585634231567383
10,7494,3.4304933547973633
10,7495,3.4420197010040283
10,7496,3.4300379753112793
10,7497,3.4616336822509766
10,7498,3.347909688949585
10,7499,3.479717254638672
10,7500,3.3800950050354004
10,7501,3.4482712745666504
10,7502,3.4342434406280518
10,7503,3.3537139892578125
10,7504,3.446247100830078
10,7505,3.4708383083343506
10,7506,3.436988353729248
10,7507,3.46270751953125
10,7508,3.3968043327331543
10,7509,3.405117988586426
10,7510,3.41646671295166
10,7511,3.406834125518799
10,7512,3.405345916748047
10,7513,3.410867214202881
10,7514,3.4255807399749756
10,7515,3.5192174911499023
10,7516,3.5060534477233887
10,7517,3.359933376312256
10,7518,3.4388089179992676
10,7519,3.511895179748535
10,7520,3.5222065448760986
10,7521,3.352048397064209
10,7522,3.4145283699035645
10,7523,3.3655102252960205
10,7524,3.4386229515075684
10,7525,3.428511619567871
10,7526,3.4491989612579346
10,7527,3.424952983856201
10,7528,3.473414182662964
10,7529,3.3951048851013184
10,7530,3.412588357925415
10,7531,3.355745792388916
10,7532,3.355090618133545
10,7533,3.437453031539917
10,7534,3.4231679439544678
10,7535,3.445187568664551
10,7536,3.3768551349639893
10,7537,3.4597487449645996
10,7538,3.496776580810547
10,7539,3.3943750858306885
10,7540,3.4328441619873047
10,7541,3.3730599880218506
10,7542,3.3739748001098633
10,7543,3.4723567962646484
10,7544,3.4619193077087402
10,7545,3.4503965377807617
10,7546,3.447923421859741
10,7547,3.3930537700653076
10,7548,3.464069366455078
10,7549,3.3820178508758545
10,7550,3.4309637546539307
10,7551,3.425051212310791
10,7552,3.4247870445251465
10,7553,3.499795913696289
10,7554,3.4067420959472656
10,7555,3.4557886123657227
10,7556,3.450442314147949
10,7557,3.4081602096557617
10,7558,3.391467571258545
10,7559,3.379760980606079
10,7560,3.4252591133117676
10,7561,3.451587200164795
10,7562,3.526505708694458
10,7563,3.3241589069366455
10,7564,3.4600415229797363
10,7565,3.4294869899749756
10,7566,3.4764208793640137
10,7567,3.4288527965545654
10,7568,3.535071611404419
10,7569,3.4295454025268555
10,7570,3.422853708267212
10,7571,3.342641830444336
10,7572,3.504880666732788
10,7573,3.42608380317688
10,7574,3.5582964420318604
10,7575,3.4096295833587646
10,7576,3.4071102142333984
10,7577,3.381030797958374
10,7578,3.437260627746582
10,7579,3.473968982696533
10,7580,3.3934640884399414
10,7581,3.325484037399292
10,7582,3.4238200187683105
10,7583,3.418384075164795
10,7584,3.5013911724090576
10,7585,3.418799877166748
10,7586,3.390413522720337
10,7587,3.4608821868896484
10,7588,3.4309372901916504
10,7589,3.4852004051208496
10,7590,3.46321177482605
10,7591,3.4529755115509033
10,7592,3.4652647972106934
10,7593,3.4155521392822266
10,7594,3.4342308044433594
10,7595,3.3412814140319824
10,7596,3.3665246963500977
10,7597,3.4058542251586914
10,7598,3.449247121810913
10,7599,3.4238715171813965
10,7600,3.4909510612487793
10,7601,3.419860363006592
10,7602,3.415658950805664
10,7603,3.396118640899658
10,7604,3.4085752964019775
10,7605,3.3897545337677
10,7606,3.408031940460205
10,7607,3.417734146118164
10,7608,3.3712868690490723
10,7609,3.408968925476074
10,7610,3.477440357208252
10,7611,3.432504415512085
10,7612,3.3929476737976074
10,7613,3.5036792755126953
10,7614,3.442427158355713
10,7615,3.3541197776794434
10,7616,3.4247522354125977
10,7617,3.357250452041626
10,7618,3.375856399536133
10,7619,3.43278169631958
10,7620,3.424225330352783
10,7621,3.4465441703796387
10,7622,3.4348082542419434
10,7623,3.517167091369629
10,7624,3.4657275676727295
10,7625,3.381865978240967
10,7626,3.44460391998291
10,7627,3.442903995513916
10,7628,3.438004493713379
10,7629,3.4972071647644043
10,7630,3.430295944213867
10,7631,3.407804012298584
10,7632,3.4208998680114746
10,7633,3.4686055183410645
10,7634,3.484102725982666
10,7635,3.38839054107666
10,7636,3.497032403945923
10,7637,3.4272360801696777
10,7638,3.413787364959717
10,7639,3.4328176975250244
10,7640,3.4357547760009766
10,7641,3.4073476791381836
10,7642,3.5687780380249023
10,7643,3.422848701477051
10,7644,3.512293815612793
10,7645,3.5173816680908203
10,7646,3.4065537452697754
10,7647,3.4332189559936523
10,7648,3.4887287616729736
10,7649,3.4446146488189697
10,7650,3.3728106021881104
10,7651,3.4620418548583984
10,7652,3.471695899963379
10,7653,3.4843831062316895
10,7654,3.457854986190796
10,7655,3.4068603515625
10,7656,3.4280362129211426
10,7657,3.5479018688201904
10,7658,3.4690351486206055
10,7659,3.387418270111084
10,7660,3.4180221557617188
10,7661,3.396080732345581
10,7662,3.354166269302368
10,7663,3.4217379093170166
10,7664,3.4217782020568848
10,7665,3.361741781234741
10,7666,3.4120917320251465
10,7667,3.4342315196990967
10,7668,3.46173095703125
10,7669,3.406291961669922
10,7670,3.4405152797698975
10,7671,3.3668012619018555
10,7672,3.4001336097717285
10,7673,3.4480512142181396
10,7674,3.3853650093078613
10,7675,3.371018648147583
10,7676,3.394127368927002
10,7677,3.3448190689086914
10,7678,3.3704848289489746
10,7679,3.444754123687744
10,7680,3.445429801940918
10,7681,3.4037537574768066
10,7682,3.399813175201416
10,7683,3.42807674407959
10,7684,3.477957248687744
10,7685,3.4191837310791016
10,7686,3.3832192420959473
10,7687,3.4556217193603516
10,7688,3.4460229873657227
10,7689,3.4142231941223145
10,7690,3.3965048789978027
10,7691,3.3815765380859375
10,7692,3.380796432495117
10,7693,3.398512601852417
10,7694,3.4026341438293457
10,7695,3.454855442047119
10,7696,3.5184926986694336
10,7697,3.540855884552002
10,7698,3.444014549255371
10,7699,3.369330406188965
10,7700,3.3576011657714844
10,7701,3.453169345855713
10,7702,3.396979808807373
10,7703,3.409949779510498
10,7704,3.3672468662261963
10,7705,3.4077439308166504
10,7706,3.4626803398132324
10,7707,3.455327033996582
10,7708,3.4478015899658203
10,7709,3.3776307106018066
10,7710,3.412081480026245
10,7711,3.400880813598633
10,7712,3.45704984664917
10,7713,3.435873031616211
10,7714,3.4611616134643555
10,7715,3.495368242263794
10,7716,3.463695526123047
10,7717,3.404292106628418
10,7718,3.410429000854492
10,7719,3.4283359050750732
10,7720,3.468611240386963
10,7721,3.4492764472961426
10,7722,3.343841075897217
10,7723,3.396421432495117
10,7724,3.4757771492004395
10,7725,3.4723963737487793
10,7726,3.3804731369018555
10,7727,3.3800792694091797
10,7728,3.5100173950195312
10,7729,3.3791823387145996
10,7730,3.4429311752319336
10,7731,3.457350730895996
10,7732,3.39707612991333
10,7733,3.45308780670166
10,7734,3.4813308715820312
10,7735,3.4206933975219727
10,7736,3.4298136234283447
10,7737,3.4681496620178223
10,7738,3.3661980628967285
10,7739,3.4217355251312256
10,7740,3.391022205352783
10,7741,3.4134440422058105
10,7742,3.4978199005126953
10,7743,3.47021222114563
10,7744,3.387326240539551
10,7745,3.4902305603027344
10,7746,3.4466352462768555
10,7747,3.416139602661133
10,7748,3.4187681674957275
10,7749,3.3999757766723633
10,7750,3.4444069862365723
10,7751,3.3790321350097656
10,7752,3.3590102195739746
10,7753,3.418450355529785
10,7754,3.578052520751953
10,7755,3.562901020050049
10,7756,3.42675518989563
10,7757,3.505019187927246
10,7758,3.3981337547302246
10,7759,3.506470203399658
10,7760,3.458932638168335
10,7761,3.4113402366638184
10,7762,3.4685921669006348
10,7763,3.403338670730591
10,7764,3.383711814880371
10,7765,3.456001043319702
10,7766,3.416214942932129
10,7767,3.5291104316711426
10,7768,3.4221034049987793
10,7769,3.4007091522216797
10,7770,3.411172866821289
10,7771,3.492274522781372
10,7772,3.376716136932373
10,7773,3.396958112716675
10,7774,3.4125657081604004
10,7775,3.3936166763305664
10,7776,3.3939640522003174
10,7777,3.4819602966308594
10,7778,3.387089490890503
10,7779,3.356304168701172
10,7780,3.418675422668457
10,7781,3.4174211025238037
10,7782,3.4280121326446533
10,7783,3.431985855102539
10,7784,3.479917526245117
10,7785,3.5001578330993652
10,7786,3.475039482116699
10,7787,3.4337663650512695
10,7788,3.4166758060455322
10,7789,3.4243083000183105
10,7790,3.3925652503967285
10,7791,3.368654489517212
10,7792,3.3560280799865723
10,7793,3.375426769256592
10,7794,3.4035840034484863
10,7795,3.4390358924865723
10,7796,3.345465660095215
10,7797,3.4596481323242188
10,7798,3.42075514793396
10,7799,3.5143585205078125
10,7800,3.4092469215393066
10,7801,3.2994332313537598
10,7802,3.4247817993164062
10,7803,3.3543038368225098
10,7804,3.4462802410125732
10,7805,3.4200754165649414
10,7806,3.4499096870422363
10,7807,3.4188895225524902
10,7808,3.3926074504852295
10,7809,3.3974552154541016
10,7810,3.389024257659912
